ISO-10303-21;
HEADER;
/* Generated by software containing ST-Developer
 * from STEP Tools, Inc. (www.steptools.com) 
 */

FILE_DESCRIPTION(
/* description */ (''),
/* implementation_level */ '2;1');

FILE_NAME(
/* name */ 'Bottom.step',
/* time_stamp */ '2026-02-26T20:05:34+02:00',
/* author */ (''),
/* organization */ (''),
/* preprocessor_version */ 'ST-DEVELOPER v20.1',
/* originating_system */ 'Autodesk Translation Framework v14.24.0.0',
/* authorisation */ '');

FILE_SCHEMA (('AUTOMOTIVE_DESIGN { 1 0 10303 214 3 1 1 }'));
ENDSEC;

DATA;
#10=MECHANICAL_DESIGN_GEOMETRIC_PRESENTATION_REPRESENTATION('',(#13),#2851);
#11=SHAPE_REPRESENTATION_RELATIONSHIP('SRR','None',#2858,#12);
#12=ADVANCED_BREP_SHAPE_REPRESENTATION('',(#14),#2850);
#13=STYLED_ITEM('',(#2868),#14);
#14=MANIFOLD_SOLID_BREP('Body1',#1663);
#15=(
BOUNDED_CURVE()
B_SPLINE_CURVE(2,(#2528,#2529,#2530),.UNSPECIFIED.,.F.,.F.)
B_SPLINE_CURVE_WITH_KNOTS((3,3),(0.188460067452874,0.376920134905748),
 .UNSPECIFIED.)
CURVE()
GEOMETRIC_REPRESENTATION_ITEM()
RATIONAL_B_SPLINE_CURVE((1.,1.04083299973294,1.))
REPRESENTATION_ITEM('')
);
#16=(
BOUNDED_CURVE()
B_SPLINE_CURVE(2,(#2557,#2558,#2559),.UNSPECIFIED.,.F.,.F.)
B_SPLINE_CURVE_WITH_KNOTS((3,3),(0.,0.188460067452869),.UNSPECIFIED.)
CURVE()
GEOMETRIC_REPRESENTATION_ITEM()
RATIONAL_B_SPLINE_CURVE((1.,1.040832999733,1.))
REPRESENTATION_ITEM('')
);
#17=(
BOUNDED_CURVE()
B_SPLINE_CURVE(2,(#2601,#2602,#2603),.UNSPECIFIED.,.F.,.F.)
B_SPLINE_CURVE_WITH_KNOTS((3,3),(0.188460067452873,0.376920134905745),
 .UNSPECIFIED.)
CURVE()
GEOMETRIC_REPRESENTATION_ITEM()
RATIONAL_B_SPLINE_CURVE((1.,1.04083299973305,1.))
REPRESENTATION_ITEM('')
);
#18=(
BOUNDED_CURVE()
B_SPLINE_CURVE(2,(#2630,#2631,#2632),.UNSPECIFIED.,.F.,.F.)
B_SPLINE_CURVE_WITH_KNOTS((3,3),(0.,0.188460067452874),.UNSPECIFIED.)
CURVE()
GEOMETRIC_REPRESENTATION_ITEM()
RATIONAL_B_SPLINE_CURVE((1.,1.04083299973307,1.))
REPRESENTATION_ITEM('')
);
#19=CONICAL_SURFACE('',#1731,3.25,0.785398163397454);
#20=CONICAL_SURFACE('',#1735,7.25,0.785398163397455);
#21=CONICAL_SURFACE('',#1739,3.25,0.785398163397448);
#22=CONICAL_SURFACE('',#1753,3.25,0.785398163397446);
#23=CONICAL_SURFACE('',#1757,7.24999999999998,0.785398163397449);
#24=CONICAL_SURFACE('',#1761,3.25,0.785398163397447);
#25=CONICAL_SURFACE('',#1776,2.75,0.463647609000806);
#26=CONICAL_SURFACE('',#1779,3.25,0.463647609000805);
#27=CONICAL_SURFACE('',#1783,2.75,0.463647609000806);
#28=CONICAL_SURFACE('',#1786,7.25,0.463647609000811);
#29=CONICAL_SURFACE('',#1790,3.25,0.463647609000804);
#30=CONICAL_SURFACE('',#1792,3.25,0.463647609000805);
#31=CONICAL_SURFACE('',#1796,7.24999999999998,0.463647609000806);
#32=CONICAL_SURFACE('',#1798,2.75,0.463647609000805);
#33=CONICAL_SURFACE('',#1803,3.25,0.463647609000806);
#34=CONICAL_SURFACE('',#1805,2.75,0.463647609000806);
#35=FACE_BOUND('',#209,.T.);
#36=FACE_BOUND('',#210,.T.);
#37=FACE_BOUND('',#211,.T.);
#38=FACE_BOUND('',#212,.T.);
#39=FACE_BOUND('',#213,.T.);
#40=FACE_BOUND('',#227,.T.);
#41=FACE_BOUND('',#240,.T.);
#42=FACE_BOUND('',#266,.T.);
#43=FACE_BOUND('',#267,.T.);
#44=FACE_BOUND('',#290,.T.);
#45=PLANE('',#1680);
#46=PLANE('',#1684);
#47=PLANE('',#1695);
#48=PLANE('',#1698);
#49=PLANE('',#1701);
#50=PLANE('',#1702);
#51=PLANE('',#1707);
#52=PLANE('',#1710);
#53=PLANE('',#1713);
#54=PLANE('',#1714);
#55=PLANE('',#1717);
#56=PLANE('',#1730);
#57=PLANE('',#1734);
#58=PLANE('',#1738);
#59=PLANE('',#1744);
#60=PLANE('',#1747);
#61=PLANE('',#1750);
#62=PLANE('',#1752);
#63=PLANE('',#1756);
#64=PLANE('',#1760);
#65=PLANE('',#1766);
#66=PLANE('',#1769);
#67=PLANE('',#1772);
#68=PLANE('',#1774);
#69=PLANE('',#1775);
#70=PLANE('',#1781);
#71=PLANE('',#1782);
#72=PLANE('',#1788);
#73=PLANE('',#1789);
#74=PLANE('',#1794);
#75=PLANE('',#1795);
#76=PLANE('',#1801);
#77=PLANE('',#1802);
#78=PLANE('',#1808);
#79=PLANE('',#1811);
#80=PLANE('',#1814);
#81=PLANE('',#1819);
#82=PLANE('',#1822);
#83=PLANE('',#1825);
#84=PLANE('',#1828);
#85=PLANE('',#1833);
#86=PLANE('',#1834);
#87=PLANE('',#1837);
#88=PLANE('',#1840);
#89=PLANE('',#1843);
#90=PLANE('',#1846);
#91=PLANE('',#1849);
#92=PLANE('',#1852);
#93=FACE_OUTER_BOUND('',#189,.T.);
#94=FACE_OUTER_BOUND('',#190,.T.);
#95=FACE_OUTER_BOUND('',#191,.T.);
#96=FACE_OUTER_BOUND('',#192,.T.);
#97=FACE_OUTER_BOUND('',#193,.T.);
#98=FACE_OUTER_BOUND('',#194,.T.);
#99=FACE_OUTER_BOUND('',#195,.T.);
#100=FACE_OUTER_BOUND('',#196,.T.);
#101=FACE_OUTER_BOUND('',#197,.T.);
#102=FACE_OUTER_BOUND('',#198,.T.);
#103=FACE_OUTER_BOUND('',#199,.T.);
#104=FACE_OUTER_BOUND('',#200,.T.);
#105=FACE_OUTER_BOUND('',#201,.T.);
#106=FACE_OUTER_BOUND('',#202,.T.);
#107=FACE_OUTER_BOUND('',#203,.T.);
#108=FACE_OUTER_BOUND('',#204,.T.);
#109=FACE_OUTER_BOUND('',#205,.T.);
#110=FACE_OUTER_BOUND('',#206,.T.);
#111=FACE_OUTER_BOUND('',#207,.T.);
#112=FACE_OUTER_BOUND('',#208,.T.);
#113=FACE_OUTER_BOUND('',#214,.T.);
#114=FACE_OUTER_BOUND('',#215,.T.);
#115=FACE_OUTER_BOUND('',#216,.T.);
#116=FACE_OUTER_BOUND('',#217,.T.);
#117=FACE_OUTER_BOUND('',#218,.T.);
#118=FACE_OUTER_BOUND('',#219,.T.);
#119=FACE_OUTER_BOUND('',#220,.T.);
#120=FACE_OUTER_BOUND('',#221,.T.);
#121=FACE_OUTER_BOUND('',#222,.T.);
#122=FACE_OUTER_BOUND('',#223,.T.);
#123=FACE_OUTER_BOUND('',#224,.T.);
#124=FACE_OUTER_BOUND('',#225,.T.);
#125=FACE_OUTER_BOUND('',#226,.T.);
#126=FACE_OUTER_BOUND('',#228,.T.);
#127=FACE_OUTER_BOUND('',#229,.T.);
#128=FACE_OUTER_BOUND('',#230,.T.);
#129=FACE_OUTER_BOUND('',#231,.T.);
#130=FACE_OUTER_BOUND('',#232,.T.);
#131=FACE_OUTER_BOUND('',#233,.T.);
#132=FACE_OUTER_BOUND('',#234,.T.);
#133=FACE_OUTER_BOUND('',#235,.T.);
#134=FACE_OUTER_BOUND('',#236,.T.);
#135=FACE_OUTER_BOUND('',#237,.T.);
#136=FACE_OUTER_BOUND('',#238,.T.);
#137=FACE_OUTER_BOUND('',#239,.T.);
#138=FACE_OUTER_BOUND('',#241,.T.);
#139=FACE_OUTER_BOUND('',#242,.T.);
#140=FACE_OUTER_BOUND('',#243,.T.);
#141=FACE_OUTER_BOUND('',#244,.T.);
#142=FACE_OUTER_BOUND('',#245,.T.);
#143=FACE_OUTER_BOUND('',#246,.T.);
#144=FACE_OUTER_BOUND('',#247,.T.);
#145=FACE_OUTER_BOUND('',#248,.T.);
#146=FACE_OUTER_BOUND('',#249,.T.);
#147=FACE_OUTER_BOUND('',#250,.T.);
#148=FACE_OUTER_BOUND('',#251,.T.);
#149=FACE_OUTER_BOUND('',#252,.T.);
#150=FACE_OUTER_BOUND('',#253,.T.);
#151=FACE_OUTER_BOUND('',#254,.T.);
#152=FACE_OUTER_BOUND('',#255,.T.);
#153=FACE_OUTER_BOUND('',#256,.T.);
#154=FACE_OUTER_BOUND('',#257,.T.);
#155=FACE_OUTER_BOUND('',#258,.T.);
#156=FACE_OUTER_BOUND('',#259,.T.);
#157=FACE_OUTER_BOUND('',#260,.T.);
#158=FACE_OUTER_BOUND('',#261,.T.);
#159=FACE_OUTER_BOUND('',#262,.T.);
#160=FACE_OUTER_BOUND('',#263,.T.);
#161=FACE_OUTER_BOUND('',#264,.T.);
#162=FACE_OUTER_BOUND('',#265,.T.);
#163=FACE_OUTER_BOUND('',#268,.T.);
#164=FACE_OUTER_BOUND('',#269,.T.);
#165=FACE_OUTER_BOUND('',#270,.T.);
#166=FACE_OUTER_BOUND('',#271,.T.);
#167=FACE_OUTER_BOUND('',#272,.T.);
#168=FACE_OUTER_BOUND('',#273,.T.);
#169=FACE_OUTER_BOUND('',#274,.T.);
#170=FACE_OUTER_BOUND('',#275,.T.);
#171=FACE_OUTER_BOUND('',#276,.T.);
#172=FACE_OUTER_BOUND('',#277,.T.);
#173=FACE_OUTER_BOUND('',#278,.T.);
#174=FACE_OUTER_BOUND('',#279,.T.);
#175=FACE_OUTER_BOUND('',#280,.T.);
#176=FACE_OUTER_BOUND('',#281,.T.);
#177=FACE_OUTER_BOUND('',#282,.T.);
#178=FACE_OUTER_BOUND('',#283,.T.);
#179=FACE_OUTER_BOUND('',#284,.T.);
#180=FACE_OUTER_BOUND('',#285,.T.);
#181=FACE_OUTER_BOUND('',#286,.T.);
#182=FACE_OUTER_BOUND('',#287,.T.);
#183=FACE_OUTER_BOUND('',#288,.T.);
#184=FACE_OUTER_BOUND('',#289,.T.);
#185=FACE_OUTER_BOUND('',#291,.T.);
#186=FACE_OUTER_BOUND('',#292,.T.);
#187=FACE_OUTER_BOUND('',#293,.T.);
#188=FACE_OUTER_BOUND('',#294,.T.);
#189=EDGE_LOOP('',(#1063,#1064,#1065,#1066));
#190=EDGE_LOOP('',(#1067,#1068,#1069,#1070));
#191=EDGE_LOOP('',(#1071,#1072,#1073,#1074));
#192=EDGE_LOOP('',(#1075,#1076,#1077,#1078,#1079,#1080,#1081,#1082,#1083,
#1084,#1085,#1086,#1087,#1088,#1089,#1090,#1091,#1092,#1093,#1094,#1095,
#1096,#1097,#1098));
#193=EDGE_LOOP('',(#1099,#1100,#1101,#1102));
#194=EDGE_LOOP('',(#1103,#1104,#1105,#1106));
#195=EDGE_LOOP('',(#1107,#1108,#1109,#1110));
#196=EDGE_LOOP('',(#1111,#1112,#1113,#1114));
#197=EDGE_LOOP('',(#1115,#1116,#1117,#1118));
#198=EDGE_LOOP('',(#1119,#1120,#1121,#1122));
#199=EDGE_LOOP('',(#1123,#1124,#1125,#1126));
#200=EDGE_LOOP('',(#1127,#1128,#1129,#1130));
#201=EDGE_LOOP('',(#1131,#1132,#1133,#1134));
#202=EDGE_LOOP('',(#1135,#1136,#1137,#1138));
#203=EDGE_LOOP('',(#1139,#1140,#1141,#1142));
#204=EDGE_LOOP('',(#1143,#1144,#1145,#1146));
#205=EDGE_LOOP('',(#1147,#1148,#1149,#1150));
#206=EDGE_LOOP('',(#1151,#1152,#1153,#1154));
#207=EDGE_LOOP('',(#1155,#1156,#1157,#1158));
#208=EDGE_LOOP('',(#1159,#1160,#1161,#1162,#1163,#1164,#1165,#1166));
#209=EDGE_LOOP('',(#1167));
#210=EDGE_LOOP('',(#1168));
#211=EDGE_LOOP('',(#1169));
#212=EDGE_LOOP('',(#1170));
#213=EDGE_LOOP('',(#1171,#1172,#1173,#1174,#1175,#1176,#1177,#1178,#1179,
#1180,#1181,#1182,#1183,#1184,#1185,#1186,#1187,#1188,#1189,#1190,#1191,
#1192,#1193,#1194));
#214=EDGE_LOOP('',(#1195,#1196,#1197,#1198));
#215=EDGE_LOOP('',(#1199,#1200,#1201,#1202));
#216=EDGE_LOOP('',(#1203,#1204,#1205,#1206));
#217=EDGE_LOOP('',(#1207,#1208,#1209,#1210));
#218=EDGE_LOOP('',(#1211,#1212,#1213,#1214));
#219=EDGE_LOOP('',(#1215,#1216,#1217,#1218));
#220=EDGE_LOOP('',(#1219,#1220,#1221,#1222));
#221=EDGE_LOOP('',(#1223,#1224,#1225,#1226));
#222=EDGE_LOOP('',(#1227,#1228,#1229,#1230));
#223=EDGE_LOOP('',(#1231,#1232,#1233,#1234));
#224=EDGE_LOOP('',(#1235,#1236,#1237,#1238));
#225=EDGE_LOOP('',(#1239,#1240,#1241,#1242));
#226=EDGE_LOOP('',(#1243,#1244,#1245,#1246,#1247,#1248));
#227=EDGE_LOOP('',(#1249));
#228=EDGE_LOOP('',(#1250,#1251,#1252,#1253,#1254,#1255,#1256,#1257,#1258,
#1259));
#229=EDGE_LOOP('',(#1260,#1261,#1262,#1263));
#230=EDGE_LOOP('',(#1264,#1265,#1266,#1267));
#231=EDGE_LOOP('',(#1268,#1269,#1270,#1271));
#232=EDGE_LOOP('',(#1272,#1273,#1274,#1275));
#233=EDGE_LOOP('',(#1276,#1277,#1278,#1279));
#234=EDGE_LOOP('',(#1280,#1281,#1282,#1283));
#235=EDGE_LOOP('',(#1284,#1285,#1286,#1287));
#236=EDGE_LOOP('',(#1288,#1289,#1290,#1291));
#237=EDGE_LOOP('',(#1292,#1293,#1294,#1295));
#238=EDGE_LOOP('',(#1296,#1297,#1298,#1299));
#239=EDGE_LOOP('',(#1300,#1301,#1302,#1303,#1304,#1305));
#240=EDGE_LOOP('',(#1306));
#241=EDGE_LOOP('',(#1307,#1308,#1309,#1310,#1311,#1312,#1313,#1314,#1315,
#1316));
#242=EDGE_LOOP('',(#1317,#1318,#1319,#1320));
#243=EDGE_LOOP('',(#1321,#1322,#1323,#1324));
#244=EDGE_LOOP('',(#1325,#1326,#1327,#1328));
#245=EDGE_LOOP('',(#1329,#1330,#1331,#1332));
#246=EDGE_LOOP('',(#1333,#1334,#1335,#1336));
#247=EDGE_LOOP('',(#1337,#1338,#1339,#1340));
#248=EDGE_LOOP('',(#1341,#1342,#1343,#1344));
#249=EDGE_LOOP('',(#1345,#1346,#1347,#1348));
#250=EDGE_LOOP('',(#1349,#1350,#1351,#1352));
#251=EDGE_LOOP('',(#1353,#1354,#1355,#1356));
#252=EDGE_LOOP('',(#1357,#1358,#1359,#1360));
#253=EDGE_LOOP('',(#1361,#1362,#1363,#1364));
#254=EDGE_LOOP('',(#1365,#1366,#1367,#1368));
#255=EDGE_LOOP('',(#1369,#1370,#1371,#1372));
#256=EDGE_LOOP('',(#1373,#1374,#1375,#1376));
#257=EDGE_LOOP('',(#1377,#1378,#1379,#1380));
#258=EDGE_LOOP('',(#1381,#1382,#1383,#1384));
#259=EDGE_LOOP('',(#1385,#1386,#1387,#1388));
#260=EDGE_LOOP('',(#1389,#1390,#1391,#1392));
#261=EDGE_LOOP('',(#1393,#1394,#1395,#1396));
#262=EDGE_LOOP('',(#1397,#1398,#1399,#1400));
#263=EDGE_LOOP('',(#1401,#1402,#1403,#1404));
#264=EDGE_LOOP('',(#1405,#1406,#1407,#1408));
#265=EDGE_LOOP('',(#1409,#1410,#1411,#1412,#1413,#1414,#1415,#1416,#1417,
#1418,#1419,#1420,#1421,#1422,#1423,#1424,#1425,#1426,#1427,#1428));
#266=EDGE_LOOP('',(#1429));
#267=EDGE_LOOP('',(#1430));
#268=EDGE_LOOP('',(#1431,#1432,#1433,#1434));
#269=EDGE_LOOP('',(#1435));
#270=EDGE_LOOP('',(#1436,#1437,#1438,#1439));
#271=EDGE_LOOP('',(#1440));
#272=EDGE_LOOP('',(#1441,#1442,#1443,#1444));
#273=EDGE_LOOP('',(#1445));
#274=EDGE_LOOP('',(#1446,#1447,#1448,#1449));
#275=EDGE_LOOP('',(#1450));
#276=EDGE_LOOP('',(#1451,#1452,#1453,#1454));
#277=EDGE_LOOP('',(#1455,#1456,#1457,#1458));
#278=EDGE_LOOP('',(#1459,#1460,#1461,#1462));
#279=EDGE_LOOP('',(#1463,#1464,#1465,#1466));
#280=EDGE_LOOP('',(#1467,#1468,#1469,#1470));
#281=EDGE_LOOP('',(#1471,#1472,#1473,#1474));
#282=EDGE_LOOP('',(#1475,#1476,#1477,#1478));
#283=EDGE_LOOP('',(#1479,#1480,#1481,#1482));
#284=EDGE_LOOP('',(#1483,#1484,#1485,#1486));
#285=EDGE_LOOP('',(#1487,#1488,#1489,#1490));
#286=EDGE_LOOP('',(#1491,#1492,#1493,#1494));
#287=EDGE_LOOP('',(#1495,#1496,#1497,#1498));
#288=EDGE_LOOP('',(#1499,#1500,#1501,#1502));
#289=EDGE_LOOP('',(#1503,#1504,#1505,#1506,#1507,#1508,#1509,#1510));
#290=EDGE_LOOP('',(#1511,#1512,#1513,#1514,#1515,#1516,#1517,#1518));
#291=EDGE_LOOP('',(#1519,#1520,#1521,#1522));
#292=EDGE_LOOP('',(#1523,#1524,#1525,#1526));
#293=EDGE_LOOP('',(#1527,#1528,#1529,#1530));
#294=EDGE_LOOP('',(#1531,#1532,#1533,#1534));
#295=LINE('',#2365,#447);
#296=LINE('',#2368,#448);
#297=LINE('',#2371,#449);
#298=LINE('',#2373,#450);
#299=LINE('',#2374,#451);
#300=LINE('',#2380,#452);
#301=LINE('',#2383,#453);
#302=LINE('',#2385,#454);
#303=LINE('',#2387,#455);
#304=LINE('',#2391,#456);
#305=LINE('',#2395,#457);
#306=LINE('',#2399,#458);
#307=LINE('',#2403,#459);
#308=LINE('',#2407,#460);
#309=LINE('',#2411,#461);
#310=LINE('',#2415,#462);
#311=LINE('',#2419,#463);
#312=LINE('',#2423,#464);
#313=LINE('',#2427,#465);
#314=LINE('',#2428,#466);
#315=LINE('',#2431,#467);
#316=LINE('',#2434,#468);
#317=LINE('',#2437,#469);
#318=LINE('',#2438,#470);
#319=LINE('',#2441,#471);
#320=LINE('',#2444,#472);
#321=LINE('',#2446,#473);
#322=LINE('',#2449,#474);
#323=LINE('',#2450,#475);
#324=LINE('',#2454,#476);
#325=LINE('',#2458,#477);
#326=LINE('',#2460,#478);
#327=LINE('',#2463,#479);
#328=LINE('',#2466,#480);
#329=LINE('',#2469,#481);
#330=LINE('',#2470,#482);
#331=LINE('',#2474,#483);
#332=LINE('',#2477,#484);
#333=LINE('',#2478,#485);
#334=LINE('',#2481,#486);
#335=LINE('',#2482,#487);
#336=LINE('',#2486,#488);
#337=LINE('',#2490,#489);
#338=LINE('',#2494,#490);
#339=LINE('',#2498,#491);
#340=LINE('',#2502,#492);
#341=LINE('',#2515,#493);
#342=LINE('',#2519,#494);
#343=LINE('',#2520,#495);
#344=LINE('',#2522,#496);
#345=LINE('',#2524,#497);
#346=LINE('',#2534,#498);
#347=LINE('',#2539,#499);
#348=LINE('',#2540,#500);
#349=LINE('',#2541,#501);
#350=LINE('',#2545,#502);
#351=LINE('',#2551,#503);
#352=LINE('',#2552,#504);
#353=LINE('',#2553,#505);
#354=LINE('',#2564,#506);
#355=LINE('',#2567,#507);
#356=LINE('',#2570,#508);
#357=LINE('',#2571,#509);
#358=LINE('',#2574,#510);
#359=LINE('',#2578,#511);
#360=LINE('',#2579,#512);
#361=LINE('',#2582,#513);
#362=LINE('',#2585,#514);
#363=LINE('',#2590,#515);
#364=LINE('',#2592,#516);
#365=LINE('',#2594,#517);
#366=LINE('',#2596,#518);
#367=LINE('',#2597,#519);
#368=LINE('',#2607,#520);
#369=LINE('',#2612,#521);
#370=LINE('',#2613,#522);
#371=LINE('',#2614,#523);
#372=LINE('',#2618,#524);
#373=LINE('',#2624,#525);
#374=LINE('',#2625,#526);
#375=LINE('',#2626,#527);
#376=LINE('',#2637,#528);
#377=LINE('',#2640,#529);
#378=LINE('',#2643,#530);
#379=LINE('',#2644,#531);
#380=LINE('',#2647,#532);
#381=LINE('',#2651,#533);
#382=LINE('',#2652,#534);
#383=LINE('',#2655,#535);
#384=LINE('',#2658,#536);
#385=LINE('',#2663,#537);
#386=LINE('',#2665,#538);
#387=LINE('',#2667,#539);
#388=LINE('',#2669,#540);
#389=LINE('',#2670,#541);
#390=LINE('',#2673,#542);
#391=LINE('',#2675,#543);
#392=LINE('',#2676,#544);
#393=LINE('',#2680,#545);
#394=LINE('',#2685,#546);
#395=LINE('',#2689,#547);
#396=LINE('',#2691,#548);
#397=LINE('',#2692,#549);
#398=LINE('',#2695,#550);
#399=LINE('',#2696,#551);
#400=LINE('',#2699,#552);
#401=LINE('',#2704,#553);
#402=LINE('',#2708,#554);
#403=LINE('',#2709,#555);
#404=LINE('',#2712,#556);
#405=LINE('',#2713,#557);
#406=LINE('',#2716,#558);
#407=LINE('',#2720,#559);
#408=LINE('',#2724,#560);
#409=LINE('',#2725,#561);
#410=LINE('',#2728,#562);
#411=LINE('',#2729,#563);
#412=LINE('',#2733,#564);
#413=LINE('',#2738,#565);
#414=LINE('',#2742,#566);
#415=LINE('',#2743,#567);
#416=LINE('',#2747,#568);
#417=LINE('',#2748,#569);
#418=LINE('',#2749,#570);
#419=LINE('',#2752,#571);
#420=LINE('',#2757,#572);
#421=LINE('',#2760,#573);
#422=LINE('',#2763,#574);
#423=LINE('',#2767,#575);
#424=LINE('',#2768,#576);
#425=LINE('',#2778,#577);
#426=LINE('',#2783,#578);
#427=LINE('',#2788,#579);
#428=LINE('',#2793,#580);
#429=LINE('',#2797,#581);
#430=LINE('',#2799,#582);
#431=LINE('',#2802,#583);
#432=LINE('',#2806,#584);
#433=LINE('',#2808,#585);
#434=LINE('',#2809,#586);
#435=LINE('',#2812,#587);
#436=LINE('',#2816,#588);
#437=LINE('',#2817,#589);
#438=LINE('',#2820,#590);
#439=LINE('',#2824,#591);
#440=LINE('',#2825,#592);
#441=LINE('',#2828,#593);
#442=LINE('',#2832,#594);
#443=LINE('',#2833,#595);
#444=LINE('',#2840,#596);
#445=LINE('',#2843,#597);
#446=LINE('',#2844,#598);
#447=VECTOR('',#1859,10.);
#448=VECTOR('',#1862,10.);
#449=VECTOR('',#1865,10.);
#450=VECTOR('',#1866,10.);
#451=VECTOR('',#1867,10.);
#452=VECTOR('',#1872,10.);
#453=VECTOR('',#1875,10.);
#454=VECTOR('',#1878,10.);
#455=VECTOR('',#1879,10.);
#456=VECTOR('',#1882,10.);
#457=VECTOR('',#1885,10.);
#458=VECTOR('',#1888,10.);
#459=VECTOR('',#1891,10.);
#460=VECTOR('',#1894,10.);
#461=VECTOR('',#1897,10.);
#462=VECTOR('',#1900,10.);
#463=VECTOR('',#1903,10.);
#464=VECTOR('',#1906,10.);
#465=VECTOR('',#1911,10.);
#466=VECTOR('',#1912,10.);
#467=VECTOR('',#1915,10.);
#468=VECTOR('',#1918,10.);
#469=VECTOR('',#1921,10.);
#470=VECTOR('',#1922,10.);
#471=VECTOR('',#1925,10.);
#472=VECTOR('',#1928,10.);
#473=VECTOR('',#1931,10.);
#474=VECTOR('',#1934,10.);
#475=VECTOR('',#1935,10.);
#476=VECTOR('',#1940,10.);
#477=VECTOR('',#1945,10.);
#478=VECTOR('',#1948,10.);
#479=VECTOR('',#1951,10.);
#480=VECTOR('',#1954,10.);
#481=VECTOR('',#1957,10.);
#482=VECTOR('',#1958,10.);
#483=VECTOR('',#1963,10.);
#484=VECTOR('',#1966,10.);
#485=VECTOR('',#1967,10.);
#486=VECTOR('',#1970,10.);
#487=VECTOR('',#1971,10.);
#488=VECTOR('',#1976,10.);
#489=VECTOR('',#1979,10.);
#490=VECTOR('',#1982,10.);
#491=VECTOR('',#1985,10.);
#492=VECTOR('',#1988,10.);
#493=VECTOR('',#2001,10.);
#494=VECTOR('',#2006,10.);
#495=VECTOR('',#2007,10.);
#496=VECTOR('',#2010,10.);
#497=VECTOR('',#2013,10.);
#498=VECTOR('',#2018,10.);
#499=VECTOR('',#2023,10.);
#500=VECTOR('',#2024,10.);
#501=VECTOR('',#2025,10.);
#502=VECTOR('',#2028,10.);
#503=VECTOR('',#2035,10.);
#504=VECTOR('',#2036,10.);
#505=VECTOR('',#2037,10.);
#506=VECTOR('',#2046,10.);
#507=VECTOR('',#2049,10.);
#508=VECTOR('',#2052,10.);
#509=VECTOR('',#2053,10.);
#510=VECTOR('',#2056,10.);
#511=VECTOR('',#2061,10.);
#512=VECTOR('',#2062,10.);
#513=VECTOR('',#2065,10.);
#514=VECTOR('',#2070,10.);
#515=VECTOR('',#2075,10.);
#516=VECTOR('',#2076,10.);
#517=VECTOR('',#2077,10.);
#518=VECTOR('',#2078,10.);
#519=VECTOR('',#2079,10.);
#520=VECTOR('',#2084,10.);
#521=VECTOR('',#2089,10.);
#522=VECTOR('',#2090,10.);
#523=VECTOR('',#2091,10.);
#524=VECTOR('',#2094,10.);
#525=VECTOR('',#2101,10.);
#526=VECTOR('',#2102,10.);
#527=VECTOR('',#2103,10.);
#528=VECTOR('',#2112,10.);
#529=VECTOR('',#2115,10.);
#530=VECTOR('',#2118,10.);
#531=VECTOR('',#2119,10.);
#532=VECTOR('',#2122,10.);
#533=VECTOR('',#2127,10.);
#534=VECTOR('',#2128,10.);
#535=VECTOR('',#2131,10.);
#536=VECTOR('',#2136,10.);
#537=VECTOR('',#2141,10.);
#538=VECTOR('',#2142,10.);
#539=VECTOR('',#2143,10.);
#540=VECTOR('',#2144,10.);
#541=VECTOR('',#2145,10.);
#542=VECTOR('',#2148,10.);
#543=VECTOR('',#2149,10.);
#544=VECTOR('',#2150,10.);
#545=VECTOR('',#2153,10.);
#546=VECTOR('',#2160,10.);
#547=VECTOR('',#2165,10.);
#548=VECTOR('',#2166,10.);
#549=VECTOR('',#2167,10.);
#550=VECTOR('',#2170,10.);
#551=VECTOR('',#2171,10.);
#552=VECTOR('',#2174,10.);
#553=VECTOR('',#2181,10.);
#554=VECTOR('',#2186,10.);
#555=VECTOR('',#2187,10.);
#556=VECTOR('',#2190,10.);
#557=VECTOR('',#2191,10.);
#558=VECTOR('',#2194,10.);
#559=VECTOR('',#2199,10.);
#560=VECTOR('',#2204,10.);
#561=VECTOR('',#2205,10.);
#562=VECTOR('',#2208,10.);
#563=VECTOR('',#2209,10.);
#564=VECTOR('',#2214,10.);
#565=VECTOR('',#2219,10.);
#566=VECTOR('',#2224,10.);
#567=VECTOR('',#2225,10.);
#568=VECTOR('',#2228,10.);
#569=VECTOR('',#2229,10.);
#570=VECTOR('',#2230,10.);
#571=VECTOR('',#2233,10.);
#572=VECTOR('',#2240,10.);
#573=VECTOR('',#2245,10.);
#574=VECTOR('',#2248,10.);
#575=VECTOR('',#2253,10.);
#576=VECTOR('',#2254,10.);
#577=VECTOR('',#2267,2.2);
#578=VECTOR('',#2274,2.2);
#579=VECTOR('',#2281,2.2);
#580=VECTOR('',#2288,2.2);
#581=VECTOR('',#2295,4.);
#582=VECTOR('',#2298,4.);
#583=VECTOR('',#2303,10.);
#584=VECTOR('',#2308,10.);
#585=VECTOR('',#2309,10.);
#586=VECTOR('',#2310,10.);
#587=VECTOR('',#2313,10.);
#588=VECTOR('',#2318,10.);
#589=VECTOR('',#2319,10.);
#590=VECTOR('',#2322,10.);
#591=VECTOR('',#2327,10.);
#592=VECTOR('',#2328,10.);
#593=VECTOR('',#2331,10.);
#594=VECTOR('',#2336,10.);
#595=VECTOR('',#2337,10.);
#596=VECTOR('',#2346,10.);
#597=VECTOR('',#2351,10.);
#598=VECTOR('',#2352,10.);
#599=CIRCLE('',#1678,1.);
#600=CIRCLE('',#1679,1.);
#601=CIRCLE('',#1682,1.);
#602=CIRCLE('',#1683,1.);
#603=CIRCLE('',#1685,1.);
#604=CIRCLE('',#1686,1.);
#605=CIRCLE('',#1687,1.);
#606=CIRCLE('',#1688,1.);
#607=CIRCLE('',#1689,1.);
#608=CIRCLE('',#1690,1.);
#609=CIRCLE('',#1691,1.);
#610=CIRCLE('',#1692,1.);
#611=CIRCLE('',#1693,1.);
#612=CIRCLE('',#1694,1.);
#613=CIRCLE('',#1697,1.);
#614=CIRCLE('',#1700,1.);
#615=CIRCLE('',#1704,1.);
#616=CIRCLE('',#1706,1.);
#617=CIRCLE('',#1709,1.);
#618=CIRCLE('',#1712,1.);
#619=CIRCLE('',#1716,1.);
#620=CIRCLE('',#1718,0.987507615073013);
#621=CIRCLE('',#1719,0.987514909138981);
#622=CIRCLE('',#1720,0.987299974599997);
#623=CIRCLE('',#1721,0.9872999746);
#624=CIRCLE('',#1722,2.2);
#625=CIRCLE('',#1723,2.2);
#626=CIRCLE('',#1724,2.2);
#627=CIRCLE('',#1725,2.2);
#628=CIRCLE('',#1726,1.);
#629=CIRCLE('',#1727,1.);
#630=CIRCLE('',#1728,1.);
#631=CIRCLE('',#1732,3.);
#632=CIRCLE('',#1733,3.50000000000001);
#633=CIRCLE('',#1736,7.);
#634=CIRCLE('',#1737,7.5);
#635=CIRCLE('',#1740,3.5);
#636=CIRCLE('',#1741,3.);
#637=CIRCLE('',#1743,3.);
#638=CIRCLE('',#1746,7.5);
#639=CIRCLE('',#1749,3.);
#640=CIRCLE('',#1751,4.);
#641=CIRCLE('',#1754,3.);
#642=CIRCLE('',#1755,3.5);
#643=CIRCLE('',#1758,6.99999999999998);
#644=CIRCLE('',#1759,7.49999999999998);
#645=CIRCLE('',#1762,3.5);
#646=CIRCLE('',#1763,3.);
#647=CIRCLE('',#1765,3.);
#648=CIRCLE('',#1768,7.49999999999998);
#649=CIRCLE('',#1771,3.);
#650=CIRCLE('',#1773,4.);
#651=CIRCLE('',#1777,3.);
#652=CIRCLE('',#1778,2.5);
#653=CIRCLE('',#1780,3.5);
#654=CIRCLE('',#1784,3.);
#655=CIRCLE('',#1785,2.5);
#656=CIRCLE('',#1787,7.);
#657=CIRCLE('',#1791,3.5);
#658=CIRCLE('',#1793,3.5);
#659=CIRCLE('',#1797,6.99999999999998);
#660=CIRCLE('',#1799,3.);
#661=CIRCLE('',#1800,2.5);
#662=CIRCLE('',#1804,3.5);
#663=CIRCLE('',#1806,3.);
#664=CIRCLE('',#1807,2.5);
#665=CIRCLE('',#1810,3.);
#666=CIRCLE('',#1813,3.);
#667=CIRCLE('',#1815,4.);
#668=CIRCLE('',#1816,4.);
#669=CIRCLE('',#1818,2.2);
#670=CIRCLE('',#1821,2.2);
#671=CIRCLE('',#1824,2.2);
#672=CIRCLE('',#1827,2.2);
#673=CIRCLE('',#1836,0.987299974599997);
#674=CIRCLE('',#1839,0.987514909138981);
#675=CIRCLE('',#1842,0.987507615073013);
#676=CIRCLE('',#1845,0.9872999746);
#677=CIRCLE('',#1847,3.);
#678=CIRCLE('',#1848,3.);
#679=VERTEX_POINT('',#2361);
#680=VERTEX_POINT('',#2362);
#681=VERTEX_POINT('',#2364);
#682=VERTEX_POINT('',#2366);
#683=VERTEX_POINT('',#2370);
#684=VERTEX_POINT('',#2372);
#685=VERTEX_POINT('',#2376);
#686=VERTEX_POINT('',#2377);
#687=VERTEX_POINT('',#2379);
#688=VERTEX_POINT('',#2381);
#689=VERTEX_POINT('',#2386);
#690=VERTEX_POINT('',#2388);
#691=VERTEX_POINT('',#2390);
#692=VERTEX_POINT('',#2392);
#693=VERTEX_POINT('',#2394);
#694=VERTEX_POINT('',#2396);
#695=VERTEX_POINT('',#2398);
#696=VERTEX_POINT('',#2400);
#697=VERTEX_POINT('',#2402);
#698=VERTEX_POINT('',#2404);
#699=VERTEX_POINT('',#2406);
#700=VERTEX_POINT('',#2408);
#701=VERTEX_POINT('',#2410);
#702=VERTEX_POINT('',#2412);
#703=VERTEX_POINT('',#2414);
#704=VERTEX_POINT('',#2416);
#705=VERTEX_POINT('',#2418);
#706=VERTEX_POINT('',#2420);
#707=VERTEX_POINT('',#2422);
#708=VERTEX_POINT('',#2426);
#709=VERTEX_POINT('',#2430);
#710=VERTEX_POINT('',#2432);
#711=VERTEX_POINT('',#2436);
#712=VERTEX_POINT('',#2440);
#713=VERTEX_POINT('',#2442);
#714=VERTEX_POINT('',#2448);
#715=VERTEX_POINT('',#2452);
#716=VERTEX_POINT('',#2456);
#717=VERTEX_POINT('',#2462);
#718=VERTEX_POINT('',#2464);
#719=VERTEX_POINT('',#2468);
#720=VERTEX_POINT('',#2472);
#721=VERTEX_POINT('',#2476);
#722=VERTEX_POINT('',#2480);
#723=VERTEX_POINT('',#2484);
#724=VERTEX_POINT('',#2488);
#725=VERTEX_POINT('',#2489);
#726=VERTEX_POINT('',#2491);
#727=VERTEX_POINT('',#2493);
#728=VERTEX_POINT('',#2495);
#729=VERTEX_POINT('',#2497);
#730=VERTEX_POINT('',#2499);
#731=VERTEX_POINT('',#2501);
#732=VERTEX_POINT('',#2504);
#733=VERTEX_POINT('',#2506);
#734=VERTEX_POINT('',#2508);
#735=VERTEX_POINT('',#2510);
#736=VERTEX_POINT('',#2512);
#737=VERTEX_POINT('',#2514);
#738=VERTEX_POINT('',#2517);
#739=VERTEX_POINT('',#2526);
#740=VERTEX_POINT('',#2527);
#741=VERTEX_POINT('',#2531);
#742=VERTEX_POINT('',#2533);
#743=VERTEX_POINT('',#2537);
#744=VERTEX_POINT('',#2538);
#745=VERTEX_POINT('',#2543);
#746=VERTEX_POINT('',#2544);
#747=VERTEX_POINT('',#2549);
#748=VERTEX_POINT('',#2550);
#749=VERTEX_POINT('',#2555);
#750=VERTEX_POINT('',#2556);
#751=VERTEX_POINT('',#2563);
#752=VERTEX_POINT('',#2565);
#753=VERTEX_POINT('',#2569);
#754=VERTEX_POINT('',#2573);
#755=VERTEX_POINT('',#2577);
#756=VERTEX_POINT('',#2581);
#757=VERTEX_POINT('',#2586);
#758=VERTEX_POINT('',#2589);
#759=VERTEX_POINT('',#2591);
#760=VERTEX_POINT('',#2593);
#761=VERTEX_POINT('',#2595);
#762=VERTEX_POINT('',#2599);
#763=VERTEX_POINT('',#2600);
#764=VERTEX_POINT('',#2604);
#765=VERTEX_POINT('',#2606);
#766=VERTEX_POINT('',#2610);
#767=VERTEX_POINT('',#2611);
#768=VERTEX_POINT('',#2616);
#769=VERTEX_POINT('',#2617);
#770=VERTEX_POINT('',#2622);
#771=VERTEX_POINT('',#2623);
#772=VERTEX_POINT('',#2628);
#773=VERTEX_POINT('',#2629);
#774=VERTEX_POINT('',#2636);
#775=VERTEX_POINT('',#2638);
#776=VERTEX_POINT('',#2642);
#777=VERTEX_POINT('',#2646);
#778=VERTEX_POINT('',#2650);
#779=VERTEX_POINT('',#2654);
#780=VERTEX_POINT('',#2659);
#781=VERTEX_POINT('',#2662);
#782=VERTEX_POINT('',#2664);
#783=VERTEX_POINT('',#2666);
#784=VERTEX_POINT('',#2668);
#785=VERTEX_POINT('',#2672);
#786=VERTEX_POINT('',#2674);
#787=VERTEX_POINT('',#2678);
#788=VERTEX_POINT('',#2679);
#789=VERTEX_POINT('',#2684);
#790=VERTEX_POINT('',#2688);
#791=VERTEX_POINT('',#2690);
#792=VERTEX_POINT('',#2694);
#793=VERTEX_POINT('',#2698);
#794=VERTEX_POINT('',#2703);
#795=VERTEX_POINT('',#2707);
#796=VERTEX_POINT('',#2711);
#797=VERTEX_POINT('',#2715);
#798=VERTEX_POINT('',#2719);
#799=VERTEX_POINT('',#2723);
#800=VERTEX_POINT('',#2727);
#801=VERTEX_POINT('',#2731);
#802=VERTEX_POINT('',#2735);
#803=VERTEX_POINT('',#2737);
#804=VERTEX_POINT('',#2741);
#805=VERTEX_POINT('',#2745);
#806=VERTEX_POINT('',#2746);
#807=VERTEX_POINT('',#2751);
#808=VERTEX_POINT('',#2756);
#809=VERTEX_POINT('',#2762);
#810=VERTEX_POINT('',#2766);
#811=VERTEX_POINT('',#2772);
#812=VERTEX_POINT('',#2774);
#813=VERTEX_POINT('',#2777);
#814=VERTEX_POINT('',#2782);
#815=VERTEX_POINT('',#2787);
#816=VERTEX_POINT('',#2792);
#817=VERTEX_POINT('',#2805);
#818=VERTEX_POINT('',#2807);
#819=VERTEX_POINT('',#2811);
#820=VERTEX_POINT('',#2815);
#821=VERTEX_POINT('',#2819);
#822=VERTEX_POINT('',#2823);
#823=VERTEX_POINT('',#2827);
#824=VERTEX_POINT('',#2831);
#825=VERTEX_POINT('',#2837);
#826=VERTEX_POINT('',#2839);
#827=EDGE_CURVE('',#679,#680,#599,.T.);
#828=EDGE_CURVE('',#679,#681,#295,.T.);
#829=EDGE_CURVE('',#681,#682,#600,.T.);
#830=EDGE_CURVE('',#682,#680,#296,.T.);
#831=EDGE_CURVE('',#683,#679,#297,.F.);
#832=EDGE_CURVE('',#684,#683,#298,.T.);
#833=EDGE_CURVE('',#684,#681,#299,.F.);
#834=EDGE_CURVE('',#685,#686,#601,.T.);
#835=EDGE_CURVE('',#685,#687,#300,.T.);
#836=EDGE_CURVE('',#687,#688,#602,.T.);
#837=EDGE_CURVE('',#688,#686,#301,.T.);
#838=EDGE_CURVE('',#680,#685,#302,.F.);
#839=EDGE_CURVE('',#686,#689,#303,.F.);
#840=EDGE_CURVE('',#690,#689,#603,.F.);
#841=EDGE_CURVE('',#690,#691,#304,.T.);
#842=EDGE_CURVE('',#691,#692,#604,.T.);
#843=EDGE_CURVE('',#692,#693,#305,.T.);
#844=EDGE_CURVE('',#693,#694,#605,.T.);
#845=EDGE_CURVE('',#694,#695,#306,.F.);
#846=EDGE_CURVE('',#695,#696,#606,.T.);
#847=EDGE_CURVE('',#696,#697,#307,.T.);
#848=EDGE_CURVE('',#697,#698,#607,.T.);
#849=EDGE_CURVE('',#698,#699,#308,.T.);
#850=EDGE_CURVE('',#700,#699,#608,.F.);
#851=EDGE_CURVE('',#700,#701,#309,.F.);
#852=EDGE_CURVE('',#701,#702,#609,.T.);
#853=EDGE_CURVE('',#702,#703,#310,.F.);
#854=EDGE_CURVE('',#703,#704,#610,.T.);
#855=EDGE_CURVE('',#704,#705,#311,.F.);
#856=EDGE_CURVE('',#706,#705,#611,.F.);
#857=EDGE_CURVE('',#707,#706,#312,.T.);
#858=EDGE_CURVE('',#683,#707,#612,.F.);
#859=EDGE_CURVE('',#688,#708,#313,.F.);
#860=EDGE_CURVE('',#689,#708,#314,.T.);
#861=EDGE_CURVE('',#703,#709,#315,.T.);
#862=EDGE_CURVE('',#709,#710,#613,.T.);
#863=EDGE_CURVE('',#710,#704,#316,.T.);
#864=EDGE_CURVE('',#710,#711,#317,.F.);
#865=EDGE_CURVE('',#705,#711,#318,.T.);
#866=EDGE_CURVE('',#701,#712,#319,.T.);
#867=EDGE_CURVE('',#712,#713,#614,.T.);
#868=EDGE_CURVE('',#713,#702,#320,.T.);
#869=EDGE_CURVE('',#713,#709,#321,.F.);
#870=EDGE_CURVE('',#714,#700,#322,.T.);
#871=EDGE_CURVE('',#714,#712,#323,.F.);
#872=EDGE_CURVE('',#711,#715,#615,.T.);
#873=EDGE_CURVE('',#715,#706,#324,.T.);
#874=EDGE_CURVE('',#716,#684,#616,.T.);
#875=EDGE_CURVE('',#707,#716,#325,.T.);
#876=EDGE_CURVE('',#716,#715,#326,.T.);
#877=EDGE_CURVE('',#693,#717,#327,.T.);
#878=EDGE_CURVE('',#717,#718,#617,.T.);
#879=EDGE_CURVE('',#718,#694,#328,.T.);
#880=EDGE_CURVE('',#718,#719,#329,.F.);
#881=EDGE_CURVE('',#695,#719,#330,.T.);
#882=EDGE_CURVE('',#719,#720,#618,.T.);
#883=EDGE_CURVE('',#720,#696,#331,.T.);
#884=EDGE_CURVE('',#720,#721,#332,.F.);
#885=EDGE_CURVE('',#697,#721,#333,.T.);
#886=EDGE_CURVE('',#722,#692,#334,.T.);
#887=EDGE_CURVE('',#722,#717,#335,.F.);
#888=EDGE_CURVE('',#708,#723,#619,.T.);
#889=EDGE_CURVE('',#723,#690,#336,.T.);
#890=EDGE_CURVE('',#724,#725,#337,.T.);
#891=EDGE_CURVE('',#725,#726,#620,.T.);
#892=EDGE_CURVE('',#726,#727,#338,.T.);
#893=EDGE_CURVE('',#727,#728,#621,.T.);
#894=EDGE_CURVE('',#728,#729,#339,.T.);
#895=EDGE_CURVE('',#729,#730,#622,.T.);
#896=EDGE_CURVE('',#730,#731,#340,.T.);
#897=EDGE_CURVE('',#731,#724,#623,.T.);
#898=EDGE_CURVE('',#732,#732,#624,.T.);
#899=EDGE_CURVE('',#733,#733,#625,.T.);
#900=EDGE_CURVE('',#734,#734,#626,.T.);
#901=EDGE_CURVE('',#735,#735,#627,.T.);
#902=EDGE_CURVE('',#736,#714,#628,.T.);
#903=EDGE_CURVE('',#737,#736,#341,.T.);
#904=EDGE_CURVE('',#721,#737,#629,.T.);
#905=EDGE_CURVE('',#738,#722,#630,.T.);
#906=EDGE_CURVE('',#723,#738,#342,.T.);
#907=EDGE_CURVE('',#682,#687,#343,.F.);
#908=EDGE_CURVE('',#699,#736,#344,.T.);
#909=EDGE_CURVE('',#737,#698,#345,.T.);
#910=EDGE_CURVE('',#739,#740,#15,.F.);
#911=EDGE_CURVE('',#740,#741,#631,.T.);
#912=EDGE_CURVE('',#741,#742,#346,.T.);
#913=EDGE_CURVE('',#742,#739,#632,.T.);
#914=EDGE_CURVE('',#743,#744,#347,.T.);
#915=EDGE_CURVE('',#744,#742,#348,.T.);
#916=EDGE_CURVE('',#741,#743,#349,.T.);
#917=EDGE_CURVE('',#745,#746,#350,.T.);
#918=EDGE_CURVE('',#746,#744,#633,.T.);
#919=EDGE_CURVE('',#743,#745,#634,.T.);
#920=EDGE_CURVE('',#747,#748,#351,.T.);
#921=EDGE_CURVE('',#748,#746,#352,.T.);
#922=EDGE_CURVE('',#745,#747,#353,.T.);
#923=EDGE_CURVE('',#749,#750,#16,.F.);
#924=EDGE_CURVE('',#750,#748,#635,.T.);
#925=EDGE_CURVE('',#747,#749,#636,.T.);
#926=EDGE_CURVE('',#747,#751,#354,.T.);
#927=EDGE_CURVE('',#752,#751,#637,.T.);
#928=EDGE_CURVE('',#752,#749,#355,.T.);
#929=EDGE_CURVE('',#753,#745,#356,.T.);
#930=EDGE_CURVE('',#751,#753,#357,.T.);
#931=EDGE_CURVE('',#754,#743,#358,.T.);
#932=EDGE_CURVE('',#753,#754,#638,.T.);
#933=EDGE_CURVE('',#755,#741,#359,.T.);
#934=EDGE_CURVE('',#754,#755,#360,.T.);
#935=EDGE_CURVE('',#740,#756,#361,.T.);
#936=EDGE_CURVE('',#755,#756,#639,.T.);
#937=EDGE_CURVE('',#739,#750,#362,.F.);
#938=EDGE_CURVE('',#757,#757,#640,.T.);
#939=EDGE_CURVE('',#758,#752,#363,.T.);
#940=EDGE_CURVE('',#759,#758,#364,.T.);
#941=EDGE_CURVE('',#759,#760,#365,.T.);
#942=EDGE_CURVE('',#761,#760,#366,.T.);
#943=EDGE_CURVE('',#756,#761,#367,.T.);
#944=EDGE_CURVE('',#762,#763,#17,.F.);
#945=EDGE_CURVE('',#763,#764,#641,.T.);
#946=EDGE_CURVE('',#764,#765,#368,.T.);
#947=EDGE_CURVE('',#765,#762,#642,.T.);
#948=EDGE_CURVE('',#766,#767,#369,.T.);
#949=EDGE_CURVE('',#767,#765,#370,.T.);
#950=EDGE_CURVE('',#764,#766,#371,.T.);
#951=EDGE_CURVE('',#768,#769,#372,.T.);
#952=EDGE_CURVE('',#769,#767,#643,.T.);
#953=EDGE_CURVE('',#766,#768,#644,.T.);
#954=EDGE_CURVE('',#770,#771,#373,.T.);
#955=EDGE_CURVE('',#771,#769,#374,.T.);
#956=EDGE_CURVE('',#768,#770,#375,.T.);
#957=EDGE_CURVE('',#772,#773,#18,.F.);
#958=EDGE_CURVE('',#773,#771,#645,.T.);
#959=EDGE_CURVE('',#770,#772,#646,.T.);
#960=EDGE_CURVE('',#770,#774,#376,.T.);
#961=EDGE_CURVE('',#775,#774,#647,.T.);
#962=EDGE_CURVE('',#775,#772,#377,.T.);
#963=EDGE_CURVE('',#776,#768,#378,.T.);
#964=EDGE_CURVE('',#774,#776,#379,.T.);
#965=EDGE_CURVE('',#777,#766,#380,.T.);
#966=EDGE_CURVE('',#776,#777,#648,.T.);
#967=EDGE_CURVE('',#778,#764,#381,.T.);
#968=EDGE_CURVE('',#777,#778,#382,.T.);
#969=EDGE_CURVE('',#763,#779,#383,.T.);
#970=EDGE_CURVE('',#778,#779,#649,.T.);
#971=EDGE_CURVE('',#762,#773,#384,.F.);
#972=EDGE_CURVE('',#780,#780,#650,.T.);
#973=EDGE_CURVE('',#781,#775,#385,.T.);
#974=EDGE_CURVE('',#782,#781,#386,.T.);
#975=EDGE_CURVE('',#782,#783,#387,.T.);
#976=EDGE_CURVE('',#784,#783,#388,.T.);
#977=EDGE_CURVE('',#779,#784,#389,.T.);
#978=EDGE_CURVE('',#752,#785,#390,.T.);
#979=EDGE_CURVE('',#785,#786,#391,.T.);
#980=EDGE_CURVE('',#786,#758,#392,.T.);
#981=EDGE_CURVE('',#787,#788,#393,.T.);
#982=EDGE_CURVE('',#788,#758,#651,.T.);
#983=EDGE_CURVE('',#786,#787,#652,.T.);
#984=EDGE_CURVE('',#751,#789,#394,.T.);
#985=EDGE_CURVE('',#789,#785,#653,.T.);
#986=EDGE_CURVE('',#787,#790,#395,.T.);
#987=EDGE_CURVE('',#790,#791,#396,.T.);
#988=EDGE_CURVE('',#791,#788,#397,.T.);
#989=EDGE_CURVE('',#753,#792,#398,.T.);
#990=EDGE_CURVE('',#792,#789,#399,.T.);
#991=EDGE_CURVE('',#793,#784,#400,.T.);
#992=EDGE_CURVE('',#784,#791,#654,.T.);
#993=EDGE_CURVE('',#790,#793,#655,.T.);
#994=EDGE_CURVE('',#754,#794,#401,.T.);
#995=EDGE_CURVE('',#794,#792,#656,.T.);
#996=EDGE_CURVE('',#793,#795,#402,.T.);
#997=EDGE_CURVE('',#795,#779,#403,.T.);
#998=EDGE_CURVE('',#755,#796,#404,.T.);
#999=EDGE_CURVE('',#796,#794,#405,.T.);
#1000=EDGE_CURVE('',#797,#778,#406,.T.);
#1001=EDGE_CURVE('',#795,#797,#657,.T.);
#1002=EDGE_CURVE('',#756,#798,#407,.T.);
#1003=EDGE_CURVE('',#798,#796,#658,.T.);
#1004=EDGE_CURVE('',#797,#799,#408,.T.);
#1005=EDGE_CURVE('',#799,#777,#409,.T.);
#1006=EDGE_CURVE('',#761,#800,#410,.T.);
#1007=EDGE_CURVE('',#800,#798,#411,.T.);
#1008=EDGE_CURVE('',#799,#801,#659,.T.);
#1009=EDGE_CURVE('',#801,#776,#412,.T.);
#1010=EDGE_CURVE('',#761,#802,#660,.T.);
#1011=EDGE_CURVE('',#802,#803,#413,.T.);
#1012=EDGE_CURVE('',#803,#800,#661,.T.);
#1013=EDGE_CURVE('',#801,#804,#414,.T.);
#1014=EDGE_CURVE('',#804,#774,#415,.T.);
#1015=EDGE_CURVE('',#805,#806,#416,.T.);
#1016=EDGE_CURVE('',#806,#803,#417,.T.);
#1017=EDGE_CURVE('',#802,#805,#418,.T.);
#1018=EDGE_CURVE('',#807,#775,#419,.T.);
#1019=EDGE_CURVE('',#804,#807,#662,.T.);
#1020=EDGE_CURVE('',#805,#781,#663,.T.);
#1021=EDGE_CURVE('',#781,#808,#420,.T.);
#1022=EDGE_CURVE('',#808,#806,#664,.T.);
#1023=EDGE_CURVE('',#807,#808,#421,.T.);
#1024=EDGE_CURVE('',#805,#809,#422,.T.);
#1025=EDGE_CURVE('',#809,#782,#665,.T.);
#1026=EDGE_CURVE('',#810,#802,#423,.T.);
#1027=EDGE_CURVE('',#810,#809,#424,.T.);
#1028=EDGE_CURVE('',#760,#810,#666,.T.);
#1029=EDGE_CURVE('',#811,#811,#667,.T.);
#1030=EDGE_CURVE('',#812,#812,#668,.T.);
#1031=EDGE_CURVE('',#735,#813,#425,.T.);
#1032=EDGE_CURVE('',#813,#813,#669,.T.);
#1033=EDGE_CURVE('',#733,#814,#426,.T.);
#1034=EDGE_CURVE('',#814,#814,#670,.T.);
#1035=EDGE_CURVE('',#734,#815,#427,.T.);
#1036=EDGE_CURVE('',#815,#815,#671,.T.);
#1037=EDGE_CURVE('',#732,#816,#428,.T.);
#1038=EDGE_CURVE('',#816,#816,#672,.T.);
#1039=EDGE_CURVE('',#757,#812,#429,.T.);
#1040=EDGE_CURVE('',#780,#811,#430,.T.);
#1041=EDGE_CURVE('',#691,#738,#431,.T.);
#1042=EDGE_CURVE('',#730,#817,#432,.T.);
#1043=EDGE_CURVE('',#817,#818,#433,.T.);
#1044=EDGE_CURVE('',#731,#818,#434,.T.);
#1045=EDGE_CURVE('',#729,#819,#435,.T.);
#1046=EDGE_CURVE('',#819,#817,#673,.T.);
#1047=EDGE_CURVE('',#728,#820,#436,.T.);
#1048=EDGE_CURVE('',#820,#819,#437,.T.);
#1049=EDGE_CURVE('',#727,#821,#438,.T.);
#1050=EDGE_CURVE('',#821,#820,#674,.T.);
#1051=EDGE_CURVE('',#726,#822,#439,.T.);
#1052=EDGE_CURVE('',#822,#821,#440,.T.);
#1053=EDGE_CURVE('',#725,#823,#441,.T.);
#1054=EDGE_CURVE('',#823,#822,#675,.T.);
#1055=EDGE_CURVE('',#724,#824,#442,.T.);
#1056=EDGE_CURVE('',#824,#823,#443,.T.);
#1057=EDGE_CURVE('',#818,#824,#676,.T.);
#1058=EDGE_CURVE('',#825,#759,#677,.T.);
#1059=EDGE_CURVE('',#826,#825,#444,.T.);
#1060=EDGE_CURVE('',#783,#826,#678,.T.);
#1061=EDGE_CURVE('',#826,#791,#445,.T.);
#1062=EDGE_CURVE('',#788,#825,#446,.T.);
#1063=ORIENTED_EDGE('',*,*,#827,.F.);
#1064=ORIENTED_EDGE('',*,*,#828,.T.);
#1065=ORIENTED_EDGE('',*,*,#829,.T.);
#1066=ORIENTED_EDGE('',*,*,#830,.T.);
#1067=ORIENTED_EDGE('',*,*,#828,.F.);
#1068=ORIENTED_EDGE('',*,*,#831,.F.);
#1069=ORIENTED_EDGE('',*,*,#832,.F.);
#1070=ORIENTED_EDGE('',*,*,#833,.T.);
#1071=ORIENTED_EDGE('',*,*,#834,.F.);
#1072=ORIENTED_EDGE('',*,*,#835,.T.);
#1073=ORIENTED_EDGE('',*,*,#836,.T.);
#1074=ORIENTED_EDGE('',*,*,#837,.T.);
#1075=ORIENTED_EDGE('',*,*,#827,.T.);
#1076=ORIENTED_EDGE('',*,*,#838,.T.);
#1077=ORIENTED_EDGE('',*,*,#834,.T.);
#1078=ORIENTED_EDGE('',*,*,#839,.T.);
#1079=ORIENTED_EDGE('',*,*,#840,.F.);
#1080=ORIENTED_EDGE('',*,*,#841,.T.);
#1081=ORIENTED_EDGE('',*,*,#842,.T.);
#1082=ORIENTED_EDGE('',*,*,#843,.T.);
#1083=ORIENTED_EDGE('',*,*,#844,.T.);
#1084=ORIENTED_EDGE('',*,*,#845,.T.);
#1085=ORIENTED_EDGE('',*,*,#846,.T.);
#1086=ORIENTED_EDGE('',*,*,#847,.T.);
#1087=ORIENTED_EDGE('',*,*,#848,.T.);
#1088=ORIENTED_EDGE('',*,*,#849,.T.);
#1089=ORIENTED_EDGE('',*,*,#850,.F.);
#1090=ORIENTED_EDGE('',*,*,#851,.T.);
#1091=ORIENTED_EDGE('',*,*,#852,.T.);
#1092=ORIENTED_EDGE('',*,*,#853,.T.);
#1093=ORIENTED_EDGE('',*,*,#854,.T.);
#1094=ORIENTED_EDGE('',*,*,#855,.T.);
#1095=ORIENTED_EDGE('',*,*,#856,.F.);
#1096=ORIENTED_EDGE('',*,*,#857,.F.);
#1097=ORIENTED_EDGE('',*,*,#858,.F.);
#1098=ORIENTED_EDGE('',*,*,#831,.T.);
#1099=ORIENTED_EDGE('',*,*,#837,.F.);
#1100=ORIENTED_EDGE('',*,*,#859,.T.);
#1101=ORIENTED_EDGE('',*,*,#860,.F.);
#1102=ORIENTED_EDGE('',*,*,#839,.F.);
#1103=ORIENTED_EDGE('',*,*,#854,.F.);
#1104=ORIENTED_EDGE('',*,*,#861,.T.);
#1105=ORIENTED_EDGE('',*,*,#862,.T.);
#1106=ORIENTED_EDGE('',*,*,#863,.T.);
#1107=ORIENTED_EDGE('',*,*,#863,.F.);
#1108=ORIENTED_EDGE('',*,*,#864,.T.);
#1109=ORIENTED_EDGE('',*,*,#865,.F.);
#1110=ORIENTED_EDGE('',*,*,#855,.F.);
#1111=ORIENTED_EDGE('',*,*,#852,.F.);
#1112=ORIENTED_EDGE('',*,*,#866,.T.);
#1113=ORIENTED_EDGE('',*,*,#867,.T.);
#1114=ORIENTED_EDGE('',*,*,#868,.T.);
#1115=ORIENTED_EDGE('',*,*,#861,.F.);
#1116=ORIENTED_EDGE('',*,*,#853,.F.);
#1117=ORIENTED_EDGE('',*,*,#868,.F.);
#1118=ORIENTED_EDGE('',*,*,#869,.T.);
#1119=ORIENTED_EDGE('',*,*,#866,.F.);
#1120=ORIENTED_EDGE('',*,*,#851,.F.);
#1121=ORIENTED_EDGE('',*,*,#870,.F.);
#1122=ORIENTED_EDGE('',*,*,#871,.T.);
#1123=ORIENTED_EDGE('',*,*,#872,.T.);
#1124=ORIENTED_EDGE('',*,*,#873,.T.);
#1125=ORIENTED_EDGE('',*,*,#856,.T.);
#1126=ORIENTED_EDGE('',*,*,#865,.T.);
#1127=ORIENTED_EDGE('',*,*,#874,.T.);
#1128=ORIENTED_EDGE('',*,*,#832,.T.);
#1129=ORIENTED_EDGE('',*,*,#858,.T.);
#1130=ORIENTED_EDGE('',*,*,#875,.T.);
#1131=ORIENTED_EDGE('',*,*,#873,.F.);
#1132=ORIENTED_EDGE('',*,*,#876,.F.);
#1133=ORIENTED_EDGE('',*,*,#875,.F.);
#1134=ORIENTED_EDGE('',*,*,#857,.T.);
#1135=ORIENTED_EDGE('',*,*,#844,.F.);
#1136=ORIENTED_EDGE('',*,*,#877,.T.);
#1137=ORIENTED_EDGE('',*,*,#878,.T.);
#1138=ORIENTED_EDGE('',*,*,#879,.T.);
#1139=ORIENTED_EDGE('',*,*,#879,.F.);
#1140=ORIENTED_EDGE('',*,*,#880,.T.);
#1141=ORIENTED_EDGE('',*,*,#881,.F.);
#1142=ORIENTED_EDGE('',*,*,#845,.F.);
#1143=ORIENTED_EDGE('',*,*,#846,.F.);
#1144=ORIENTED_EDGE('',*,*,#881,.T.);
#1145=ORIENTED_EDGE('',*,*,#882,.T.);
#1146=ORIENTED_EDGE('',*,*,#883,.T.);
#1147=ORIENTED_EDGE('',*,*,#883,.F.);
#1148=ORIENTED_EDGE('',*,*,#884,.T.);
#1149=ORIENTED_EDGE('',*,*,#885,.F.);
#1150=ORIENTED_EDGE('',*,*,#847,.F.);
#1151=ORIENTED_EDGE('',*,*,#877,.F.);
#1152=ORIENTED_EDGE('',*,*,#843,.F.);
#1153=ORIENTED_EDGE('',*,*,#886,.F.);
#1154=ORIENTED_EDGE('',*,*,#887,.T.);
#1155=ORIENTED_EDGE('',*,*,#888,.T.);
#1156=ORIENTED_EDGE('',*,*,#889,.T.);
#1157=ORIENTED_EDGE('',*,*,#840,.T.);
#1158=ORIENTED_EDGE('',*,*,#860,.T.);
#1159=ORIENTED_EDGE('',*,*,#890,.T.);
#1160=ORIENTED_EDGE('',*,*,#891,.T.);
#1161=ORIENTED_EDGE('',*,*,#892,.T.);
#1162=ORIENTED_EDGE('',*,*,#893,.T.);
#1163=ORIENTED_EDGE('',*,*,#894,.T.);
#1164=ORIENTED_EDGE('',*,*,#895,.T.);
#1165=ORIENTED_EDGE('',*,*,#896,.T.);
#1166=ORIENTED_EDGE('',*,*,#897,.T.);
#1167=ORIENTED_EDGE('',*,*,#898,.T.);
#1168=ORIENTED_EDGE('',*,*,#899,.T.);
#1169=ORIENTED_EDGE('',*,*,#900,.T.);
#1170=ORIENTED_EDGE('',*,*,#901,.T.);
#1171=ORIENTED_EDGE('',*,*,#829,.F.);
#1172=ORIENTED_EDGE('',*,*,#833,.F.);
#1173=ORIENTED_EDGE('',*,*,#874,.F.);
#1174=ORIENTED_EDGE('',*,*,#876,.T.);
#1175=ORIENTED_EDGE('',*,*,#872,.F.);
#1176=ORIENTED_EDGE('',*,*,#864,.F.);
#1177=ORIENTED_EDGE('',*,*,#862,.F.);
#1178=ORIENTED_EDGE('',*,*,#869,.F.);
#1179=ORIENTED_EDGE('',*,*,#867,.F.);
#1180=ORIENTED_EDGE('',*,*,#871,.F.);
#1181=ORIENTED_EDGE('',*,*,#902,.F.);
#1182=ORIENTED_EDGE('',*,*,#903,.F.);
#1183=ORIENTED_EDGE('',*,*,#904,.F.);
#1184=ORIENTED_EDGE('',*,*,#884,.F.);
#1185=ORIENTED_EDGE('',*,*,#882,.F.);
#1186=ORIENTED_EDGE('',*,*,#880,.F.);
#1187=ORIENTED_EDGE('',*,*,#878,.F.);
#1188=ORIENTED_EDGE('',*,*,#887,.F.);
#1189=ORIENTED_EDGE('',*,*,#905,.F.);
#1190=ORIENTED_EDGE('',*,*,#906,.F.);
#1191=ORIENTED_EDGE('',*,*,#888,.F.);
#1192=ORIENTED_EDGE('',*,*,#859,.F.);
#1193=ORIENTED_EDGE('',*,*,#836,.F.);
#1194=ORIENTED_EDGE('',*,*,#907,.F.);
#1195=ORIENTED_EDGE('',*,*,#902,.T.);
#1196=ORIENTED_EDGE('',*,*,#870,.T.);
#1197=ORIENTED_EDGE('',*,*,#850,.T.);
#1198=ORIENTED_EDGE('',*,*,#908,.T.);
#1199=ORIENTED_EDGE('',*,*,#908,.F.);
#1200=ORIENTED_EDGE('',*,*,#849,.F.);
#1201=ORIENTED_EDGE('',*,*,#909,.F.);
#1202=ORIENTED_EDGE('',*,*,#903,.T.);
#1203=ORIENTED_EDGE('',*,*,#910,.T.);
#1204=ORIENTED_EDGE('',*,*,#911,.T.);
#1205=ORIENTED_EDGE('',*,*,#912,.T.);
#1206=ORIENTED_EDGE('',*,*,#913,.T.);
#1207=ORIENTED_EDGE('',*,*,#914,.T.);
#1208=ORIENTED_EDGE('',*,*,#915,.T.);
#1209=ORIENTED_EDGE('',*,*,#912,.F.);
#1210=ORIENTED_EDGE('',*,*,#916,.T.);
#1211=ORIENTED_EDGE('',*,*,#917,.T.);
#1212=ORIENTED_EDGE('',*,*,#918,.T.);
#1213=ORIENTED_EDGE('',*,*,#914,.F.);
#1214=ORIENTED_EDGE('',*,*,#919,.T.);
#1215=ORIENTED_EDGE('',*,*,#920,.T.);
#1216=ORIENTED_EDGE('',*,*,#921,.T.);
#1217=ORIENTED_EDGE('',*,*,#917,.F.);
#1218=ORIENTED_EDGE('',*,*,#922,.T.);
#1219=ORIENTED_EDGE('',*,*,#923,.T.);
#1220=ORIENTED_EDGE('',*,*,#924,.T.);
#1221=ORIENTED_EDGE('',*,*,#920,.F.);
#1222=ORIENTED_EDGE('',*,*,#925,.T.);
#1223=ORIENTED_EDGE('',*,*,#925,.F.);
#1224=ORIENTED_EDGE('',*,*,#926,.T.);
#1225=ORIENTED_EDGE('',*,*,#927,.F.);
#1226=ORIENTED_EDGE('',*,*,#928,.T.);
#1227=ORIENTED_EDGE('',*,*,#922,.F.);
#1228=ORIENTED_EDGE('',*,*,#929,.F.);
#1229=ORIENTED_EDGE('',*,*,#930,.F.);
#1230=ORIENTED_EDGE('',*,*,#926,.F.);
#1231=ORIENTED_EDGE('',*,*,#919,.F.);
#1232=ORIENTED_EDGE('',*,*,#931,.F.);
#1233=ORIENTED_EDGE('',*,*,#932,.F.);
#1234=ORIENTED_EDGE('',*,*,#929,.T.);
#1235=ORIENTED_EDGE('',*,*,#916,.F.);
#1236=ORIENTED_EDGE('',*,*,#933,.F.);
#1237=ORIENTED_EDGE('',*,*,#934,.F.);
#1238=ORIENTED_EDGE('',*,*,#931,.T.);
#1239=ORIENTED_EDGE('',*,*,#911,.F.);
#1240=ORIENTED_EDGE('',*,*,#935,.T.);
#1241=ORIENTED_EDGE('',*,*,#936,.F.);
#1242=ORIENTED_EDGE('',*,*,#933,.T.);
#1243=ORIENTED_EDGE('',*,*,#924,.F.);
#1244=ORIENTED_EDGE('',*,*,#937,.F.);
#1245=ORIENTED_EDGE('',*,*,#913,.F.);
#1246=ORIENTED_EDGE('',*,*,#915,.F.);
#1247=ORIENTED_EDGE('',*,*,#918,.F.);
#1248=ORIENTED_EDGE('',*,*,#921,.F.);
#1249=ORIENTED_EDGE('',*,*,#938,.T.);
#1250=ORIENTED_EDGE('',*,*,#928,.F.);
#1251=ORIENTED_EDGE('',*,*,#939,.F.);
#1252=ORIENTED_EDGE('',*,*,#940,.F.);
#1253=ORIENTED_EDGE('',*,*,#941,.T.);
#1254=ORIENTED_EDGE('',*,*,#942,.F.);
#1255=ORIENTED_EDGE('',*,*,#943,.F.);
#1256=ORIENTED_EDGE('',*,*,#935,.F.);
#1257=ORIENTED_EDGE('',*,*,#910,.F.);
#1258=ORIENTED_EDGE('',*,*,#937,.T.);
#1259=ORIENTED_EDGE('',*,*,#923,.F.);
#1260=ORIENTED_EDGE('',*,*,#944,.T.);
#1261=ORIENTED_EDGE('',*,*,#945,.T.);
#1262=ORIENTED_EDGE('',*,*,#946,.T.);
#1263=ORIENTED_EDGE('',*,*,#947,.T.);
#1264=ORIENTED_EDGE('',*,*,#948,.T.);
#1265=ORIENTED_EDGE('',*,*,#949,.T.);
#1266=ORIENTED_EDGE('',*,*,#946,.F.);
#1267=ORIENTED_EDGE('',*,*,#950,.T.);
#1268=ORIENTED_EDGE('',*,*,#951,.T.);
#1269=ORIENTED_EDGE('',*,*,#952,.T.);
#1270=ORIENTED_EDGE('',*,*,#948,.F.);
#1271=ORIENTED_EDGE('',*,*,#953,.T.);
#1272=ORIENTED_EDGE('',*,*,#954,.T.);
#1273=ORIENTED_EDGE('',*,*,#955,.T.);
#1274=ORIENTED_EDGE('',*,*,#951,.F.);
#1275=ORIENTED_EDGE('',*,*,#956,.T.);
#1276=ORIENTED_EDGE('',*,*,#957,.T.);
#1277=ORIENTED_EDGE('',*,*,#958,.T.);
#1278=ORIENTED_EDGE('',*,*,#954,.F.);
#1279=ORIENTED_EDGE('',*,*,#959,.T.);
#1280=ORIENTED_EDGE('',*,*,#959,.F.);
#1281=ORIENTED_EDGE('',*,*,#960,.T.);
#1282=ORIENTED_EDGE('',*,*,#961,.F.);
#1283=ORIENTED_EDGE('',*,*,#962,.T.);
#1284=ORIENTED_EDGE('',*,*,#956,.F.);
#1285=ORIENTED_EDGE('',*,*,#963,.F.);
#1286=ORIENTED_EDGE('',*,*,#964,.F.);
#1287=ORIENTED_EDGE('',*,*,#960,.F.);
#1288=ORIENTED_EDGE('',*,*,#953,.F.);
#1289=ORIENTED_EDGE('',*,*,#965,.F.);
#1290=ORIENTED_EDGE('',*,*,#966,.F.);
#1291=ORIENTED_EDGE('',*,*,#963,.T.);
#1292=ORIENTED_EDGE('',*,*,#950,.F.);
#1293=ORIENTED_EDGE('',*,*,#967,.F.);
#1294=ORIENTED_EDGE('',*,*,#968,.F.);
#1295=ORIENTED_EDGE('',*,*,#965,.T.);
#1296=ORIENTED_EDGE('',*,*,#945,.F.);
#1297=ORIENTED_EDGE('',*,*,#969,.T.);
#1298=ORIENTED_EDGE('',*,*,#970,.F.);
#1299=ORIENTED_EDGE('',*,*,#967,.T.);
#1300=ORIENTED_EDGE('',*,*,#958,.F.);
#1301=ORIENTED_EDGE('',*,*,#971,.F.);
#1302=ORIENTED_EDGE('',*,*,#947,.F.);
#1303=ORIENTED_EDGE('',*,*,#949,.F.);
#1304=ORIENTED_EDGE('',*,*,#952,.F.);
#1305=ORIENTED_EDGE('',*,*,#955,.F.);
#1306=ORIENTED_EDGE('',*,*,#972,.T.);
#1307=ORIENTED_EDGE('',*,*,#962,.F.);
#1308=ORIENTED_EDGE('',*,*,#973,.F.);
#1309=ORIENTED_EDGE('',*,*,#974,.F.);
#1310=ORIENTED_EDGE('',*,*,#975,.T.);
#1311=ORIENTED_EDGE('',*,*,#976,.F.);
#1312=ORIENTED_EDGE('',*,*,#977,.F.);
#1313=ORIENTED_EDGE('',*,*,#969,.F.);
#1314=ORIENTED_EDGE('',*,*,#944,.F.);
#1315=ORIENTED_EDGE('',*,*,#971,.T.);
#1316=ORIENTED_EDGE('',*,*,#957,.F.);
#1317=ORIENTED_EDGE('',*,*,#978,.T.);
#1318=ORIENTED_EDGE('',*,*,#979,.T.);
#1319=ORIENTED_EDGE('',*,*,#980,.T.);
#1320=ORIENTED_EDGE('',*,*,#939,.T.);
#1321=ORIENTED_EDGE('',*,*,#981,.T.);
#1322=ORIENTED_EDGE('',*,*,#982,.T.);
#1323=ORIENTED_EDGE('',*,*,#980,.F.);
#1324=ORIENTED_EDGE('',*,*,#983,.T.);
#1325=ORIENTED_EDGE('',*,*,#978,.F.);
#1326=ORIENTED_EDGE('',*,*,#927,.T.);
#1327=ORIENTED_EDGE('',*,*,#984,.T.);
#1328=ORIENTED_EDGE('',*,*,#985,.T.);
#1329=ORIENTED_EDGE('',*,*,#981,.F.);
#1330=ORIENTED_EDGE('',*,*,#986,.T.);
#1331=ORIENTED_EDGE('',*,*,#987,.T.);
#1332=ORIENTED_EDGE('',*,*,#988,.T.);
#1333=ORIENTED_EDGE('',*,*,#989,.T.);
#1334=ORIENTED_EDGE('',*,*,#990,.T.);
#1335=ORIENTED_EDGE('',*,*,#984,.F.);
#1336=ORIENTED_EDGE('',*,*,#930,.T.);
#1337=ORIENTED_EDGE('',*,*,#991,.T.);
#1338=ORIENTED_EDGE('',*,*,#992,.T.);
#1339=ORIENTED_EDGE('',*,*,#987,.F.);
#1340=ORIENTED_EDGE('',*,*,#993,.T.);
#1341=ORIENTED_EDGE('',*,*,#994,.T.);
#1342=ORIENTED_EDGE('',*,*,#995,.T.);
#1343=ORIENTED_EDGE('',*,*,#989,.F.);
#1344=ORIENTED_EDGE('',*,*,#932,.T.);
#1345=ORIENTED_EDGE('',*,*,#991,.F.);
#1346=ORIENTED_EDGE('',*,*,#996,.T.);
#1347=ORIENTED_EDGE('',*,*,#997,.T.);
#1348=ORIENTED_EDGE('',*,*,#977,.T.);
#1349=ORIENTED_EDGE('',*,*,#998,.T.);
#1350=ORIENTED_EDGE('',*,*,#999,.T.);
#1351=ORIENTED_EDGE('',*,*,#994,.F.);
#1352=ORIENTED_EDGE('',*,*,#934,.T.);
#1353=ORIENTED_EDGE('',*,*,#1000,.T.);
#1354=ORIENTED_EDGE('',*,*,#970,.T.);
#1355=ORIENTED_EDGE('',*,*,#997,.F.);
#1356=ORIENTED_EDGE('',*,*,#1001,.T.);
#1357=ORIENTED_EDGE('',*,*,#998,.F.);
#1358=ORIENTED_EDGE('',*,*,#936,.T.);
#1359=ORIENTED_EDGE('',*,*,#1002,.T.);
#1360=ORIENTED_EDGE('',*,*,#1003,.T.);
#1361=ORIENTED_EDGE('',*,*,#1000,.F.);
#1362=ORIENTED_EDGE('',*,*,#1004,.T.);
#1363=ORIENTED_EDGE('',*,*,#1005,.T.);
#1364=ORIENTED_EDGE('',*,*,#968,.T.);
#1365=ORIENTED_EDGE('',*,*,#1006,.T.);
#1366=ORIENTED_EDGE('',*,*,#1007,.T.);
#1367=ORIENTED_EDGE('',*,*,#1002,.F.);
#1368=ORIENTED_EDGE('',*,*,#943,.T.);
#1369=ORIENTED_EDGE('',*,*,#1005,.F.);
#1370=ORIENTED_EDGE('',*,*,#1008,.T.);
#1371=ORIENTED_EDGE('',*,*,#1009,.T.);
#1372=ORIENTED_EDGE('',*,*,#966,.T.);
#1373=ORIENTED_EDGE('',*,*,#1006,.F.);
#1374=ORIENTED_EDGE('',*,*,#1010,.T.);
#1375=ORIENTED_EDGE('',*,*,#1011,.T.);
#1376=ORIENTED_EDGE('',*,*,#1012,.T.);
#1377=ORIENTED_EDGE('',*,*,#1009,.F.);
#1378=ORIENTED_EDGE('',*,*,#1013,.T.);
#1379=ORIENTED_EDGE('',*,*,#1014,.T.);
#1380=ORIENTED_EDGE('',*,*,#964,.T.);
#1381=ORIENTED_EDGE('',*,*,#1015,.T.);
#1382=ORIENTED_EDGE('',*,*,#1016,.T.);
#1383=ORIENTED_EDGE('',*,*,#1011,.F.);
#1384=ORIENTED_EDGE('',*,*,#1017,.T.);
#1385=ORIENTED_EDGE('',*,*,#1018,.T.);
#1386=ORIENTED_EDGE('',*,*,#961,.T.);
#1387=ORIENTED_EDGE('',*,*,#1014,.F.);
#1388=ORIENTED_EDGE('',*,*,#1019,.T.);
#1389=ORIENTED_EDGE('',*,*,#1015,.F.);
#1390=ORIENTED_EDGE('',*,*,#1020,.T.);
#1391=ORIENTED_EDGE('',*,*,#1021,.T.);
#1392=ORIENTED_EDGE('',*,*,#1022,.T.);
#1393=ORIENTED_EDGE('',*,*,#1018,.F.);
#1394=ORIENTED_EDGE('',*,*,#1023,.T.);
#1395=ORIENTED_EDGE('',*,*,#1021,.F.);
#1396=ORIENTED_EDGE('',*,*,#973,.T.);
#1397=ORIENTED_EDGE('',*,*,#1020,.F.);
#1398=ORIENTED_EDGE('',*,*,#1024,.T.);
#1399=ORIENTED_EDGE('',*,*,#1025,.T.);
#1400=ORIENTED_EDGE('',*,*,#974,.T.);
#1401=ORIENTED_EDGE('',*,*,#1017,.F.);
#1402=ORIENTED_EDGE('',*,*,#1026,.F.);
#1403=ORIENTED_EDGE('',*,*,#1027,.T.);
#1404=ORIENTED_EDGE('',*,*,#1024,.F.);
#1405=ORIENTED_EDGE('',*,*,#1010,.F.);
#1406=ORIENTED_EDGE('',*,*,#942,.T.);
#1407=ORIENTED_EDGE('',*,*,#1028,.T.);
#1408=ORIENTED_EDGE('',*,*,#1026,.T.);
#1409=ORIENTED_EDGE('',*,*,#979,.F.);
#1410=ORIENTED_EDGE('',*,*,#985,.F.);
#1411=ORIENTED_EDGE('',*,*,#990,.F.);
#1412=ORIENTED_EDGE('',*,*,#995,.F.);
#1413=ORIENTED_EDGE('',*,*,#999,.F.);
#1414=ORIENTED_EDGE('',*,*,#1003,.F.);
#1415=ORIENTED_EDGE('',*,*,#1007,.F.);
#1416=ORIENTED_EDGE('',*,*,#1012,.F.);
#1417=ORIENTED_EDGE('',*,*,#1016,.F.);
#1418=ORIENTED_EDGE('',*,*,#1022,.F.);
#1419=ORIENTED_EDGE('',*,*,#1023,.F.);
#1420=ORIENTED_EDGE('',*,*,#1019,.F.);
#1421=ORIENTED_EDGE('',*,*,#1013,.F.);
#1422=ORIENTED_EDGE('',*,*,#1008,.F.);
#1423=ORIENTED_EDGE('',*,*,#1004,.F.);
#1424=ORIENTED_EDGE('',*,*,#1001,.F.);
#1425=ORIENTED_EDGE('',*,*,#996,.F.);
#1426=ORIENTED_EDGE('',*,*,#993,.F.);
#1427=ORIENTED_EDGE('',*,*,#986,.F.);
#1428=ORIENTED_EDGE('',*,*,#983,.F.);
#1429=ORIENTED_EDGE('',*,*,#1029,.T.);
#1430=ORIENTED_EDGE('',*,*,#1030,.T.);
#1431=ORIENTED_EDGE('',*,*,#901,.F.);
#1432=ORIENTED_EDGE('',*,*,#1031,.T.);
#1433=ORIENTED_EDGE('',*,*,#1032,.T.);
#1434=ORIENTED_EDGE('',*,*,#1031,.F.);
#1435=ORIENTED_EDGE('',*,*,#1032,.F.);
#1436=ORIENTED_EDGE('',*,*,#899,.F.);
#1437=ORIENTED_EDGE('',*,*,#1033,.T.);
#1438=ORIENTED_EDGE('',*,*,#1034,.T.);
#1439=ORIENTED_EDGE('',*,*,#1033,.F.);
#1440=ORIENTED_EDGE('',*,*,#1034,.F.);
#1441=ORIENTED_EDGE('',*,*,#900,.F.);
#1442=ORIENTED_EDGE('',*,*,#1035,.T.);
#1443=ORIENTED_EDGE('',*,*,#1036,.T.);
#1444=ORIENTED_EDGE('',*,*,#1035,.F.);
#1445=ORIENTED_EDGE('',*,*,#1036,.F.);
#1446=ORIENTED_EDGE('',*,*,#898,.F.);
#1447=ORIENTED_EDGE('',*,*,#1037,.T.);
#1448=ORIENTED_EDGE('',*,*,#1038,.T.);
#1449=ORIENTED_EDGE('',*,*,#1037,.F.);
#1450=ORIENTED_EDGE('',*,*,#1038,.F.);
#1451=ORIENTED_EDGE('',*,*,#938,.F.);
#1452=ORIENTED_EDGE('',*,*,#1039,.T.);
#1453=ORIENTED_EDGE('',*,*,#1030,.F.);
#1454=ORIENTED_EDGE('',*,*,#1039,.F.);
#1455=ORIENTED_EDGE('',*,*,#972,.F.);
#1456=ORIENTED_EDGE('',*,*,#1040,.T.);
#1457=ORIENTED_EDGE('',*,*,#1029,.F.);
#1458=ORIENTED_EDGE('',*,*,#1040,.F.);
#1459=ORIENTED_EDGE('',*,*,#848,.F.);
#1460=ORIENTED_EDGE('',*,*,#885,.T.);
#1461=ORIENTED_EDGE('',*,*,#904,.T.);
#1462=ORIENTED_EDGE('',*,*,#909,.T.);
#1463=ORIENTED_EDGE('',*,*,#842,.F.);
#1464=ORIENTED_EDGE('',*,*,#1041,.T.);
#1465=ORIENTED_EDGE('',*,*,#905,.T.);
#1466=ORIENTED_EDGE('',*,*,#886,.T.);
#1467=ORIENTED_EDGE('',*,*,#889,.F.);
#1468=ORIENTED_EDGE('',*,*,#906,.T.);
#1469=ORIENTED_EDGE('',*,*,#1041,.F.);
#1470=ORIENTED_EDGE('',*,*,#841,.F.);
#1471=ORIENTED_EDGE('',*,*,#896,.F.);
#1472=ORIENTED_EDGE('',*,*,#1042,.T.);
#1473=ORIENTED_EDGE('',*,*,#1043,.T.);
#1474=ORIENTED_EDGE('',*,*,#1044,.F.);
#1475=ORIENTED_EDGE('',*,*,#895,.F.);
#1476=ORIENTED_EDGE('',*,*,#1045,.T.);
#1477=ORIENTED_EDGE('',*,*,#1046,.T.);
#1478=ORIENTED_EDGE('',*,*,#1042,.F.);
#1479=ORIENTED_EDGE('',*,*,#894,.F.);
#1480=ORIENTED_EDGE('',*,*,#1047,.T.);
#1481=ORIENTED_EDGE('',*,*,#1048,.T.);
#1482=ORIENTED_EDGE('',*,*,#1045,.F.);
#1483=ORIENTED_EDGE('',*,*,#893,.F.);
#1484=ORIENTED_EDGE('',*,*,#1049,.T.);
#1485=ORIENTED_EDGE('',*,*,#1050,.T.);
#1486=ORIENTED_EDGE('',*,*,#1047,.F.);
#1487=ORIENTED_EDGE('',*,*,#892,.F.);
#1488=ORIENTED_EDGE('',*,*,#1051,.T.);
#1489=ORIENTED_EDGE('',*,*,#1052,.T.);
#1490=ORIENTED_EDGE('',*,*,#1049,.F.);
#1491=ORIENTED_EDGE('',*,*,#891,.F.);
#1492=ORIENTED_EDGE('',*,*,#1053,.T.);
#1493=ORIENTED_EDGE('',*,*,#1054,.T.);
#1494=ORIENTED_EDGE('',*,*,#1051,.F.);
#1495=ORIENTED_EDGE('',*,*,#890,.F.);
#1496=ORIENTED_EDGE('',*,*,#1055,.T.);
#1497=ORIENTED_EDGE('',*,*,#1056,.T.);
#1498=ORIENTED_EDGE('',*,*,#1053,.F.);
#1499=ORIENTED_EDGE('',*,*,#897,.F.);
#1500=ORIENTED_EDGE('',*,*,#1044,.T.);
#1501=ORIENTED_EDGE('',*,*,#1057,.T.);
#1502=ORIENTED_EDGE('',*,*,#1055,.F.);
#1503=ORIENTED_EDGE('',*,*,#1028,.F.);
#1504=ORIENTED_EDGE('',*,*,#941,.F.);
#1505=ORIENTED_EDGE('',*,*,#1058,.F.);
#1506=ORIENTED_EDGE('',*,*,#1059,.F.);
#1507=ORIENTED_EDGE('',*,*,#1060,.F.);
#1508=ORIENTED_EDGE('',*,*,#975,.F.);
#1509=ORIENTED_EDGE('',*,*,#1025,.F.);
#1510=ORIENTED_EDGE('',*,*,#1027,.F.);
#1511=ORIENTED_EDGE('',*,*,#1057,.F.);
#1512=ORIENTED_EDGE('',*,*,#1043,.F.);
#1513=ORIENTED_EDGE('',*,*,#1046,.F.);
#1514=ORIENTED_EDGE('',*,*,#1048,.F.);
#1515=ORIENTED_EDGE('',*,*,#1050,.F.);
#1516=ORIENTED_EDGE('',*,*,#1052,.F.);
#1517=ORIENTED_EDGE('',*,*,#1054,.F.);
#1518=ORIENTED_EDGE('',*,*,#1056,.F.);
#1519=ORIENTED_EDGE('',*,*,#988,.F.);
#1520=ORIENTED_EDGE('',*,*,#1061,.F.);
#1521=ORIENTED_EDGE('',*,*,#1059,.T.);
#1522=ORIENTED_EDGE('',*,*,#1062,.F.);
#1523=ORIENTED_EDGE('',*,*,#982,.F.);
#1524=ORIENTED_EDGE('',*,*,#1062,.T.);
#1525=ORIENTED_EDGE('',*,*,#1058,.T.);
#1526=ORIENTED_EDGE('',*,*,#940,.T.);
#1527=ORIENTED_EDGE('',*,*,#992,.F.);
#1528=ORIENTED_EDGE('',*,*,#976,.T.);
#1529=ORIENTED_EDGE('',*,*,#1060,.T.);
#1530=ORIENTED_EDGE('',*,*,#1061,.T.);
#1531=ORIENTED_EDGE('',*,*,#830,.F.);
#1532=ORIENTED_EDGE('',*,*,#907,.T.);
#1533=ORIENTED_EDGE('',*,*,#835,.F.);
#1534=ORIENTED_EDGE('',*,*,#838,.F.);
#1535=CYLINDRICAL_SURFACE('',#1677,1.);
#1536=CYLINDRICAL_SURFACE('',#1681,1.);
#1537=CYLINDRICAL_SURFACE('',#1696,1.);
#1538=CYLINDRICAL_SURFACE('',#1699,1.);
#1539=CYLINDRICAL_SURFACE('',#1703,1.);
#1540=CYLINDRICAL_SURFACE('',#1705,1.);
#1541=CYLINDRICAL_SURFACE('',#1708,1.);
#1542=CYLINDRICAL_SURFACE('',#1711,1.);
#1543=CYLINDRICAL_SURFACE('',#1715,1.);
#1544=CYLINDRICAL_SURFACE('',#1729,1.);
#1545=CYLINDRICAL_SURFACE('',#1742,3.);
#1546=CYLINDRICAL_SURFACE('',#1745,7.5);
#1547=CYLINDRICAL_SURFACE('',#1748,3.);
#1548=CYLINDRICAL_SURFACE('',#1764,3.);
#1549=CYLINDRICAL_SURFACE('',#1767,7.49999999999998);
#1550=CYLINDRICAL_SURFACE('',#1770,3.);
#1551=CYLINDRICAL_SURFACE('',#1809,3.);
#1552=CYLINDRICAL_SURFACE('',#1812,3.);
#1553=CYLINDRICAL_SURFACE('',#1817,2.2);
#1554=CYLINDRICAL_SURFACE('',#1820,2.2);
#1555=CYLINDRICAL_SURFACE('',#1823,2.2);
#1556=CYLINDRICAL_SURFACE('',#1826,2.2);
#1557=CYLINDRICAL_SURFACE('',#1829,4.);
#1558=CYLINDRICAL_SURFACE('',#1830,4.);
#1559=CYLINDRICAL_SURFACE('',#1831,1.);
#1560=CYLINDRICAL_SURFACE('',#1832,1.);
#1561=CYLINDRICAL_SURFACE('',#1835,0.987299974599997);
#1562=CYLINDRICAL_SURFACE('',#1838,0.987514909138981);
#1563=CYLINDRICAL_SURFACE('',#1841,0.987507615073013);
#1564=CYLINDRICAL_SURFACE('',#1844,0.9872999746);
#1565=CYLINDRICAL_SURFACE('',#1850,3.);
#1566=CYLINDRICAL_SURFACE('',#1851,3.);
#1567=ADVANCED_FACE('',(#93),#1535,.F.);
#1568=ADVANCED_FACE('',(#94),#45,.T.);
#1569=ADVANCED_FACE('',(#95),#1536,.F.);
#1570=ADVANCED_FACE('',(#96),#46,.F.);
#1571=ADVANCED_FACE('',(#97),#47,.T.);
#1572=ADVANCED_FACE('',(#98),#1537,.F.);
#1573=ADVANCED_FACE('',(#99),#48,.T.);
#1574=ADVANCED_FACE('',(#100),#1538,.F.);
#1575=ADVANCED_FACE('',(#101),#49,.T.);
#1576=ADVANCED_FACE('',(#102),#50,.T.);
#1577=ADVANCED_FACE('',(#103),#1539,.T.);
#1578=ADVANCED_FACE('',(#104),#1540,.T.);
#1579=ADVANCED_FACE('',(#105),#51,.T.);
#1580=ADVANCED_FACE('',(#106),#1541,.F.);
#1581=ADVANCED_FACE('',(#107),#52,.T.);
#1582=ADVANCED_FACE('',(#108),#1542,.F.);
#1583=ADVANCED_FACE('',(#109),#53,.T.);
#1584=ADVANCED_FACE('',(#110),#54,.T.);
#1585=ADVANCED_FACE('',(#111),#1543,.T.);
#1586=ADVANCED_FACE('',(#112,#35,#36,#37,#38,#39),#55,.F.);
#1587=ADVANCED_FACE('',(#113),#1544,.T.);
#1588=ADVANCED_FACE('',(#114),#56,.T.);
#1589=ADVANCED_FACE('',(#115),#19,.F.);
#1590=ADVANCED_FACE('',(#116),#57,.T.);
#1591=ADVANCED_FACE('',(#117),#20,.T.);
#1592=ADVANCED_FACE('',(#118),#58,.T.);
#1593=ADVANCED_FACE('',(#119),#21,.F.);
#1594=ADVANCED_FACE('',(#120),#1545,.F.);
#1595=ADVANCED_FACE('',(#121),#59,.T.);
#1596=ADVANCED_FACE('',(#122),#1546,.T.);
#1597=ADVANCED_FACE('',(#123),#60,.T.);
#1598=ADVANCED_FACE('',(#124),#1547,.F.);
#1599=ADVANCED_FACE('',(#125,#40),#61,.F.);
#1600=ADVANCED_FACE('',(#126),#62,.T.);
#1601=ADVANCED_FACE('',(#127),#22,.F.);
#1602=ADVANCED_FACE('',(#128),#63,.T.);
#1603=ADVANCED_FACE('',(#129),#23,.T.);
#1604=ADVANCED_FACE('',(#130),#64,.T.);
#1605=ADVANCED_FACE('',(#131),#24,.F.);
#1606=ADVANCED_FACE('',(#132),#1548,.F.);
#1607=ADVANCED_FACE('',(#133),#65,.T.);
#1608=ADVANCED_FACE('',(#134),#1549,.T.);
#1609=ADVANCED_FACE('',(#135),#66,.T.);
#1610=ADVANCED_FACE('',(#136),#1550,.F.);
#1611=ADVANCED_FACE('',(#137,#41),#67,.F.);
#1612=ADVANCED_FACE('',(#138),#68,.T.);
#1613=ADVANCED_FACE('',(#139),#69,.T.);
#1614=ADVANCED_FACE('',(#140),#25,.T.);
#1615=ADVANCED_FACE('',(#141),#26,.F.);
#1616=ADVANCED_FACE('',(#142),#70,.T.);
#1617=ADVANCED_FACE('',(#143),#71,.T.);
#1618=ADVANCED_FACE('',(#144),#27,.T.);
#1619=ADVANCED_FACE('',(#145),#28,.T.);
#1620=ADVANCED_FACE('',(#146),#72,.T.);
#1621=ADVANCED_FACE('',(#147),#73,.T.);
#1622=ADVANCED_FACE('',(#148),#29,.F.);
#1623=ADVANCED_FACE('',(#149),#30,.F.);
#1624=ADVANCED_FACE('',(#150),#74,.T.);
#1625=ADVANCED_FACE('',(#151),#75,.T.);
#1626=ADVANCED_FACE('',(#152),#31,.T.);
#1627=ADVANCED_FACE('',(#153),#32,.T.);
#1628=ADVANCED_FACE('',(#154),#76,.T.);
#1629=ADVANCED_FACE('',(#155),#77,.T.);
#1630=ADVANCED_FACE('',(#156),#33,.F.);
#1631=ADVANCED_FACE('',(#157),#34,.T.);
#1632=ADVANCED_FACE('',(#158),#78,.T.);
#1633=ADVANCED_FACE('',(#159),#1551,.T.);
#1634=ADVANCED_FACE('',(#160),#79,.T.);
#1635=ADVANCED_FACE('',(#161),#1552,.T.);
#1636=ADVANCED_FACE('',(#162,#42,#43),#80,.T.);
#1637=ADVANCED_FACE('',(#163),#1553,.F.);
#1638=ADVANCED_FACE('',(#164),#81,.T.);
#1639=ADVANCED_FACE('',(#165),#1554,.F.);
#1640=ADVANCED_FACE('',(#166),#82,.T.);
#1641=ADVANCED_FACE('',(#167),#1555,.F.);
#1642=ADVANCED_FACE('',(#168),#83,.T.);
#1643=ADVANCED_FACE('',(#169),#1556,.F.);
#1644=ADVANCED_FACE('',(#170),#84,.T.);
#1645=ADVANCED_FACE('',(#171),#1557,.F.);
#1646=ADVANCED_FACE('',(#172),#1558,.F.);
#1647=ADVANCED_FACE('',(#173),#1559,.F.);
#1648=ADVANCED_FACE('',(#174),#1560,.F.);
#1649=ADVANCED_FACE('',(#175),#85,.T.);
#1650=ADVANCED_FACE('',(#176),#86,.F.);
#1651=ADVANCED_FACE('',(#177),#1561,.T.);
#1652=ADVANCED_FACE('',(#178),#87,.F.);
#1653=ADVANCED_FACE('',(#179),#1562,.T.);
#1654=ADVANCED_FACE('',(#180),#88,.F.);
#1655=ADVANCED_FACE('',(#181),#1563,.T.);
#1656=ADVANCED_FACE('',(#182),#89,.F.);
#1657=ADVANCED_FACE('',(#183),#1564,.T.);
#1658=ADVANCED_FACE('',(#184,#44),#90,.T.);
#1659=ADVANCED_FACE('',(#185),#91,.T.);
#1660=ADVANCED_FACE('',(#186),#1565,.T.);
#1661=ADVANCED_FACE('',(#187),#1566,.T.);
#1662=ADVANCED_FACE('',(#188),#92,.T.);
#1663=CLOSED_SHELL('',(#1567,#1568,#1569,#1570,#1571,#1572,#1573,#1574,
#1575,#1576,#1577,#1578,#1579,#1580,#1581,#1582,#1583,#1584,#1585,#1586,
#1587,#1588,#1589,#1590,#1591,#1592,#1593,#1594,#1595,#1596,#1597,#1598,
#1599,#1600,#1601,#1602,#1603,#1604,#1605,#1606,#1607,#1608,#1609,#1610,
#1611,#1612,#1613,#1614,#1615,#1616,#1617,#1618,#1619,#1620,#1621,#1622,
#1623,#1624,#1625,#1626,#1627,#1628,#1629,#1630,#1631,#1632,#1633,#1634,
#1635,#1636,#1637,#1638,#1639,#1640,#1641,#1642,#1643,#1644,#1645,#1646,
#1647,#1648,#1649,#1650,#1651,#1652,#1653,#1654,#1655,#1656,#1657,#1658,
#1659,#1660,#1661,#1662));
#1664=DERIVED_UNIT_ELEMENT(#1666,1.);
#1665=DERIVED_UNIT_ELEMENT(#2853,-3.);
#1666=(
MASS_UNIT()
NAMED_UNIT(*)
SI_UNIT(.KILO.,.GRAM.)
);
#1667=DERIVED_UNIT((#1664,#1665));
#1668=MEASURE_REPRESENTATION_ITEM('density measure',
POSITIVE_RATIO_MEASURE(7850.),#1667);
#1669=PROPERTY_DEFINITION_REPRESENTATION(#1674,#1671);
#1670=PROPERTY_DEFINITION_REPRESENTATION(#1675,#1672);
#1671=REPRESENTATION('material name',(#1673),#2850);
#1672=REPRESENTATION('density',(#1668),#2850);
#1673=DESCRIPTIVE_REPRESENTATION_ITEM('Steel','Steel');
#1674=PROPERTY_DEFINITION('material property','material name',#2860);
#1675=PROPERTY_DEFINITION('material property','density of part',#2860);
#1676=AXIS2_PLACEMENT_3D('',#2359,#1853,#1854);
#1677=AXIS2_PLACEMENT_3D('',#2360,#1855,#1856);
#1678=AXIS2_PLACEMENT_3D('',#2363,#1857,#1858);
#1679=AXIS2_PLACEMENT_3D('',#2367,#1860,#1861);
#1680=AXIS2_PLACEMENT_3D('',#2369,#1863,#1864);
#1681=AXIS2_PLACEMENT_3D('',#2375,#1868,#1869);
#1682=AXIS2_PLACEMENT_3D('',#2378,#1870,#1871);
#1683=AXIS2_PLACEMENT_3D('',#2382,#1873,#1874);
#1684=AXIS2_PLACEMENT_3D('',#2384,#1876,#1877);
#1685=AXIS2_PLACEMENT_3D('',#2389,#1880,#1881);
#1686=AXIS2_PLACEMENT_3D('',#2393,#1883,#1884);
#1687=AXIS2_PLACEMENT_3D('',#2397,#1886,#1887);
#1688=AXIS2_PLACEMENT_3D('',#2401,#1889,#1890);
#1689=AXIS2_PLACEMENT_3D('',#2405,#1892,#1893);
#1690=AXIS2_PLACEMENT_3D('',#2409,#1895,#1896);
#1691=AXIS2_PLACEMENT_3D('',#2413,#1898,#1899);
#1692=AXIS2_PLACEMENT_3D('',#2417,#1901,#1902);
#1693=AXIS2_PLACEMENT_3D('',#2421,#1904,#1905);
#1694=AXIS2_PLACEMENT_3D('',#2424,#1907,#1908);
#1695=AXIS2_PLACEMENT_3D('',#2425,#1909,#1910);
#1696=AXIS2_PLACEMENT_3D('',#2429,#1913,#1914);
#1697=AXIS2_PLACEMENT_3D('',#2433,#1916,#1917);
#1698=AXIS2_PLACEMENT_3D('',#2435,#1919,#1920);
#1699=AXIS2_PLACEMENT_3D('',#2439,#1923,#1924);
#1700=AXIS2_PLACEMENT_3D('',#2443,#1926,#1927);
#1701=AXIS2_PLACEMENT_3D('',#2445,#1929,#1930);
#1702=AXIS2_PLACEMENT_3D('',#2447,#1932,#1933);
#1703=AXIS2_PLACEMENT_3D('',#2451,#1936,#1937);
#1704=AXIS2_PLACEMENT_3D('',#2453,#1938,#1939);
#1705=AXIS2_PLACEMENT_3D('',#2455,#1941,#1942);
#1706=AXIS2_PLACEMENT_3D('',#2457,#1943,#1944);
#1707=AXIS2_PLACEMENT_3D('',#2459,#1946,#1947);
#1708=AXIS2_PLACEMENT_3D('',#2461,#1949,#1950);
#1709=AXIS2_PLACEMENT_3D('',#2465,#1952,#1953);
#1710=AXIS2_PLACEMENT_3D('',#2467,#1955,#1956);
#1711=AXIS2_PLACEMENT_3D('',#2471,#1959,#1960);
#1712=AXIS2_PLACEMENT_3D('',#2473,#1961,#1962);
#1713=AXIS2_PLACEMENT_3D('',#2475,#1964,#1965);
#1714=AXIS2_PLACEMENT_3D('',#2479,#1968,#1969);
#1715=AXIS2_PLACEMENT_3D('',#2483,#1972,#1973);
#1716=AXIS2_PLACEMENT_3D('',#2485,#1974,#1975);
#1717=AXIS2_PLACEMENT_3D('',#2487,#1977,#1978);
#1718=AXIS2_PLACEMENT_3D('',#2492,#1980,#1981);
#1719=AXIS2_PLACEMENT_3D('',#2496,#1983,#1984);
#1720=AXIS2_PLACEMENT_3D('',#2500,#1986,#1987);
#1721=AXIS2_PLACEMENT_3D('',#2503,#1989,#1990);
#1722=AXIS2_PLACEMENT_3D('',#2505,#1991,#1992);
#1723=AXIS2_PLACEMENT_3D('',#2507,#1993,#1994);
#1724=AXIS2_PLACEMENT_3D('',#2509,#1995,#1996);
#1725=AXIS2_PLACEMENT_3D('',#2511,#1997,#1998);
#1726=AXIS2_PLACEMENT_3D('',#2513,#1999,#2000);
#1727=AXIS2_PLACEMENT_3D('',#2516,#2002,#2003);
#1728=AXIS2_PLACEMENT_3D('',#2518,#2004,#2005);
#1729=AXIS2_PLACEMENT_3D('',#2521,#2008,#2009);
#1730=AXIS2_PLACEMENT_3D('',#2523,#2011,#2012);
#1731=AXIS2_PLACEMENT_3D('',#2525,#2014,#2015);
#1732=AXIS2_PLACEMENT_3D('',#2532,#2016,#2017);
#1733=AXIS2_PLACEMENT_3D('',#2535,#2019,#2020);
#1734=AXIS2_PLACEMENT_3D('',#2536,#2021,#2022);
#1735=AXIS2_PLACEMENT_3D('',#2542,#2026,#2027);
#1736=AXIS2_PLACEMENT_3D('',#2546,#2029,#2030);
#1737=AXIS2_PLACEMENT_3D('',#2547,#2031,#2032);
#1738=AXIS2_PLACEMENT_3D('',#2548,#2033,#2034);
#1739=AXIS2_PLACEMENT_3D('',#2554,#2038,#2039);
#1740=AXIS2_PLACEMENT_3D('',#2560,#2040,#2041);
#1741=AXIS2_PLACEMENT_3D('',#2561,#2042,#2043);
#1742=AXIS2_PLACEMENT_3D('',#2562,#2044,#2045);
#1743=AXIS2_PLACEMENT_3D('',#2566,#2047,#2048);
#1744=AXIS2_PLACEMENT_3D('',#2568,#2050,#2051);
#1745=AXIS2_PLACEMENT_3D('',#2572,#2054,#2055);
#1746=AXIS2_PLACEMENT_3D('',#2575,#2057,#2058);
#1747=AXIS2_PLACEMENT_3D('',#2576,#2059,#2060);
#1748=AXIS2_PLACEMENT_3D('',#2580,#2063,#2064);
#1749=AXIS2_PLACEMENT_3D('',#2583,#2066,#2067);
#1750=AXIS2_PLACEMENT_3D('',#2584,#2068,#2069);
#1751=AXIS2_PLACEMENT_3D('',#2587,#2071,#2072);
#1752=AXIS2_PLACEMENT_3D('',#2588,#2073,#2074);
#1753=AXIS2_PLACEMENT_3D('',#2598,#2080,#2081);
#1754=AXIS2_PLACEMENT_3D('',#2605,#2082,#2083);
#1755=AXIS2_PLACEMENT_3D('',#2608,#2085,#2086);
#1756=AXIS2_PLACEMENT_3D('',#2609,#2087,#2088);
#1757=AXIS2_PLACEMENT_3D('',#2615,#2092,#2093);
#1758=AXIS2_PLACEMENT_3D('',#2619,#2095,#2096);
#1759=AXIS2_PLACEMENT_3D('',#2620,#2097,#2098);
#1760=AXIS2_PLACEMENT_3D('',#2621,#2099,#2100);
#1761=AXIS2_PLACEMENT_3D('',#2627,#2104,#2105);
#1762=AXIS2_PLACEMENT_3D('',#2633,#2106,#2107);
#1763=AXIS2_PLACEMENT_3D('',#2634,#2108,#2109);
#1764=AXIS2_PLACEMENT_3D('',#2635,#2110,#2111);
#1765=AXIS2_PLACEMENT_3D('',#2639,#2113,#2114);
#1766=AXIS2_PLACEMENT_3D('',#2641,#2116,#2117);
#1767=AXIS2_PLACEMENT_3D('',#2645,#2120,#2121);
#1768=AXIS2_PLACEMENT_3D('',#2648,#2123,#2124);
#1769=AXIS2_PLACEMENT_3D('',#2649,#2125,#2126);
#1770=AXIS2_PLACEMENT_3D('',#2653,#2129,#2130);
#1771=AXIS2_PLACEMENT_3D('',#2656,#2132,#2133);
#1772=AXIS2_PLACEMENT_3D('',#2657,#2134,#2135);
#1773=AXIS2_PLACEMENT_3D('',#2660,#2137,#2138);
#1774=AXIS2_PLACEMENT_3D('',#2661,#2139,#2140);
#1775=AXIS2_PLACEMENT_3D('',#2671,#2146,#2147);
#1776=AXIS2_PLACEMENT_3D('',#2677,#2151,#2152);
#1777=AXIS2_PLACEMENT_3D('',#2681,#2154,#2155);
#1778=AXIS2_PLACEMENT_3D('',#2682,#2156,#2157);
#1779=AXIS2_PLACEMENT_3D('',#2683,#2158,#2159);
#1780=AXIS2_PLACEMENT_3D('',#2686,#2161,#2162);
#1781=AXIS2_PLACEMENT_3D('',#2687,#2163,#2164);
#1782=AXIS2_PLACEMENT_3D('',#2693,#2168,#2169);
#1783=AXIS2_PLACEMENT_3D('',#2697,#2172,#2173);
#1784=AXIS2_PLACEMENT_3D('',#2700,#2175,#2176);
#1785=AXIS2_PLACEMENT_3D('',#2701,#2177,#2178);
#1786=AXIS2_PLACEMENT_3D('',#2702,#2179,#2180);
#1787=AXIS2_PLACEMENT_3D('',#2705,#2182,#2183);
#1788=AXIS2_PLACEMENT_3D('',#2706,#2184,#2185);
#1789=AXIS2_PLACEMENT_3D('',#2710,#2188,#2189);
#1790=AXIS2_PLACEMENT_3D('',#2714,#2192,#2193);
#1791=AXIS2_PLACEMENT_3D('',#2717,#2195,#2196);
#1792=AXIS2_PLACEMENT_3D('',#2718,#2197,#2198);
#1793=AXIS2_PLACEMENT_3D('',#2721,#2200,#2201);
#1794=AXIS2_PLACEMENT_3D('',#2722,#2202,#2203);
#1795=AXIS2_PLACEMENT_3D('',#2726,#2206,#2207);
#1796=AXIS2_PLACEMENT_3D('',#2730,#2210,#2211);
#1797=AXIS2_PLACEMENT_3D('',#2732,#2212,#2213);
#1798=AXIS2_PLACEMENT_3D('',#2734,#2215,#2216);
#1799=AXIS2_PLACEMENT_3D('',#2736,#2217,#2218);
#1800=AXIS2_PLACEMENT_3D('',#2739,#2220,#2221);
#1801=AXIS2_PLACEMENT_3D('',#2740,#2222,#2223);
#1802=AXIS2_PLACEMENT_3D('',#2744,#2226,#2227);
#1803=AXIS2_PLACEMENT_3D('',#2750,#2231,#2232);
#1804=AXIS2_PLACEMENT_3D('',#2753,#2234,#2235);
#1805=AXIS2_PLACEMENT_3D('',#2754,#2236,#2237);
#1806=AXIS2_PLACEMENT_3D('',#2755,#2238,#2239);
#1807=AXIS2_PLACEMENT_3D('',#2758,#2241,#2242);
#1808=AXIS2_PLACEMENT_3D('',#2759,#2243,#2244);
#1809=AXIS2_PLACEMENT_3D('',#2761,#2246,#2247);
#1810=AXIS2_PLACEMENT_3D('',#2764,#2249,#2250);
#1811=AXIS2_PLACEMENT_3D('',#2765,#2251,#2252);
#1812=AXIS2_PLACEMENT_3D('',#2769,#2255,#2256);
#1813=AXIS2_PLACEMENT_3D('',#2770,#2257,#2258);
#1814=AXIS2_PLACEMENT_3D('',#2771,#2259,#2260);
#1815=AXIS2_PLACEMENT_3D('',#2773,#2261,#2262);
#1816=AXIS2_PLACEMENT_3D('',#2775,#2263,#2264);
#1817=AXIS2_PLACEMENT_3D('',#2776,#2265,#2266);
#1818=AXIS2_PLACEMENT_3D('',#2779,#2268,#2269);
#1819=AXIS2_PLACEMENT_3D('',#2780,#2270,#2271);
#1820=AXIS2_PLACEMENT_3D('',#2781,#2272,#2273);
#1821=AXIS2_PLACEMENT_3D('',#2784,#2275,#2276);
#1822=AXIS2_PLACEMENT_3D('',#2785,#2277,#2278);
#1823=AXIS2_PLACEMENT_3D('',#2786,#2279,#2280);
#1824=AXIS2_PLACEMENT_3D('',#2789,#2282,#2283);
#1825=AXIS2_PLACEMENT_3D('',#2790,#2284,#2285);
#1826=AXIS2_PLACEMENT_3D('',#2791,#2286,#2287);
#1827=AXIS2_PLACEMENT_3D('',#2794,#2289,#2290);
#1828=AXIS2_PLACEMENT_3D('',#2795,#2291,#2292);
#1829=AXIS2_PLACEMENT_3D('',#2796,#2293,#2294);
#1830=AXIS2_PLACEMENT_3D('',#2798,#2296,#2297);
#1831=AXIS2_PLACEMENT_3D('',#2800,#2299,#2300);
#1832=AXIS2_PLACEMENT_3D('',#2801,#2301,#2302);
#1833=AXIS2_PLACEMENT_3D('',#2803,#2304,#2305);
#1834=AXIS2_PLACEMENT_3D('',#2804,#2306,#2307);
#1835=AXIS2_PLACEMENT_3D('',#2810,#2311,#2312);
#1836=AXIS2_PLACEMENT_3D('',#2813,#2314,#2315);
#1837=AXIS2_PLACEMENT_3D('',#2814,#2316,#2317);
#1838=AXIS2_PLACEMENT_3D('',#2818,#2320,#2321);
#1839=AXIS2_PLACEMENT_3D('',#2821,#2323,#2324);
#1840=AXIS2_PLACEMENT_3D('',#2822,#2325,#2326);
#1841=AXIS2_PLACEMENT_3D('',#2826,#2329,#2330);
#1842=AXIS2_PLACEMENT_3D('',#2829,#2332,#2333);
#1843=AXIS2_PLACEMENT_3D('',#2830,#2334,#2335);
#1844=AXIS2_PLACEMENT_3D('',#2834,#2338,#2339);
#1845=AXIS2_PLACEMENT_3D('',#2835,#2340,#2341);
#1846=AXIS2_PLACEMENT_3D('',#2836,#2342,#2343);
#1847=AXIS2_PLACEMENT_3D('',#2838,#2344,#2345);
#1848=AXIS2_PLACEMENT_3D('',#2841,#2347,#2348);
#1849=AXIS2_PLACEMENT_3D('',#2842,#2349,#2350);
#1850=AXIS2_PLACEMENT_3D('',#2845,#2353,#2354);
#1851=AXIS2_PLACEMENT_3D('',#2846,#2355,#2356);
#1852=AXIS2_PLACEMENT_3D('',#2847,#2357,#2358);
#1853=DIRECTION('axis',(0.,0.,1.));
#1854=DIRECTION('refdir',(1.,0.,0.));
#1855=DIRECTION('center_axis',(0.,0.,-1.));
#1856=DIRECTION('ref_axis',(-0.707106749272267,0.707106813100827,0.));
#1857=DIRECTION('center_axis',(0.,0.,1.));
#1858=DIRECTION('ref_axis',(-0.707106749272267,0.707106813100827,0.));
#1859=DIRECTION('',(0.,0.,1.));
#1860=DIRECTION('center_axis',(0.,0.,1.));
#1861=DIRECTION('ref_axis',(-0.707106749272267,0.707106813100827,0.));
#1862=DIRECTION('',(0.,0.,-1.));
#1863=DIRECTION('center_axis',(-3.39940870340395E-16,-1.,0.));
#1864=DIRECTION('ref_axis',(-1.,3.39940870340395E-16,0.));
#1865=DIRECTION('',(1.,-3.39940870340395E-16,0.));
#1866=DIRECTION('',(0.,0.,-1.));
#1867=DIRECTION('',(1.,-3.39940870340395E-16,0.));
#1868=DIRECTION('center_axis',(0.,0.,1.));
#1869=DIRECTION('ref_axis',(-0.707106813100825,-0.707106749272269,0.));
#1870=DIRECTION('center_axis',(0.,0.,1.));
#1871=DIRECTION('ref_axis',(-0.707106813100825,-0.707106749272269,0.));
#1872=DIRECTION('',(0.,0.,1.));
#1873=DIRECTION('center_axis',(0.,0.,1.));
#1874=DIRECTION('ref_axis',(-0.707106813100825,-0.707106749272269,0.));
#1875=DIRECTION('',(0.,0.,-1.));
#1876=DIRECTION('center_axis',(0.,0.,-1.));
#1877=DIRECTION('ref_axis',(1.,0.,0.));
#1878=DIRECTION('',(9.02672079949638E-8,0.999999999999996,0.));
#1879=DIRECTION('',(-1.,-1.38227393789654E-16,0.));
#1880=DIRECTION('center_axis',(0.,0.,-1.));
#1881=DIRECTION('ref_axis',(0.707106781186548,0.707106781186548,0.));
#1882=DIRECTION('',(0.,-1.,0.));
#1883=DIRECTION('center_axis',(0.,0.,1.));
#1884=DIRECTION('ref_axis',(-0.707106781186546,-0.707106781186549,0.));
#1885=DIRECTION('',(1.,2.75606211205514E-15,0.));
#1886=DIRECTION('center_axis',(0.,0.,1.));
#1887=DIRECTION('ref_axis',(0.70710678118654,-0.707106781186555,0.));
#1888=DIRECTION('',(0.,-1.,0.));
#1889=DIRECTION('center_axis',(0.,0.,1.));
#1890=DIRECTION('ref_axis',(0.70710681310081,0.707106749272284,0.));
#1891=DIRECTION('',(-0.999999999999996,9.02672079917046E-8,0.));
#1892=DIRECTION('center_axis',(0.,0.,1.));
#1893=DIRECTION('ref_axis',(-0.707106749272262,0.707106813100832,0.));
#1894=DIRECTION('',(0.,-1.,0.));
#1895=DIRECTION('center_axis',(0.,0.,-1.));
#1896=DIRECTION('ref_axis',(0.707106781186541,-0.707106781186554,0.));
#1897=DIRECTION('',(1.,0.,0.));
#1898=DIRECTION('center_axis',(0.,0.,1.));
#1899=DIRECTION('ref_axis',(-0.707106749272265,0.707106813100829,0.));
#1900=DIRECTION('',(9.02672079949638E-8,0.999999999999996,0.));
#1901=DIRECTION('center_axis',(0.,0.,1.));
#1902=DIRECTION('ref_axis',(-0.707106813100825,-0.707106749272268,0.));
#1903=DIRECTION('',(-1.,1.35976348136158E-16,0.));
#1904=DIRECTION('center_axis',(0.,0.,-1.));
#1905=DIRECTION('ref_axis',(0.707106781186548,0.707106781186548,0.));
#1906=DIRECTION('',(0.,1.,0.));
#1907=DIRECTION('center_axis',(0.,0.,-1.));
#1908=DIRECTION('ref_axis',(0.707106781186544,-0.707106781186551,0.));
#1909=DIRECTION('center_axis',(-1.38227393789654E-16,1.,0.));
#1910=DIRECTION('ref_axis',(1.,1.38227393789654E-16,0.));
#1911=DIRECTION('',(-1.,-1.38227393789654E-16,0.));
#1912=DIRECTION('',(0.,0.,1.));
#1913=DIRECTION('center_axis',(0.,0.,1.));
#1914=DIRECTION('ref_axis',(-0.707106813100825,-0.707106749272268,0.));
#1915=DIRECTION('',(0.,0.,1.));
#1916=DIRECTION('center_axis',(0.,0.,1.));
#1917=DIRECTION('ref_axis',(-0.707106813100825,-0.707106749272268,0.));
#1918=DIRECTION('',(0.,0.,-1.));
#1919=DIRECTION('center_axis',(1.35976348136158E-16,1.,0.));
#1920=DIRECTION('ref_axis',(1.,-1.35976348136158E-16,0.));
#1921=DIRECTION('',(-1.,1.35976348136158E-16,0.));
#1922=DIRECTION('',(0.,0.,1.));
#1923=DIRECTION('center_axis',(0.,0.,-1.));
#1924=DIRECTION('ref_axis',(-0.707106749272265,0.707106813100829,0.));
#1925=DIRECTION('',(0.,0.,1.));
#1926=DIRECTION('center_axis',(0.,0.,1.));
#1927=DIRECTION('ref_axis',(-0.707106749272265,0.707106813100829,0.));
#1928=DIRECTION('',(0.,0.,-1.));
#1929=DIRECTION('center_axis',(0.999999999999996,-9.02672079949638E-8,0.));
#1930=DIRECTION('ref_axis',(-9.02672079949638E-8,-0.999999999999996,0.));
#1931=DIRECTION('',(9.02672079949638E-8,0.999999999999996,0.));
#1932=DIRECTION('center_axis',(0.,-1.,0.));
#1933=DIRECTION('ref_axis',(-1.,0.,0.));
#1934=DIRECTION('',(0.,0.,-1.));
#1935=DIRECTION('',(1.,0.,0.));
#1936=DIRECTION('center_axis',(0.,0.,1.));
#1937=DIRECTION('ref_axis',(0.707106781186548,0.707106781186548,0.));
#1938=DIRECTION('center_axis',(0.,0.,-1.));
#1939=DIRECTION('ref_axis',(0.707106781186548,0.707106781186548,0.));
#1940=DIRECTION('',(0.,0.,-1.));
#1941=DIRECTION('center_axis',(0.,0.,1.));
#1942=DIRECTION('ref_axis',(0.707106781186544,-0.707106781186551,0.));
#1943=DIRECTION('center_axis',(0.,0.,-1.));
#1944=DIRECTION('ref_axis',(0.707106781186544,-0.707106781186551,0.));
#1945=DIRECTION('',(0.,0.,1.));
#1946=DIRECTION('center_axis',(1.,-5.9211894646675E-16,0.));
#1947=DIRECTION('ref_axis',(-5.9211894646675E-16,-1.,0.));
#1948=DIRECTION('',(0.,1.,0.));
#1949=DIRECTION('center_axis',(0.,0.,1.));
#1950=DIRECTION('ref_axis',(0.70710678118654,-0.707106781186555,0.));
#1951=DIRECTION('',(0.,0.,1.));
#1952=DIRECTION('center_axis',(0.,0.,1.));
#1953=DIRECTION('ref_axis',(0.70710678118654,-0.707106781186555,0.));
#1954=DIRECTION('',(0.,0.,-1.));
#1955=DIRECTION('center_axis',(-1.,0.,0.));
#1956=DIRECTION('ref_axis',(0.,1.,0.));
#1957=DIRECTION('',(0.,-1.,0.));
#1958=DIRECTION('',(0.,0.,1.));
#1959=DIRECTION('center_axis',(0.,0.,1.));
#1960=DIRECTION('ref_axis',(0.70710681310081,0.707106749272284,0.));
#1961=DIRECTION('center_axis',(0.,0.,1.));
#1962=DIRECTION('ref_axis',(0.70710681310081,0.707106749272284,0.));
#1963=DIRECTION('',(0.,0.,-1.));
#1964=DIRECTION('center_axis',(-9.02672079917046E-8,-0.999999999999996,
0.));
#1965=DIRECTION('ref_axis',(-0.999999999999996,9.02672079917046E-8,0.));
#1966=DIRECTION('',(0.999999999999996,-9.02672079917046E-8,0.));
#1967=DIRECTION('',(0.,0.,1.));
#1968=DIRECTION('center_axis',(-2.75606211205514E-15,1.,0.));
#1969=DIRECTION('ref_axis',(1.,2.75606211205514E-15,0.));
#1970=DIRECTION('',(0.,0.,-1.));
#1971=DIRECTION('',(-1.,-2.75606211205514E-15,0.));
#1972=DIRECTION('center_axis',(0.,0.,1.));
#1973=DIRECTION('ref_axis',(0.707106781186548,0.707106781186548,0.));
#1974=DIRECTION('center_axis',(0.,0.,-1.));
#1975=DIRECTION('ref_axis',(0.707106781186548,0.707106781186548,0.));
#1976=DIRECTION('',(0.,0.,-1.));
#1977=DIRECTION('center_axis',(0.,0.,-1.));
#1978=DIRECTION('ref_axis',(1.,0.,0.));
#1979=DIRECTION('',(1.,0.,0.));
#1980=DIRECTION('center_axis',(0.,0.,1.));
#1981=DIRECTION('ref_axis',(0.000217447095833101,-0.99999997635838,0.));
#1982=DIRECTION('',(7.33362000018506E-8,0.999999999999997,0.));
#1983=DIRECTION('center_axis',(0.,0.,1.));
#1984=DIRECTION('ref_axis',(0.999999791778144,0.000645324467596322,0.));
#1985=DIRECTION('',(-0.999999999999996,9.02672079917046E-8,0.));
#1986=DIRECTION('center_axis',(0.,0.,1.));
#1987=DIRECTION('ref_axis',(-0.000442697582530912,0.99999990200942,0.));
#1988=DIRECTION('',(-7.67303456269798E-14,-1.,0.));
#1989=DIRECTION('center_axis',(0.,0.,1.));
#1990=DIRECTION('ref_axis',(-1.,2.81126064313675E-16,0.));
#1991=DIRECTION('center_axis',(0.,0.,-1.));
#1992=DIRECTION('ref_axis',(-1.,0.,0.));
#1993=DIRECTION('center_axis',(0.,0.,-1.));
#1994=DIRECTION('ref_axis',(-1.,0.,0.));
#1995=DIRECTION('center_axis',(0.,0.,-1.));
#1996=DIRECTION('ref_axis',(-1.,0.,0.));
#1997=DIRECTION('center_axis',(0.,0.,-1.));
#1998=DIRECTION('ref_axis',(-1.,0.,0.));
#1999=DIRECTION('center_axis',(0.,0.,-1.));
#2000=DIRECTION('ref_axis',(0.707106781186541,-0.707106781186554,0.));
#2001=DIRECTION('',(0.,-1.,0.));
#2002=DIRECTION('center_axis',(0.,0.,1.));
#2003=DIRECTION('ref_axis',(-0.707106749272262,0.707106813100832,0.));
#2004=DIRECTION('center_axis',(0.,0.,1.));
#2005=DIRECTION('ref_axis',(-0.707106781186546,-0.707106781186549,0.));
#2006=DIRECTION('',(0.,-1.,0.));
#2007=DIRECTION('',(9.02672079949638E-8,0.999999999999996,0.));
#2008=DIRECTION('center_axis',(0.,0.,1.));
#2009=DIRECTION('ref_axis',(0.707106781186541,-0.707106781186554,0.));
#2010=DIRECTION('',(0.,0.,1.));
#2011=DIRECTION('center_axis',(1.,0.,0.));
#2012=DIRECTION('ref_axis',(0.,-1.,0.));
#2013=DIRECTION('',(0.,0.,-1.));
#2014=DIRECTION('center_axis',(0.,0.,1.));
#2015=DIRECTION('ref_axis',(-0.707106781186545,-0.70710678118655,0.));
#2016=DIRECTION('center_axis',(0.,0.,-1.));
#2017=DIRECTION('ref_axis',(-0.707106781186545,-0.70710678118655,0.));
#2018=DIRECTION('',(-0.707106781186553,0.,0.707106781186542));
#2019=DIRECTION('center_axis',(0.,0.,1.));
#2020=DIRECTION('ref_axis',(-0.707106781186545,-0.70710678118655,0.));
#2021=DIRECTION('center_axis',(0.707106781186542,-1.79794805362483E-15,
0.707106781186553));
#2022=DIRECTION('ref_axis',(0.707106781186553,0.,-0.707106781186542));
#2023=DIRECTION('',(-0.707106781186553,0.,0.707106781186542));
#2024=DIRECTION('',(-2.54268252187856E-15,-1.,0.));
#2025=DIRECTION('',(2.54268252187856E-15,1.,0.));
#2026=DIRECTION('center_axis',(0.,0.,-1.));
#2027=DIRECTION('ref_axis',(-1.,2.368475785867E-15,0.));
#2028=DIRECTION('',(0.707106781186553,0.,0.707106781186542));
#2029=DIRECTION('center_axis',(0.,0.,-1.));
#2030=DIRECTION('ref_axis',(-1.,2.368475785867E-15,0.));
#2031=DIRECTION('center_axis',(0.,0.,1.));
#2032=DIRECTION('ref_axis',(-1.,2.368475785867E-15,0.));
#2033=DIRECTION('center_axis',(-0.707106781186549,1.77150764107154E-15,
0.707106781186546));
#2034=DIRECTION('ref_axis',(0.707106781186546,0.,0.707106781186549));
#2035=DIRECTION('',(0.707106781186546,0.,0.707106781186549));
#2036=DIRECTION('',(2.50529013185093E-15,1.,0.));
#2037=DIRECTION('',(-2.50529013185093E-15,-1.,0.));
#2038=DIRECTION('center_axis',(0.,0.,1.));
#2039=DIRECTION('ref_axis',(0.707106781186546,-0.707106781186549,0.));
#2040=DIRECTION('center_axis',(0.,0.,1.));
#2041=DIRECTION('ref_axis',(0.707106781186546,-0.707106781186549,0.));
#2042=DIRECTION('center_axis',(0.,0.,-1.));
#2043=DIRECTION('ref_axis',(0.707106781186546,-0.707106781186549,0.));
#2044=DIRECTION('center_axis',(0.,0.,-1.));
#2045=DIRECTION('ref_axis',(0.707106781186546,-0.707106781186549,0.));
#2046=DIRECTION('',(0.,0.,-1.));
#2047=DIRECTION('center_axis',(0.,0.,1.));
#2048=DIRECTION('ref_axis',(0.707106781186546,-0.707106781186549,0.));
#2049=DIRECTION('',(0.,0.,1.));
#2050=DIRECTION('center_axis',(-1.,2.50529013185093E-15,0.));
#2051=DIRECTION('ref_axis',(-2.50529013185093E-15,-1.,0.));
#2052=DIRECTION('',(0.,0.,1.));
#2053=DIRECTION('',(2.50529013185093E-15,1.,0.));
#2054=DIRECTION('center_axis',(0.,0.,1.));
#2055=DIRECTION('ref_axis',(-1.,2.368475785867E-15,0.));
#2056=DIRECTION('',(0.,0.,1.));
#2057=DIRECTION('center_axis',(0.,0.,-1.));
#2058=DIRECTION('ref_axis',(-1.,2.368475785867E-15,0.));
#2059=DIRECTION('center_axis',(1.,-2.54268252187856E-15,0.));
#2060=DIRECTION('ref_axis',(2.54268252187856E-15,1.,0.));
#2061=DIRECTION('',(0.,0.,1.));
#2062=DIRECTION('',(-2.54268252187856E-15,-1.,0.));
#2063=DIRECTION('center_axis',(0.,0.,1.));
#2064=DIRECTION('ref_axis',(-0.707106781186545,-0.70710678118655,0.));
#2065=DIRECTION('',(0.,0.,-1.));
#2066=DIRECTION('center_axis',(0.,0.,1.));
#2067=DIRECTION('ref_axis',(-0.707106781186545,-0.70710678118655,0.));
#2068=DIRECTION('center_axis',(0.,0.,-1.));
#2069=DIRECTION('ref_axis',(1.,0.,0.));
#2070=DIRECTION('',(1.,-3.89046023572098E-16,0.));
#2071=DIRECTION('center_axis',(0.,0.,-1.));
#2072=DIRECTION('ref_axis',(1.,0.,0.));
#2073=DIRECTION('center_axis',(3.89046023572098E-16,1.,0.));
#2074=DIRECTION('ref_axis',(1.,-3.89046023572098E-16,0.));
#2075=DIRECTION('',(1.,-3.89046023572098E-16,0.));
#2076=DIRECTION('',(0.,0.,-1.));
#2077=DIRECTION('',(1.,-3.89046023572098E-16,0.));
#2078=DIRECTION('',(0.,0.,1.));
#2079=DIRECTION('',(1.,-3.89046023572098E-16,0.));
#2080=DIRECTION('center_axis',(0.,0.,1.));
#2081=DIRECTION('ref_axis',(0.707106781186548,0.707106781186547,0.));
#2082=DIRECTION('center_axis',(0.,0.,-1.));
#2083=DIRECTION('ref_axis',(0.707106781186548,0.707106781186547,0.));
#2084=DIRECTION('',(0.707106781186549,-1.57009245868377E-15,0.707106781186546));
#2085=DIRECTION('center_axis',(0.,0.,1.));
#2086=DIRECTION('ref_axis',(0.707106781186548,0.707106781186547,0.));
#2087=DIRECTION('center_axis',(-0.707106781186549,1.77150764107154E-15,
0.707106781186546));
#2088=DIRECTION('ref_axis',(0.707106781186546,0.,0.707106781186549));
#2089=DIRECTION('',(0.707106781186521,-3.14018491736767E-15,0.707106781186574));
#2090=DIRECTION('',(2.50529013185093E-15,1.,0.));
#2091=DIRECTION('',(-2.50529013185093E-15,-1.,0.));
#2092=DIRECTION('center_axis',(0.,0.,-1.));
#2093=DIRECTION('ref_axis',(1.,-3.84877315203388E-15,0.));
#2094=DIRECTION('',(-0.707106781186546,0.,0.707106781186549));
#2095=DIRECTION('center_axis',(0.,0.,-1.));
#2096=DIRECTION('ref_axis',(1.,-3.84877315203389E-15,0.));
#2097=DIRECTION('center_axis',(0.,0.,1.));
#2098=DIRECTION('ref_axis',(1.,-3.84877315203389E-15,0.));
#2099=DIRECTION('center_axis',(0.707106781186549,-1.79794805362484E-15,
0.707106781186546));
#2100=DIRECTION('ref_axis',(0.707106781186546,0.,-0.707106781186549));
#2101=DIRECTION('',(-0.707106781186546,3.14018491736756E-15,0.707106781186549));
#2102=DIRECTION('',(-2.54268252187856E-15,-1.,0.));
#2103=DIRECTION('',(2.54268252187856E-15,1.,0.));
#2104=DIRECTION('center_axis',(0.,0.,1.));
#2105=DIRECTION('ref_axis',(-0.707106781186545,0.70710678118655,0.));
#2106=DIRECTION('center_axis',(0.,0.,1.));
#2107=DIRECTION('ref_axis',(-0.707106781186545,0.70710678118655,0.));
#2108=DIRECTION('center_axis',(0.,0.,-1.));
#2109=DIRECTION('ref_axis',(-0.707106781186545,0.70710678118655,0.));
#2110=DIRECTION('center_axis',(0.,0.,-1.));
#2111=DIRECTION('ref_axis',(-0.707106781186545,0.70710678118655,0.));
#2112=DIRECTION('',(0.,0.,-1.));
#2113=DIRECTION('center_axis',(0.,0.,1.));
#2114=DIRECTION('ref_axis',(-0.707106781186545,0.70710678118655,0.));
#2115=DIRECTION('',(0.,0.,1.));
#2116=DIRECTION('center_axis',(1.,-2.54268252187856E-15,0.));
#2117=DIRECTION('ref_axis',(2.54268252187856E-15,1.,0.));
#2118=DIRECTION('',(0.,0.,1.));
#2119=DIRECTION('',(-2.54268252187856E-15,-1.,0.));
#2120=DIRECTION('center_axis',(0.,0.,1.));
#2121=DIRECTION('ref_axis',(1.,-3.84877315203389E-15,0.));
#2122=DIRECTION('',(0.,0.,1.));
#2123=DIRECTION('center_axis',(0.,0.,-1.));
#2124=DIRECTION('ref_axis',(1.,-3.84877315203389E-15,0.));
#2125=DIRECTION('center_axis',(-1.,2.50529013185093E-15,0.));
#2126=DIRECTION('ref_axis',(-2.50529013185093E-15,-1.,0.));
#2127=DIRECTION('',(0.,0.,1.));
#2128=DIRECTION('',(2.50529013185093E-15,1.,0.));
#2129=DIRECTION('center_axis',(0.,0.,1.));
#2130=DIRECTION('ref_axis',(0.707106781186548,0.707106781186547,0.));
#2131=DIRECTION('',(0.,0.,-1.));
#2132=DIRECTION('center_axis',(0.,0.,1.));
#2133=DIRECTION('ref_axis',(0.707106781186548,0.707106781186547,0.));
#2134=DIRECTION('center_axis',(0.,0.,-1.));
#2135=DIRECTION('ref_axis',(1.,0.,0.));
#2136=DIRECTION('',(-1.,-7.29461294197683E-17,0.));
#2137=DIRECTION('center_axis',(0.,0.,-1.));
#2138=DIRECTION('ref_axis',(1.,0.,0.));
#2139=DIRECTION('center_axis',(7.29461294197683E-17,-1.,0.));
#2140=DIRECTION('ref_axis',(-1.,-7.29461294197683E-17,0.));
#2141=DIRECTION('',(-1.,-7.29461294197683E-17,0.));
#2142=DIRECTION('',(0.,0.,-1.));
#2143=DIRECTION('',(-1.,-7.29461294197683E-17,0.));
#2144=DIRECTION('',(0.,0.,1.));
#2145=DIRECTION('',(-1.,-7.29461294197683E-17,0.));
#2146=DIRECTION('center_axis',(3.47973342033272E-16,0.894427190999901,-0.447213595499988));
#2147=DIRECTION('ref_axis',(0.,0.447213595499988,0.894427190999901));
#2148=DIRECTION('',(0.,-0.447213595499988,-0.894427190999901));
#2149=DIRECTION('',(-1.,3.89046023572098E-16,0.));
#2150=DIRECTION('',(5.0426474987834E-17,0.447213595500001,0.894427190999894));
#2151=DIRECTION('center_axis',(0.,0.,1.));
#2152=DIRECTION('ref_axis',(-0.707106781186547,0.707106781186548,0.));
#2153=DIRECTION('',(-0.447213595499958,0.,0.894427190999916));
#2154=DIRECTION('center_axis',(0.,0.,-1.));
#2155=DIRECTION('ref_axis',(-0.707106781186547,0.707106781186548,0.));
#2156=DIRECTION('center_axis',(0.,0.,1.));
#2157=DIRECTION('ref_axis',(-0.707106781186547,0.707106781186548,0.));
#2158=DIRECTION('center_axis',(0.,0.,-1.));
#2159=DIRECTION('ref_axis',(0.707106781186546,-0.707106781186549,0.));
#2160=DIRECTION('',(0.447213595499959,0.,-0.894427190999915));
#2161=DIRECTION('center_axis',(0.,0.,-1.));
#2162=DIRECTION('ref_axis',(0.707106781186546,-0.707106781186549,0.));
#2163=DIRECTION('center_axis',(-0.894427190999917,0.,-0.447213595499956));
#2164=DIRECTION('ref_axis',(-0.447213595499956,0.,0.894427190999917));
#2165=DIRECTION('',(0.,-1.,0.));
#2166=DIRECTION('',(-0.447213595499956,1.58649448230959E-15,0.894427190999917));
#2167=DIRECTION('',(0.,1.,0.));
#2168=DIRECTION('center_axis',(-0.894427190999917,2.24079961527124E-15,
-0.447213595499956));
#2169=DIRECTION('ref_axis',(-0.447213595499956,0.,0.894427190999917));
#2170=DIRECTION('',(0.447213595499956,0.,-0.894427190999917));
#2171=DIRECTION('',(-2.50529013185093E-15,-1.,0.));
#2172=DIRECTION('center_axis',(0.,0.,1.));
#2173=DIRECTION('ref_axis',(-0.707106781186547,-0.707106781186548,0.));
#2174=DIRECTION('',(1.95887460529667E-16,-0.447213595499958,0.894427190999916));
#2175=DIRECTION('center_axis',(0.,0.,-1.));
#2176=DIRECTION('ref_axis',(-0.707106781186547,-0.707106781186548,0.));
#2177=DIRECTION('center_axis',(0.,0.,1.));
#2178=DIRECTION('ref_axis',(-0.707106781186547,-0.707106781186548,0.));
#2179=DIRECTION('center_axis',(0.,0.,1.));
#2180=DIRECTION('ref_axis',(-1.,2.368475785867E-15,0.));
#2181=DIRECTION('',(-0.447213595499956,0.,-0.894427190999917));
#2182=DIRECTION('center_axis',(0.,0.,1.));
#2183=DIRECTION('ref_axis',(-1.,2.368475785867E-15,0.));
#2184=DIRECTION('center_axis',(6.52450016312397E-17,-0.894427190999917,
-0.447213595499956));
#2185=DIRECTION('ref_axis',(0.,0.447213595499956,-0.894427190999917));
#2186=DIRECTION('',(1.,7.29461294197683E-17,0.));
#2187=DIRECTION('',(0.,-0.447213595499956,0.894427190999917));
#2188=DIRECTION('center_axis',(0.894427190999914,-2.27424438564842E-15,
-0.447213595499963));
#2189=DIRECTION('ref_axis',(-0.447213595499963,0.,-0.894427190999913));
#2190=DIRECTION('',(-0.447213595499963,0.,-0.894427190999913));
#2191=DIRECTION('',(2.54268252187856E-15,1.,0.));
#2192=DIRECTION('center_axis',(0.,0.,-1.));
#2193=DIRECTION('ref_axis',(0.707106781186548,0.707106781186547,0.));
#2194=DIRECTION('',(-0.447213595499959,9.93013661298907E-16,0.894427190999915));
#2195=DIRECTION('center_axis',(0.,0.,-1.));
#2196=DIRECTION('ref_axis',(0.707106781186548,0.707106781186547,0.));
#2197=DIRECTION('center_axis',(0.,0.,-1.));
#2198=DIRECTION('ref_axis',(-0.707106781186545,-0.70710678118655,0.));
#2199=DIRECTION('',(0.,-0.44721359549995,-0.89442719099992));
#2200=DIRECTION('center_axis',(0.,0.,-1.));
#2201=DIRECTION('ref_axis',(-0.707106781186545,-0.70710678118655,0.));
#2202=DIRECTION('center_axis',(-0.894427190999917,2.24079961527124E-15,
-0.447213595499956));
#2203=DIRECTION('ref_axis',(-0.447213595499956,0.,0.894427190999917));
#2204=DIRECTION('',(-2.50529013185093E-15,-1.,0.));
#2205=DIRECTION('',(-0.447213595499931,1.98602732259785E-15,0.894427190999929));
#2206=DIRECTION('center_axis',(3.47973342033277E-16,0.894427190999914,-0.447213595499963));
#2207=DIRECTION('ref_axis',(0.,0.447213595499963,0.894427190999913));
#2208=DIRECTION('',(0.,-0.447213595499963,-0.894427190999913));
#2209=DIRECTION('',(-1.,3.89046023572098E-16,0.));
#2210=DIRECTION('center_axis',(0.,0.,1.));
#2211=DIRECTION('ref_axis',(1.,-3.84877315203388E-15,0.));
#2212=DIRECTION('center_axis',(0.,0.,1.));
#2213=DIRECTION('ref_axis',(1.,-3.84877315203389E-15,0.));
#2214=DIRECTION('',(0.447213595499956,-1.98602732259782E-15,0.894427190999917));
#2215=DIRECTION('center_axis',(0.,0.,1.));
#2216=DIRECTION('ref_axis',(0.707106781186547,0.707106781186547,0.));
#2217=DIRECTION('center_axis',(0.,0.,-1.));
#2218=DIRECTION('ref_axis',(0.707106781186548,0.707106781186548,0.));
#2219=DIRECTION('',(-0.447213595499963,0.,-0.894427190999913));
#2220=DIRECTION('center_axis',(0.,0.,1.));
#2221=DIRECTION('ref_axis',(0.707106781186548,0.707106781186548,0.));
#2222=DIRECTION('center_axis',(0.894427190999914,-2.27424438564842E-15,
-0.447213595499963));
#2223=DIRECTION('ref_axis',(-0.447213595499963,0.,-0.894427190999913));
#2224=DIRECTION('',(2.54268252187856E-15,1.,0.));
#2225=DIRECTION('',(0.447213595499956,-2.97904098389673E-15,0.894427190999917));
#2226=DIRECTION('center_axis',(0.894427190999914,0.,-0.447213595499963));
#2227=DIRECTION('ref_axis',(-0.447213595499963,0.,-0.894427190999913));
#2228=DIRECTION('',(-0.447213595499963,0.,-0.894427190999913));
#2229=DIRECTION('',(0.,1.,0.));
#2230=DIRECTION('',(0.,-1.,0.));
#2231=DIRECTION('center_axis',(0.,0.,-1.));
#2232=DIRECTION('ref_axis',(-0.707106781186545,0.70710678118655,0.));
#2233=DIRECTION('',(0.,-0.447213595499959,0.894427190999916));
#2234=DIRECTION('center_axis',(0.,0.,-1.));
#2235=DIRECTION('ref_axis',(-0.707106781186545,0.70710678118655,0.));
#2236=DIRECTION('center_axis',(0.,0.,1.));
#2237=DIRECTION('ref_axis',(0.707106781186549,-0.707106781186546,0.));
#2238=DIRECTION('center_axis',(0.,0.,-1.));
#2239=DIRECTION('ref_axis',(0.707106781186549,-0.707106781186546,0.));
#2240=DIRECTION('',(0.,0.447213595499955,-0.894427190999918));
#2241=DIRECTION('center_axis',(0.,0.,1.));
#2242=DIRECTION('ref_axis',(0.707106781186549,-0.707106781186546,0.));
#2243=DIRECTION('center_axis',(6.52450016312399E-17,-0.894427190999918,
-0.447213595499953));
#2244=DIRECTION('ref_axis',(0.,0.447213595499953,-0.894427190999918));
#2245=DIRECTION('',(1.,7.29461294197683E-17,0.));
#2246=DIRECTION('center_axis',(0.,0.,-1.));
#2247=DIRECTION('ref_axis',(0.707106781186549,-0.707106781186546,0.));
#2248=DIRECTION('',(0.,0.,1.));
#2249=DIRECTION('center_axis',(0.,0.,-1.));
#2250=DIRECTION('ref_axis',(0.707106781186549,-0.707106781186546,0.));
#2251=DIRECTION('center_axis',(1.,0.,0.));
#2252=DIRECTION('ref_axis',(0.,-1.,0.));
#2253=DIRECTION('',(0.,0.,-1.));
#2254=DIRECTION('',(0.,-1.,0.));
#2255=DIRECTION('center_axis',(0.,0.,-1.));
#2256=DIRECTION('ref_axis',(0.707106781186548,0.707106781186548,0.));
#2257=DIRECTION('center_axis',(0.,0.,-1.));
#2258=DIRECTION('ref_axis',(0.707106781186548,0.707106781186548,0.));
#2259=DIRECTION('center_axis',(0.,0.,-1.));
#2260=DIRECTION('ref_axis',(-1.,0.,0.));
#2261=DIRECTION('center_axis',(0.,0.,1.));
#2262=DIRECTION('ref_axis',(1.,0.,0.));
#2263=DIRECTION('center_axis',(0.,0.,1.));
#2264=DIRECTION('ref_axis',(1.,0.,0.));
#2265=DIRECTION('center_axis',(0.,0.,-1.));
#2266=DIRECTION('ref_axis',(-1.,0.,0.));
#2267=DIRECTION('',(0.,0.,-1.));
#2268=DIRECTION('center_axis',(0.,0.,-1.));
#2269=DIRECTION('ref_axis',(-1.,0.,0.));
#2270=DIRECTION('center_axis',(0.,0.,1.));
#2271=DIRECTION('ref_axis',(-1.,0.,0.));
#2272=DIRECTION('center_axis',(0.,0.,-1.));
#2273=DIRECTION('ref_axis',(-1.,0.,0.));
#2274=DIRECTION('',(0.,0.,-1.));
#2275=DIRECTION('center_axis',(0.,0.,-1.));
#2276=DIRECTION('ref_axis',(-1.,0.,0.));
#2277=DIRECTION('center_axis',(0.,0.,1.));
#2278=DIRECTION('ref_axis',(-1.,0.,0.));
#2279=DIRECTION('center_axis',(0.,0.,-1.));
#2280=DIRECTION('ref_axis',(-1.,0.,0.));
#2281=DIRECTION('',(0.,0.,-1.));
#2282=DIRECTION('center_axis',(0.,0.,-1.));
#2283=DIRECTION('ref_axis',(-1.,0.,0.));
#2284=DIRECTION('center_axis',(0.,0.,1.));
#2285=DIRECTION('ref_axis',(-1.,0.,0.));
#2286=DIRECTION('center_axis',(0.,0.,-1.));
#2287=DIRECTION('ref_axis',(-1.,0.,0.));
#2288=DIRECTION('',(0.,0.,-1.));
#2289=DIRECTION('center_axis',(0.,0.,-1.));
#2290=DIRECTION('ref_axis',(-1.,0.,0.));
#2291=DIRECTION('center_axis',(0.,0.,1.));
#2292=DIRECTION('ref_axis',(-1.,0.,0.));
#2293=DIRECTION('center_axis',(0.,0.,-1.));
#2294=DIRECTION('ref_axis',(1.,0.,0.));
#2295=DIRECTION('',(0.,0.,-1.));
#2296=DIRECTION('center_axis',(0.,0.,-1.));
#2297=DIRECTION('ref_axis',(1.,0.,0.));
#2298=DIRECTION('',(0.,0.,-1.));
#2299=DIRECTION('center_axis',(0.,0.,-1.));
#2300=DIRECTION('ref_axis',(-0.707106749272262,0.707106813100832,0.));
#2301=DIRECTION('center_axis',(0.,0.,-1.));
#2302=DIRECTION('ref_axis',(-0.707106781186546,-0.707106781186549,0.));
#2303=DIRECTION('',(0.,0.,1.));
#2304=DIRECTION('center_axis',(1.,0.,0.));
#2305=DIRECTION('ref_axis',(0.,-1.,0.));
#2306=DIRECTION('center_axis',(1.,-7.67303456269798E-14,0.));
#2307=DIRECTION('ref_axis',(-7.67303456269798E-14,-1.,0.));
#2308=DIRECTION('',(0.,0.,-1.));
#2309=DIRECTION('',(-7.67303456269798E-14,-1.,0.));
#2310=DIRECTION('',(0.,0.,-1.));
#2311=DIRECTION('center_axis',(0.,0.,-1.));
#2312=DIRECTION('ref_axis',(-0.000442697582530912,0.99999990200942,0.));
#2313=DIRECTION('',(0.,0.,-1.));
#2314=DIRECTION('center_axis',(0.,0.,1.));
#2315=DIRECTION('ref_axis',(-0.000442697582530912,0.99999990200942,0.));
#2316=DIRECTION('center_axis',(-9.02672079917046E-8,-0.999999999999996,
0.));
#2317=DIRECTION('ref_axis',(-0.999999999999996,9.02672079917046E-8,0.));
#2318=DIRECTION('',(0.,0.,-1.));
#2319=DIRECTION('',(-0.999999999999996,9.02672079917046E-8,0.));
#2320=DIRECTION('center_axis',(0.,0.,-1.));
#2321=DIRECTION('ref_axis',(0.999999791778144,0.000645324467596322,0.));
#2322=DIRECTION('',(0.,0.,-1.));
#2323=DIRECTION('center_axis',(0.,0.,1.));
#2324=DIRECTION('ref_axis',(0.999999791778144,0.000645324467596322,0.));
#2325=DIRECTION('center_axis',(-0.999999999999997,7.33362000018506E-8,0.));
#2326=DIRECTION('ref_axis',(7.33362000018506E-8,0.999999999999997,0.));
#2327=DIRECTION('',(0.,0.,-1.));
#2328=DIRECTION('',(7.33362000018506E-8,0.999999999999997,0.));
#2329=DIRECTION('center_axis',(0.,0.,-1.));
#2330=DIRECTION('ref_axis',(0.000217447095833101,-0.99999997635838,0.));
#2331=DIRECTION('',(0.,0.,-1.));
#2332=DIRECTION('center_axis',(0.,0.,1.));
#2333=DIRECTION('ref_axis',(0.000217447095833101,-0.99999997635838,0.));
#2334=DIRECTION('center_axis',(0.,1.,0.));
#2335=DIRECTION('ref_axis',(1.,0.,0.));
#2336=DIRECTION('',(0.,0.,-1.));
#2337=DIRECTION('',(1.,0.,0.));
#2338=DIRECTION('center_axis',(0.,0.,-1.));
#2339=DIRECTION('ref_axis',(-1.,2.81126064313675E-16,0.));
#2340=DIRECTION('center_axis',(0.,0.,1.));
#2341=DIRECTION('ref_axis',(-1.,2.81126064313675E-16,0.));
#2342=DIRECTION('center_axis',(0.,0.,1.));
#2343=DIRECTION('ref_axis',(-1.,0.,0.));
#2344=DIRECTION('center_axis',(0.,0.,-1.));
#2345=DIRECTION('ref_axis',(-0.707106781186547,0.707106781186548,0.));
#2346=DIRECTION('',(0.,1.,0.));
#2347=DIRECTION('center_axis',(0.,0.,-1.));
#2348=DIRECTION('ref_axis',(-0.707106781186547,-0.707106781186548,0.));
#2349=DIRECTION('center_axis',(-1.,0.,0.));
#2350=DIRECTION('ref_axis',(0.,1.,0.));
#2351=DIRECTION('',(0.,0.,-1.));
#2352=DIRECTION('',(0.,0.,1.));
#2353=DIRECTION('center_axis',(0.,0.,-1.));
#2354=DIRECTION('ref_axis',(-0.707106781186547,0.707106781186548,0.));
#2355=DIRECTION('center_axis',(0.,0.,-1.));
#2356=DIRECTION('ref_axis',(-0.707106781186547,-0.707106781186548,0.));
#2357=DIRECTION('center_axis',(0.999999999999996,-9.02672079949638E-8,0.));
#2358=DIRECTION('ref_axis',(-9.02672079949638E-8,-0.999999999999996,0.));
#2359=CARTESIAN_POINT('',(0.,0.,0.));
#2360=CARTESIAN_POINT('Origin',(3.0126984886116,31.8700787401575,0.));
#2361=CARTESIAN_POINT('',(3.0126984886116,32.8700787401575,-8.));
#2362=CARTESIAN_POINT('',(2.01269848861161,31.8700788304247,-8.));
#2363=CARTESIAN_POINT('Origin',(3.0126984886116,31.8700787401575,-8.));
#2364=CARTESIAN_POINT('',(3.0126984886116,32.8700787401575,0.));
#2365=CARTESIAN_POINT('',(3.01269848861161,32.8700787401575,0.));
#2366=CARTESIAN_POINT('',(2.01269848861161,31.8700788304247,0.));
#2367=CARTESIAN_POINT('Origin',(3.0126984886116,31.8700787401575,0.));
#2368=CARTESIAN_POINT('',(2.01269848861161,31.8700788304247,0.));
#2369=CARTESIAN_POINT('Origin',(65.3312963750235,32.8700787401575,0.));
#2370=CARTESIAN_POINT('',(64.3312963750235,32.8700787401575,-8.));
#2371=CARTESIAN_POINT('',(54.0016472876186,32.8700787401575,-8.));
#2372=CARTESIAN_POINT('',(64.3312963750235,32.8700787401575,0.));
#2373=CARTESIAN_POINT('',(64.3312963750235,32.8700787401575,0.));
#2374=CARTESIAN_POINT('',(54.0016472876186,32.8700787401575,0.));
#2375=CARTESIAN_POINT('Origin',(3.01269651560706,10.0127000254001,0.));
#2376=CARTESIAN_POINT('',(2.01269651560706,10.0127001156673,-8.));
#2377=CARTESIAN_POINT('',(3.01269651560706,9.01270002540015,-8.));
#2378=CARTESIAN_POINT('Origin',(3.01269651560706,10.0127000254001,-8.));
#2379=CARTESIAN_POINT('',(2.01269651560706,10.0127001156673,0.));
#2380=CARTESIAN_POINT('',(2.01269651560706,10.0127001156674,0.));
#2381=CARTESIAN_POINT('',(3.01269651560706,9.01270002540015,0.));
#2382=CARTESIAN_POINT('Origin',(3.01269651560706,10.0127000254001,0.));
#2383=CARTESIAN_POINT('',(3.01269651560706,9.01270002540015,0.));
#2384=CARTESIAN_POINT('Origin',(42.6719982002137,48.8949980707999,-8.));
#2385=CARTESIAN_POINT('',(2.01270178030196,68.3361491317016,-8.));
#2386=CARTESIAN_POINT('',(64.3312963750235,9.01270002540015,-8.));
#2387=CARTESIAN_POINT('',(22.8423473579104,9.01270002540015,-8.));
#2388=CARTESIAN_POINT('',(65.3312963750235,8.01270002540016,-8.));
#2389=CARTESIAN_POINT('Origin',(64.3312963750235,8.01270002540016,-8.));
#2390=CARTESIAN_POINT('',(65.3312963750235,2.01270002540023,-8.));
#2391=CARTESIAN_POINT('',(65.3312963750235,29.4538490481,-8.));
#2392=CARTESIAN_POINT('',(66.3312963750235,1.01270002540023,-8.));
#2393=CARTESIAN_POINT('Origin',(66.3312963750235,2.01270002540023,-8.));
#2394=CARTESIAN_POINT('',(82.3312963750235,1.01270002540028,-8.));
#2395=CARTESIAN_POINT('',(54.0016472876187,1.0127000254002,-8.));
#2396=CARTESIAN_POINT('',(83.3312963750235,2.01270002540027,-8.));
#2397=CARTESIAN_POINT('Origin',(82.3312963750235,2.01270002540027,-8.));
#2398=CARTESIAN_POINT('',(83.3312963750235,95.7772925362655,-8.));
#2399=CARTESIAN_POINT('',(83.3312963750235,24.4538490481001,-8.));
#2400=CARTESIAN_POINT('',(82.3312964652907,96.7772925362655,-8.));
#2401=CARTESIAN_POINT('Origin',(82.3312963750235,95.7772925362655,-8.));
#2402=CARTESIAN_POINT('',(66.3312964652907,96.7772939805408,-8.));
#2403=CARTESIAN_POINT('',(61.5016494035857,96.7772944164996,-8.));
#2404=CARTESIAN_POINT('',(65.3312963750235,95.7772939805408,-8.));
#2405=CARTESIAN_POINT('Origin',(66.3312963750235,95.7772939805408,-8.));
#2406=CARTESIAN_POINT('',(65.3312963750235,89.7772964321348,-8.));
#2407=CARTESIAN_POINT('',(65.3312963750235,73.336146070804,-8.));
#2408=CARTESIAN_POINT('',(64.3312963750235,88.7772964321348,-8.));
#2409=CARTESIAN_POINT('Origin',(64.3312963750235,89.7772964321348,-8.));
#2410=CARTESIAN_POINT('',(3.01270353520005,88.7772964321348,-8.));
#2411=CARTESIAN_POINT('',(54.0016472876186,88.7772964321348,-8.));
#2412=CARTESIAN_POINT('',(2.01270353520006,87.777296522402,-8.));
#2413=CARTESIAN_POINT('Origin',(3.01270353520005,87.7772964321348,-8.));
#2414=CARTESIAN_POINT('',(2.01269984261973,46.8700788304247,-8.));
#2415=CARTESIAN_POINT('',(2.01270178030196,68.3361491317016,-8.));
#2416=CARTESIAN_POINT('',(3.01269984261973,45.8700787401575,-8.));
#2417=CARTESIAN_POINT('Origin',(3.01269984261973,46.8700787401575,-8.));
#2418=CARTESIAN_POINT('',(64.3312963750235,45.8700787401575,-8.));
#2419=CARTESIAN_POINT('',(22.8423490214167,45.8700787401575,-8.));
#2420=CARTESIAN_POINT('',(65.3312963750235,44.8700787401575,-8.));
#2421=CARTESIAN_POINT('Origin',(64.3312963750235,44.8700787401575,-8.));
#2422=CARTESIAN_POINT('',(65.3312963750235,33.8700787401575,-8.));
#2423=CARTESIAN_POINT('',(65.3312963750235,73.336146070804,-8.));
#2424=CARTESIAN_POINT('Origin',(64.3312963750235,33.8700787401575,-8.));
#2425=CARTESIAN_POINT('Origin',(3.01269651560706,9.01270002540015,0.));
#2426=CARTESIAN_POINT('',(64.3312963750235,9.01270002540015,0.));
#2427=CARTESIAN_POINT('',(22.8423473579104,9.01270002540015,0.));
#2428=CARTESIAN_POINT('',(64.3312963750235,9.01270002540016,0.));
#2429=CARTESIAN_POINT('Origin',(3.01269984261973,46.8700787401575,0.));
#2430=CARTESIAN_POINT('',(2.01269984261973,46.8700788304247,0.));
#2431=CARTESIAN_POINT('',(2.01269984261973,46.8700788304247,0.));
#2432=CARTESIAN_POINT('',(3.01269984261973,45.8700787401575,0.));
#2433=CARTESIAN_POINT('Origin',(3.01269984261973,46.8700787401575,0.));
#2434=CARTESIAN_POINT('',(3.01269984261973,45.8700787401575,0.));
#2435=CARTESIAN_POINT('Origin',(3.01269984261973,45.8700787401575,0.));
#2436=CARTESIAN_POINT('',(64.3312963750235,45.8700787401575,0.));
#2437=CARTESIAN_POINT('',(22.8423490214167,45.8700787401575,0.));
#2438=CARTESIAN_POINT('',(64.3312963750235,45.8700787401575,0.));
#2439=CARTESIAN_POINT('Origin',(3.01270353520005,87.7772964321348,0.));
#2440=CARTESIAN_POINT('',(3.01270353520005,88.7772964321348,0.));
#2441=CARTESIAN_POINT('',(3.01270353520005,88.7772964321348,0.));
#2442=CARTESIAN_POINT('',(2.01270353520006,87.777296522402,0.));
#2443=CARTESIAN_POINT('Origin',(3.01270353520005,87.7772964321348,0.));
#2444=CARTESIAN_POINT('',(2.01270353520006,87.777296522402,0.));
#2445=CARTESIAN_POINT('Origin',(2.01270353520006,87.777296522402,0.));
#2446=CARTESIAN_POINT('',(2.01270178030196,68.3361491317016,0.));
#2447=CARTESIAN_POINT('Origin',(65.3312963750235,88.7772964321348,0.));
#2448=CARTESIAN_POINT('',(64.3312963750235,88.7772964321348,0.));
#2449=CARTESIAN_POINT('',(64.3312963750235,88.7772964321348,0.));
#2450=CARTESIAN_POINT('',(54.0016472876186,88.7772964321348,0.));
#2451=CARTESIAN_POINT('Origin',(64.3312963750235,44.8700787401575,0.));
#2452=CARTESIAN_POINT('',(65.3312963750235,44.8700787401575,0.));
#2453=CARTESIAN_POINT('Origin',(64.3312963750235,44.8700787401575,0.));
#2454=CARTESIAN_POINT('',(65.3312963750235,44.8700787401575,0.));
#2455=CARTESIAN_POINT('Origin',(64.3312963750235,33.8700787401575,0.));
#2456=CARTESIAN_POINT('',(65.3312963750235,33.8700787401575,0.));
#2457=CARTESIAN_POINT('Origin',(64.3312963750235,33.8700787401575,0.));
#2458=CARTESIAN_POINT('',(65.3312963750235,33.8700787401575,0.));
#2459=CARTESIAN_POINT('Origin',(65.3312963750235,46.8700787401575,0.));
#2460=CARTESIAN_POINT('',(65.3312963750235,73.336146070804,0.));
#2461=CARTESIAN_POINT('Origin',(82.3312963750235,2.01270002540027,0.));
#2462=CARTESIAN_POINT('',(82.3312963750235,1.01270002540028,0.));
#2463=CARTESIAN_POINT('',(82.3312963750235,1.01270002540027,0.));
#2464=CARTESIAN_POINT('',(83.3312963750235,2.01270002540027,0.));
#2465=CARTESIAN_POINT('Origin',(82.3312963750235,2.01270002540027,0.));
#2466=CARTESIAN_POINT('',(83.3312963750235,2.01270002540027,0.));
#2467=CARTESIAN_POINT('Origin',(83.3312963750235,0.0127000254002686,0.));
#2468=CARTESIAN_POINT('',(83.3312963750235,95.7772925362655,0.));
#2469=CARTESIAN_POINT('',(83.3312963750235,24.4538490481001,0.));
#2470=CARTESIAN_POINT('',(83.3312963750235,95.7772925362655,0.));
#2471=CARTESIAN_POINT('Origin',(82.3312963750235,95.7772925362655,0.));
#2472=CARTESIAN_POINT('',(82.3312964652907,96.7772925362655,0.));
#2473=CARTESIAN_POINT('Origin',(82.3312963750235,95.7772925362655,0.));
#2474=CARTESIAN_POINT('',(82.3312964652907,96.7772925362655,0.));
#2475=CARTESIAN_POINT('Origin',(80.3312962847563,96.7772927167999,0.));
#2476=CARTESIAN_POINT('',(66.3312964652907,96.7772939805408,0.));
#2477=CARTESIAN_POINT('',(61.5016494035857,96.7772944164996,0.));
#2478=CARTESIAN_POINT('',(66.3312964652907,96.7772939805408,0.));
#2479=CARTESIAN_POINT('Origin',(65.3312963750235,1.01270002540023,0.));
#2480=CARTESIAN_POINT('',(66.3312963750235,1.01270002540023,0.));
#2481=CARTESIAN_POINT('',(66.3312963750235,1.01270002540023,0.));
#2482=CARTESIAN_POINT('',(54.0016472876187,1.0127000254002,0.));
#2483=CARTESIAN_POINT('Origin',(64.3312963750235,8.01270002540016,0.));
#2484=CARTESIAN_POINT('',(65.3312963750235,8.01270002540016,0.));
#2485=CARTESIAN_POINT('Origin',(64.3312963750235,8.01270002540016,0.));
#2486=CARTESIAN_POINT('',(65.3312963750235,8.01270002540016,0.));
#2487=CARTESIAN_POINT('Origin',(42.6719982002137,48.8949980707999,0.));
#2488=CARTESIAN_POINT('',(0.999999999999996,0.01270002540005,0.));
#2489=CARTESIAN_POINT('',(84.344,0.0127000254002797,0.));
#2490=CARTESIAN_POINT('',(21.8359991001069,0.0127000254000542,0.));
#2491=CARTESIAN_POINT('',(85.3312928625849,1.,0.));
#2492=CARTESIAN_POINT('Origin',(84.343785269337,1.00020761712701,0.));
#2493=CARTESIAN_POINT('',(85.331299887491,96.790414734822,0.));
#2494=CARTESIAN_POINT('',(85.3312946188045,24.9474974711645,0.));
#2495=CARTESIAN_POINT('',(84.343992887986,97.7772923545848,0.));
#2496=CARTESIAN_POINT('Origin',(84.343785183975,96.789777467289,0.));
#2497=CARTESIAN_POINT('',(0.999562924688,97.777299877854,0.));
#2498=CARTESIAN_POINT('',(63.5079977503341,97.7772942353921,0.));
#2499=CARTESIAN_POINT('',(0.0127000254073431,96.789996190002,0.));
#2500=CARTESIAN_POINT('Origin',(0.999999999999988,96.79,0.));
#2501=CARTESIAN_POINT('',(0.01270002540005,1.,0.));
#2502=CARTESIAN_POINT('',(0.0127000254055609,72.8424971304026,0.));
#2503=CARTESIAN_POINT('Origin',(1.,1.,0.));
#2504=CARTESIAN_POINT('',(9.82001524003,5.08001016002,0.));
#2505=CARTESIAN_POINT('Origin',(7.62001524003,5.08001016002,0.));
#2506=CARTESIAN_POINT('',(63.160121920244,5.08001016002,0.));
#2507=CARTESIAN_POINT('Origin',(60.960121920244,5.08001016002,0.));
#2508=CARTESIAN_POINT('',(61.890119380239,92.709931419863,0.));
#2509=CARTESIAN_POINT('Origin',(59.690119380239,92.709931419863,0.));
#2510=CARTESIAN_POINT('',(9.82001524003,92.709931419863,0.));
#2511=CARTESIAN_POINT('Origin',(7.62001524003,92.709931419863,0.));
#2512=CARTESIAN_POINT('',(65.3312963750235,89.7772964321348,0.));
#2513=CARTESIAN_POINT('Origin',(64.3312963750235,89.7772964321348,0.));
#2514=CARTESIAN_POINT('',(65.3312963750235,95.7772939805408,0.));
#2515=CARTESIAN_POINT('',(65.3312963750235,0.0127000254002273,0.));
#2516=CARTESIAN_POINT('Origin',(66.3312963750235,95.7772939805408,0.));
#2517=CARTESIAN_POINT('',(65.3312963750235,2.01270002540023,0.));
#2518=CARTESIAN_POINT('Origin',(66.3312963750235,2.01270002540023,0.));
#2519=CARTESIAN_POINT('',(65.3312963750235,0.0127000254002273,0.));
#2520=CARTESIAN_POINT('',(2.01270178030196,68.3361491317016,0.));
#2521=CARTESIAN_POINT('Origin',(64.3312963750235,89.7772964321348,0.));
#2522=CARTESIAN_POINT('',(65.3312963750235,89.7772964321348,0.));
#2523=CARTESIAN_POINT('Origin',(65.3312963750235,97.777294070808,0.));
#2524=CARTESIAN_POINT('',(65.3312963750235,95.7772939805408,0.));
#2525=CARTESIAN_POINT('Origin',(53.1719982002138,103.7772961162,-2.25));
#2526=CARTESIAN_POINT('',(51.3692225624819,100.7772961162,-2.));
#2527=CARTESIAN_POINT('',(53.1719982002138,100.7772961162,-2.5));
#2528=CARTESIAN_POINT('Ctrl Pts',(53.1719982002138,100.7772961162,-2.50000000000002));
#2529=CARTESIAN_POINT('Ctrl Pts',(52.339947905876,100.7772961162,-2.50000000000002));
#2530=CARTESIAN_POINT('Ctrl Pts',(51.3692225624818,100.7772961162,-2.));
#2531=CARTESIAN_POINT('',(50.1719982002138,103.7772961162,-2.5));
#2532=CARTESIAN_POINT('Origin',(53.1719982002138,103.7772961162,-2.5));
#2533=CARTESIAN_POINT('',(49.6719982002138,103.7772961162,-2.));
#2534=CARTESIAN_POINT('',(50.1719982002138,103.7772961162,-2.5));
#2535=CARTESIAN_POINT('Origin',(53.1719982002138,103.7772961162,-2.));
#2536=CARTESIAN_POINT('Origin',(49.9219982002138,104.5272961162,-2.25));
#2537=CARTESIAN_POINT('',(50.1719982002138,108.2772961162,-2.5));
#2538=CARTESIAN_POINT('',(49.6719982002138,108.2772961162,-2.));
#2539=CARTESIAN_POINT('',(50.1719982002138,108.2772961162,-2.5));
#2540=CARTESIAN_POINT('',(49.6719982002138,104.5272961162,-2.));
#2541=CARTESIAN_POINT('',(50.1719982002138,104.5272961162,-2.5));
#2542=CARTESIAN_POINT('Origin',(42.6719982002138,108.2772961162,-2.25));
#2543=CARTESIAN_POINT('',(35.1719982002138,108.2772961162,-2.5));
#2544=CARTESIAN_POINT('',(35.6719982002138,108.2772961162,-2.));
#2545=CARTESIAN_POINT('',(35.1719982002138,108.2772961162,-2.5));
#2546=CARTESIAN_POINT('Origin',(42.6719982002138,108.2772961162,-2.));
#2547=CARTESIAN_POINT('Origin',(42.6719982002138,108.2772961162,-2.5));
#2548=CARTESIAN_POINT('Origin',(35.4219982002138,108.2772961162,-2.25));
#2549=CARTESIAN_POINT('',(35.1719982002138,103.7772961162,-2.5));
#2550=CARTESIAN_POINT('',(35.6719982002138,103.7772961162,-2.));
#2551=CARTESIAN_POINT('',(35.1719982002138,103.7772961162,-2.5));
#2552=CARTESIAN_POINT('',(35.6719982002138,108.2772961162,-2.));
#2553=CARTESIAN_POINT('',(35.1719982002138,108.2772961162,-2.5));
#2554=CARTESIAN_POINT('Origin',(32.1719982002138,103.7772961162,-2.25));
#2555=CARTESIAN_POINT('',(32.1719982002138,100.7772961162,-2.5));
#2556=CARTESIAN_POINT('',(33.9747738379458,100.7772961162,-2.));
#2557=CARTESIAN_POINT('Ctrl Pts',(33.9747738379458,100.7772961162,-2.));
#2558=CARTESIAN_POINT('Ctrl Pts',(33.0040484945516,100.7772961162,-2.49999999999999));
#2559=CARTESIAN_POINT('Ctrl Pts',(32.1719982002138,100.7772961162,-2.49999999999999));
#2560=CARTESIAN_POINT('Origin',(32.1719982002138,103.7772961162,-2.));
#2561=CARTESIAN_POINT('Origin',(32.1719982002138,103.7772961162,-2.5));
#2562=CARTESIAN_POINT('Origin',(32.1719982002138,103.7772961162,-5.5));
#2563=CARTESIAN_POINT('',(35.1719982002138,103.7772961162,-10.));
#2564=CARTESIAN_POINT('',(35.1719982002138,103.7772961162,-5.5));
#2565=CARTESIAN_POINT('',(32.1719982002138,100.7772961162,-10.));
#2566=CARTESIAN_POINT('Origin',(32.1719982002138,103.7772961162,-10.));
#2567=CARTESIAN_POINT('',(32.1719982002138,100.7772961162,-5.5));
#2568=CARTESIAN_POINT('Origin',(35.1719982002138,108.2772961162,-11.));
#2569=CARTESIAN_POINT('',(35.1719982002138,108.2772961162,-10.));
#2570=CARTESIAN_POINT('',(35.1719982002138,108.2772961162,-11.));
#2571=CARTESIAN_POINT('',(35.1719982002138,78.5861470934998,-10.));
#2572=CARTESIAN_POINT('Origin',(42.6719982002138,108.2772961162,-11.));
#2573=CARTESIAN_POINT('',(50.1719982002138,108.2772961162,-10.));
#2574=CARTESIAN_POINT('',(50.1719982002138,108.2772961162,-11.));
#2575=CARTESIAN_POINT('Origin',(42.6719982002138,108.2772961162,-10.));
#2576=CARTESIAN_POINT('Origin',(50.1719982002138,100.7772961162,-11.));
#2577=CARTESIAN_POINT('',(50.1719982002138,103.7772961162,-10.));
#2578=CARTESIAN_POINT('',(50.1719982002138,103.7772961162,-5.5));
#2579=CARTESIAN_POINT('',(50.1719982002138,74.8361470934998,-10.));
#2580=CARTESIAN_POINT('Origin',(53.1719982002138,103.7772961162,-5.5));
#2581=CARTESIAN_POINT('',(53.1719982002138,100.7772961162,-10.));
#2582=CARTESIAN_POINT('',(53.1719982002138,100.7772961162,-5.5));
#2583=CARTESIAN_POINT('Origin',(53.1719982002138,103.7772961162,-10.));
#2584=CARTESIAN_POINT('Origin',(42.6719982002138,108.2772961162,-2.));
#2585=CARTESIAN_POINT('',(19.8423491128089,100.7772961162,-2.));
#2586=CARTESIAN_POINT('',(38.6719982002138,108.2772961162,-2.));
#2587=CARTESIAN_POINT('Origin',(42.6719982002138,108.2772961162,-2.));
#2588=CARTESIAN_POINT('Origin',(-2.98729997459613,100.7772961162,0.));
#2589=CARTESIAN_POINT('',(0.012700025403869,100.7772961162,-10.));
#2590=CARTESIAN_POINT('',(19.8423491128088,100.7772961162,-10.));
#2591=CARTESIAN_POINT('',(0.0127000254038734,100.7772961162,-1.));
#2592=CARTESIAN_POINT('',(0.012700025403869,100.7772961162,0.));
#2593=CARTESIAN_POINT('',(85.3312963750236,100.7772961162,-1.));
#2594=CARTESIAN_POINT('',(19.8423491128088,100.7772961162,-1.));
#2595=CARTESIAN_POINT('',(85.3312963750236,100.7772961162,-10.));
#2596=CARTESIAN_POINT('',(85.3312963750236,100.7772961162,0.));
#2597=CARTESIAN_POINT('',(19.8423491128088,100.7772961162,-10.));
#2598=CARTESIAN_POINT('Origin',(32.1719982002136,-5.98729997459984,-2.25));
#2599=CARTESIAN_POINT('',(33.9747738379455,-2.98729997459984,-2.));
#2600=CARTESIAN_POINT('',(32.1719982002136,-2.98729997459984,-2.5));
#2601=CARTESIAN_POINT('Ctrl Pts',(32.1719982002136,-2.98729997459984,-2.5));
#2602=CARTESIAN_POINT('Ctrl Pts',(33.0040484945514,-2.98729997459984,-2.5));
#2603=CARTESIAN_POINT('Ctrl Pts',(33.9747738379455,-2.98729997459984,-2.));
#2604=CARTESIAN_POINT('',(35.1719982002136,-5.98729997459985,-2.5));
#2605=CARTESIAN_POINT('Origin',(32.1719982002136,-5.98729997459984,-2.5));
#2606=CARTESIAN_POINT('',(35.6719982002136,-5.98729997459985,-2.));
#2607=CARTESIAN_POINT('',(35.1719982002136,-5.98729997459985,-2.5));
#2608=CARTESIAN_POINT('Origin',(32.1719982002136,-5.98729997459984,-2.));
#2609=CARTESIAN_POINT('Origin',(35.4219982002136,-6.73729997459983,-2.25));
#2610=CARTESIAN_POINT('',(35.1719982002136,-10.4872999745998,-2.5));
#2611=CARTESIAN_POINT('',(35.6719982002135,-10.4872999745998,-2.));
#2612=CARTESIAN_POINT('',(35.1719982002136,-10.4872999745998,-2.5));
#2613=CARTESIAN_POINT('',(35.6719982002136,-6.73729997459983,-2.));
#2614=CARTESIAN_POINT('',(35.1719982002136,-6.73729997459983,-2.5));
#2615=CARTESIAN_POINT('Origin',(42.6719982002136,-10.4872999745998,-2.25));
#2616=CARTESIAN_POINT('',(50.1719982002135,-10.4872999745999,-2.5));
#2617=CARTESIAN_POINT('',(49.6719982002136,-10.4872999745999,-2.));
#2618=CARTESIAN_POINT('',(50.1719982002135,-10.4872999745999,-2.5));
#2619=CARTESIAN_POINT('Origin',(42.6719982002136,-10.4872999745998,-2.));
#2620=CARTESIAN_POINT('Origin',(42.6719982002136,-10.4872999745998,-2.5));
#2621=CARTESIAN_POINT('Origin',(49.9219982002136,-10.4872999745999,-2.25));
#2622=CARTESIAN_POINT('',(50.1719982002136,-5.98729997459983,-2.5));
#2623=CARTESIAN_POINT('',(49.6719982002136,-5.98729997459983,-2.));
#2624=CARTESIAN_POINT('',(50.1719982002136,-5.98729997459983,-2.5));
#2625=CARTESIAN_POINT('',(49.6719982002136,-10.4872999745999,-2.));
#2626=CARTESIAN_POINT('',(50.1719982002135,-10.4872999745999,-2.5));
#2627=CARTESIAN_POINT('Origin',(53.1719982002136,-5.98729997459984,-2.25));
#2628=CARTESIAN_POINT('',(53.1719982002136,-2.98729997459984,-2.5));
#2629=CARTESIAN_POINT('',(51.3692225624816,-2.98729997459984,-2.));
#2630=CARTESIAN_POINT('Ctrl Pts',(51.3692225624816,-2.98729997459984,-2.));
#2631=CARTESIAN_POINT('Ctrl Pts',(52.3399479058757,-2.98729997459984,-2.5));
#2632=CARTESIAN_POINT('Ctrl Pts',(53.1719982002136,-2.98729997459984,-2.5));
#2633=CARTESIAN_POINT('Origin',(53.1719982002136,-5.98729997459984,-2.));
#2634=CARTESIAN_POINT('Origin',(53.1719982002136,-5.98729997459984,-2.5));
#2635=CARTESIAN_POINT('Origin',(53.1719982002136,-5.98729997459984,-5.5));
#2636=CARTESIAN_POINT('',(50.1719982002136,-5.98729997459983,-10.));
#2637=CARTESIAN_POINT('',(50.1719982002136,-5.98729997459983,-5.5));
#2638=CARTESIAN_POINT('',(53.1719982002136,-2.98729997459984,-10.));
#2639=CARTESIAN_POINT('Origin',(53.1719982002136,-5.98729997459984,-10.));
#2640=CARTESIAN_POINT('',(53.1719982002136,-2.98729997459984,-5.5));
#2641=CARTESIAN_POINT('Origin',(50.1719982002135,-10.4872999745999,-11.));
#2642=CARTESIAN_POINT('',(50.1719982002135,-10.4872999745999,-10.));
#2643=CARTESIAN_POINT('',(50.1719982002135,-10.4872999745999,-11.));
#2644=CARTESIAN_POINT('',(50.1719982002136,19.2038490481,-10.));
#2645=CARTESIAN_POINT('Origin',(42.6719982002136,-10.4872999745998,-11.));
#2646=CARTESIAN_POINT('',(35.1719982002136,-10.4872999745998,-10.));
#2647=CARTESIAN_POINT('',(35.1719982002136,-10.4872999745998,-11.));
#2648=CARTESIAN_POINT('Origin',(42.6719982002136,-10.4872999745998,-10.));
#2649=CARTESIAN_POINT('Origin',(35.1719982002136,-2.98729997459984,-11.));
#2650=CARTESIAN_POINT('',(35.1719982002136,-5.98729997459985,-10.));
#2651=CARTESIAN_POINT('',(35.1719982002136,-5.98729997459985,-5.5));
#2652=CARTESIAN_POINT('',(35.1719982002136,22.9538490481,-10.));
#2653=CARTESIAN_POINT('Origin',(32.1719982002136,-5.98729997459984,-5.5));
#2654=CARTESIAN_POINT('',(32.1719982002136,-2.98729997459984,-10.));
#2655=CARTESIAN_POINT('',(32.1719982002136,-2.98729997459984,-5.5));
#2656=CARTESIAN_POINT('Origin',(32.1719982002136,-5.98729997459984,-10.));
#2657=CARTESIAN_POINT('Origin',(42.6719982002136,-10.4872999745998,-2.));
#2658=CARTESIAN_POINT('',(65.5016472876186,-2.98729997459984,-2.));
#2659=CARTESIAN_POINT('',(38.6719982002136,-10.4872999745998,-2.));
#2660=CARTESIAN_POINT('Origin',(42.6719982002136,-10.4872999745998,-2.));
#2661=CARTESIAN_POINT('Origin',(88.3312963750236,-2.98729997459984,0.));
#2662=CARTESIAN_POINT('',(85.3312963750236,-2.98729997459984,-10.));
#2663=CARTESIAN_POINT('',(65.5016472876186,-2.98729997459984,-10.));
#2664=CARTESIAN_POINT('',(85.3312963750236,-2.98729997459983,-1.));
#2665=CARTESIAN_POINT('',(85.3312963750236,-2.98729997459984,0.));
#2666=CARTESIAN_POINT('',(0.0127000254038684,-2.98729997459985,-1.));
#2667=CARTESIAN_POINT('',(65.5016472876186,-2.98729997459984,-1.));
#2668=CARTESIAN_POINT('',(0.0127000254038647,-2.98729997459984,-10.));
#2669=CARTESIAN_POINT('',(0.0127000254038647,-2.98729997459984,0.));
#2670=CARTESIAN_POINT('',(65.5016472876186,-2.98729997459984,-10.));
#2671=CARTESIAN_POINT('Origin',(19.8423491128088,100.5272961162,-10.5));
#2672=CARTESIAN_POINT('',(32.1719982002138,100.2772961162,-11.));
#2673=CARTESIAN_POINT('',(32.1719982002138,100.7772961162,-10.));
#2674=CARTESIAN_POINT('',(0.0127000254038689,100.2772961162,-11.));
#2675=CARTESIAN_POINT('',(19.8423491128088,100.2772961162,-11.));
#2676=CARTESIAN_POINT('',(0.0127000254038689,100.2772961162,-11.));
#2677=CARTESIAN_POINT('Origin',(0.0127000254038678,97.7772961161997,-10.5));
#2678=CARTESIAN_POINT('',(-2.48729997459613,97.7772961161997,-11.));
#2679=CARTESIAN_POINT('',(-2.98729997459613,97.7772961161997,-10.));
#2680=CARTESIAN_POINT('',(-2.48729997459613,97.7772961161997,-11.));
#2681=CARTESIAN_POINT('Origin',(0.0127000254038678,97.7772961161997,-10.));
#2682=CARTESIAN_POINT('Origin',(0.0127000254038678,97.7772961161997,-11.));
#2683=CARTESIAN_POINT('Origin',(32.1719982002138,103.7772961162,-10.5));
#2684=CARTESIAN_POINT('',(35.6719982002138,103.7772961162,-11.));
#2685=CARTESIAN_POINT('',(35.1719982002138,103.7772961162,-10.));
#2686=CARTESIAN_POINT('Origin',(32.1719982002138,103.7772961162,-11.));
#2687=CARTESIAN_POINT('Origin',(-2.73729997459613,22.9538490481,-10.5));
#2688=CARTESIAN_POINT('',(-2.48729997459614,0.0127000254001564,-11.));
#2689=CARTESIAN_POINT('',(-2.48729997459614,22.9538490481,-11.));
#2690=CARTESIAN_POINT('',(-2.98729997459613,0.0127000254001581,-10.));
#2691=CARTESIAN_POINT('',(-2.48729997459614,0.0127000254001564,-11.));
#2692=CARTESIAN_POINT('',(-2.98729997459613,22.9538490481,-10.));
#2693=CARTESIAN_POINT('Origin',(35.4219982002138,78.5861470934998,-10.5));
#2694=CARTESIAN_POINT('',(35.6719982002138,108.2772961162,-11.));
#2695=CARTESIAN_POINT('',(35.1719982002138,108.2772961162,-10.));
#2696=CARTESIAN_POINT('',(35.6719982002138,78.5861470934998,-11.));
#2697=CARTESIAN_POINT('Origin',(0.0127000254038645,0.0127000254001581,-10.5));
#2698=CARTESIAN_POINT('',(0.0127000254038645,-2.48729997459984,-11.));
#2699=CARTESIAN_POINT('',(0.0127000254038645,-2.48729997459984,-11.));
#2700=CARTESIAN_POINT('Origin',(0.0127000254038645,0.0127000254001581,-10.));
#2701=CARTESIAN_POINT('Origin',(0.0127000254038645,0.0127000254001581,-11.));
#2702=CARTESIAN_POINT('Origin',(42.6719982002138,108.2772961162,-10.5));
#2703=CARTESIAN_POINT('',(49.6719982002138,108.2772961162,-11.));
#2704=CARTESIAN_POINT('',(50.1719982002138,108.2772961162,-10.));
#2705=CARTESIAN_POINT('Origin',(42.6719982002138,108.2772961162,-11.));
#2706=CARTESIAN_POINT('Origin',(65.5016472876186,-2.73729997459984,-10.5));
#2707=CARTESIAN_POINT('',(32.1719982002136,-2.48729997459984,-11.));
#2708=CARTESIAN_POINT('',(65.5016472876186,-2.48729997459984,-11.));
#2709=CARTESIAN_POINT('',(32.1719982002136,-2.48729997459984,-11.));
#2710=CARTESIAN_POINT('Origin',(49.9219982002138,74.8361470934998,-10.5));
#2711=CARTESIAN_POINT('',(49.6719982002138,103.7772961162,-11.));
#2712=CARTESIAN_POINT('',(50.1719982002138,103.7772961162,-10.));
#2713=CARTESIAN_POINT('',(49.6719982002138,74.8361470934998,-11.));
#2714=CARTESIAN_POINT('Origin',(32.1719982002136,-5.98729997459984,-10.5));
#2715=CARTESIAN_POINT('',(35.6719982002136,-5.98729997459985,-11.));
#2716=CARTESIAN_POINT('',(35.6719982002136,-5.98729997459985,-11.));
#2717=CARTESIAN_POINT('Origin',(32.1719982002136,-5.98729997459984,-11.));
#2718=CARTESIAN_POINT('Origin',(53.1719982002138,103.7772961162,-10.5));
#2719=CARTESIAN_POINT('',(53.1719982002138,100.2772961162,-11.));
#2720=CARTESIAN_POINT('',(53.1719982002138,100.7772961162,-10.));
#2721=CARTESIAN_POINT('Origin',(53.1719982002138,103.7772961162,-11.));
#2722=CARTESIAN_POINT('Origin',(35.4219982002136,22.9538490481,-10.5));
#2723=CARTESIAN_POINT('',(35.6719982002135,-10.4872999745998,-11.));
#2724=CARTESIAN_POINT('',(35.6719982002136,22.9538490481,-11.));
#2725=CARTESIAN_POINT('',(35.6719982002135,-10.4872999745998,-11.));
#2726=CARTESIAN_POINT('Origin',(19.8423491128088,100.5272961162,-10.5));
#2727=CARTESIAN_POINT('',(85.3312963750236,100.2772961162,-11.));
#2728=CARTESIAN_POINT('',(85.3312963750236,100.7772961162,-10.));
#2729=CARTESIAN_POINT('',(19.8423491128088,100.2772961162,-11.));
#2730=CARTESIAN_POINT('Origin',(42.6719982002136,-10.4872999745998,-10.5));
#2731=CARTESIAN_POINT('',(49.6719982002136,-10.4872999745999,-11.));
#2732=CARTESIAN_POINT('Origin',(42.6719982002136,-10.4872999745998,-11.));
#2733=CARTESIAN_POINT('',(49.6719982002136,-10.4872999745999,-11.));
#2734=CARTESIAN_POINT('Origin',(85.3312963750236,97.7772961161996,-10.5));
#2735=CARTESIAN_POINT('',(88.3312963750236,97.7772961161996,-10.));
#2736=CARTESIAN_POINT('Origin',(85.3312963750236,97.7772961161996,-10.));
#2737=CARTESIAN_POINT('',(87.8312963750236,97.7772961161996,-11.));
#2738=CARTESIAN_POINT('',(88.3312963750236,97.7772961161996,-10.));
#2739=CARTESIAN_POINT('Origin',(85.3312963750236,97.7772961161996,-11.));
#2740=CARTESIAN_POINT('Origin',(49.9219982002136,19.2038490481,-10.5));
#2741=CARTESIAN_POINT('',(49.6719982002136,-5.98729997459983,-11.));
#2742=CARTESIAN_POINT('',(49.6719982002136,19.2038490481,-11.));
#2743=CARTESIAN_POINT('',(49.6719982002136,-5.98729997459983,-11.));
#2744=CARTESIAN_POINT('Origin',(88.0812963750236,74.8361470934998,-10.5));
#2745=CARTESIAN_POINT('',(88.3312963750236,0.0127000254001608,-10.));
#2746=CARTESIAN_POINT('',(87.8312963750236,0.0127000254001608,-11.));
#2747=CARTESIAN_POINT('',(88.3312963750236,0.0127000254001608,-10.));
#2748=CARTESIAN_POINT('',(87.8312963750236,74.8361470934998,-11.));
#2749=CARTESIAN_POINT('',(88.3312963750236,74.8361470934998,-10.));
#2750=CARTESIAN_POINT('Origin',(53.1719982002136,-5.98729997459984,-10.5));
#2751=CARTESIAN_POINT('',(53.1719982002136,-2.48729997459984,-11.));
#2752=CARTESIAN_POINT('',(53.1719982002136,-2.48729997459984,-11.));
#2753=CARTESIAN_POINT('Origin',(53.1719982002136,-5.98729997459984,-11.));
#2754=CARTESIAN_POINT('Origin',(85.3312963750236,0.0127000254001608,-10.5));
#2755=CARTESIAN_POINT('Origin',(85.3312963750236,0.0127000254001608,-10.));
#2756=CARTESIAN_POINT('',(85.3312963750236,-2.48729997459984,-11.));
#2757=CARTESIAN_POINT('',(85.3312963750236,-2.98729997459984,-10.));
#2758=CARTESIAN_POINT('Origin',(85.3312963750236,0.0127000254001608,-11.));
#2759=CARTESIAN_POINT('Origin',(65.5016472876186,-2.73729997459984,-10.5));
#2760=CARTESIAN_POINT('',(65.5016472876186,-2.48729997459984,-11.));
#2761=CARTESIAN_POINT('Origin',(85.3312963750236,0.0127000254001608,0.));
#2762=CARTESIAN_POINT('',(88.3312963750236,0.0127000254001608,-1.));
#2763=CARTESIAN_POINT('',(88.3312963750236,0.0127000254001608,0.));
#2764=CARTESIAN_POINT('Origin',(85.3312963750236,0.0127000254001608,-1.));
#2765=CARTESIAN_POINT('Origin',(88.3312963750236,100.7772961162,0.));
#2766=CARTESIAN_POINT('',(88.3312963750236,97.7772961161996,-1.));
#2767=CARTESIAN_POINT('',(88.3312963750236,97.7772961161996,0.));
#2768=CARTESIAN_POINT('',(88.3312963750236,74.8361470934998,-1.));
#2769=CARTESIAN_POINT('Origin',(85.3312963750236,97.7772961161996,0.));
#2770=CARTESIAN_POINT('Origin',(85.3312963750236,97.7772961161996,-1.));
#2771=CARTESIAN_POINT('Origin',(42.6719982002137,48.8949980707999,-11.));
#2772=CARTESIAN_POINT('',(38.6719982002136,-10.4872999745998,-11.));
#2773=CARTESIAN_POINT('Origin',(42.6719982002136,-10.4872999745998,-11.));
#2774=CARTESIAN_POINT('',(38.6719982002138,108.2772961162,-11.));
#2775=CARTESIAN_POINT('Origin',(42.6719982002138,108.2772961162,-11.));
#2776=CARTESIAN_POINT('Origin',(7.62001524003,92.709931419863,0.));
#2777=CARTESIAN_POINT('',(9.82001524003,92.709931419863,-4.2));
#2778=CARTESIAN_POINT('',(9.82001524003,92.709931419863,0.));
#2779=CARTESIAN_POINT('Origin',(7.62001524003,92.709931419863,-4.2));
#2780=CARTESIAN_POINT('Origin',(7.62001524003,92.709931419863,-4.2));
#2781=CARTESIAN_POINT('Origin',(60.960121920244,5.08001016002,0.));
#2782=CARTESIAN_POINT('',(63.160121920244,5.08001016002,-4.2));
#2783=CARTESIAN_POINT('',(63.160121920244,5.08001016002,0.));
#2784=CARTESIAN_POINT('Origin',(60.960121920244,5.08001016002,-4.2));
#2785=CARTESIAN_POINT('Origin',(60.960121920244,5.08001016002,-4.2));
#2786=CARTESIAN_POINT('Origin',(59.690119380239,92.709931419863,0.));
#2787=CARTESIAN_POINT('',(61.890119380239,92.709931419863,-4.2));
#2788=CARTESIAN_POINT('',(61.890119380239,92.709931419863,0.));
#2789=CARTESIAN_POINT('Origin',(59.690119380239,92.709931419863,-4.2));
#2790=CARTESIAN_POINT('Origin',(59.690119380239,92.709931419863,-4.2));
#2791=CARTESIAN_POINT('Origin',(7.62001524003,5.08001016002,0.));
#2792=CARTESIAN_POINT('',(9.82001524003,5.08001016002,-4.2));
#2793=CARTESIAN_POINT('',(9.82001524003,5.08001016002,0.));
#2794=CARTESIAN_POINT('Origin',(7.62001524003,5.08001016002,-4.2));
#2795=CARTESIAN_POINT('Origin',(7.62001524003,5.08001016002,-4.2));
#2796=CARTESIAN_POINT('Origin',(42.6719982002138,108.2772961162,-8.));
#2797=CARTESIAN_POINT('',(38.6719982002138,108.2772961162,-8.));
#2798=CARTESIAN_POINT('Origin',(42.6719982002136,-10.4872999745998,-8.));
#2799=CARTESIAN_POINT('',(38.6719982002136,-10.4872999745998,-8.));
#2800=CARTESIAN_POINT('Origin',(66.3312963750235,95.7772939805408,0.));
#2801=CARTESIAN_POINT('Origin',(66.3312963750235,2.01270002540023,0.));
#2802=CARTESIAN_POINT('',(65.3312963750235,2.01270002540023,0.));
#2803=CARTESIAN_POINT('Origin',(65.3312963750235,97.777294070808,0.));
#2804=CARTESIAN_POINT('Origin',(0.0127000254074,96.789996190002,0.));
#2805=CARTESIAN_POINT('',(0.0127000254073431,96.789996190002,-1.));
#2806=CARTESIAN_POINT('',(0.0127000254073431,96.789996190002,0.));
#2807=CARTESIAN_POINT('',(0.0127000254000501,1.,-1.));
#2808=CARTESIAN_POINT('',(0.01270002540005,1.,-1.));
#2809=CARTESIAN_POINT('',(0.01270002540005,1.,0.));
#2810=CARTESIAN_POINT('Origin',(0.999999999999988,96.79,0.));
#2811=CARTESIAN_POINT('',(0.999562924688,97.777299877854,-1.));
#2812=CARTESIAN_POINT('',(0.999562924688,97.777299877854,0.));
#2813=CARTESIAN_POINT('Origin',(0.999999999999988,96.79,-1.));
#2814=CARTESIAN_POINT('Origin',(84.343992887986,97.777292354585,0.));
#2815=CARTESIAN_POINT('',(84.343992887986,97.7772923545848,-1.));
#2816=CARTESIAN_POINT('',(84.343992887986,97.7772923545848,0.));
#2817=CARTESIAN_POINT('',(0.999562924688,97.777299877854,-1.));
#2818=CARTESIAN_POINT('Origin',(84.343785183975,96.789777467289,0.));
#2819=CARTESIAN_POINT('',(85.331299887491,96.790414734822,-1.));
#2820=CARTESIAN_POINT('',(85.331299887491,96.790414734822,0.));
#2821=CARTESIAN_POINT('Origin',(84.343785183975,96.789777467289,-1.));
#2822=CARTESIAN_POINT('Origin',(85.331292862586,0.999999999999996,0.));
#2823=CARTESIAN_POINT('',(85.3312928625849,1.,-1.));
#2824=CARTESIAN_POINT('',(85.3312928625849,1.,0.));
#2825=CARTESIAN_POINT('',(85.331299887491,96.790414734822,-1.));
#2826=CARTESIAN_POINT('Origin',(84.343785269337,1.00020761712701,0.));
#2827=CARTESIAN_POINT('',(84.344,0.0127000254002797,-1.));
#2828=CARTESIAN_POINT('',(84.344,0.0127000254002797,0.));
#2829=CARTESIAN_POINT('Origin',(84.343785269337,1.00020761712701,-1.));
#2830=CARTESIAN_POINT('Origin',(0.999999999999996,0.01270002540005,0.));
#2831=CARTESIAN_POINT('',(0.999999999999996,0.01270002540005,-1.));
#2832=CARTESIAN_POINT('',(0.999999999999996,0.01270002540005,0.));
#2833=CARTESIAN_POINT('',(84.344,0.01270002540005,-1.));
#2834=CARTESIAN_POINT('Origin',(1.,1.,0.));
#2835=CARTESIAN_POINT('Origin',(1.,1.,-1.));
#2836=CARTESIAN_POINT('Origin',(42.6719982002137,48.8949980707999,-1.));
#2837=CARTESIAN_POINT('',(-2.98729997459613,97.7772961161997,-1.));
#2838=CARTESIAN_POINT('Origin',(0.0127000254038678,97.7772961161997,-1.));
#2839=CARTESIAN_POINT('',(-2.98729997459613,0.012700025400143,-1.));
#2840=CARTESIAN_POINT('',(-2.98729997459613,22.9538490481,-1.));
#2841=CARTESIAN_POINT('Origin',(0.0127000254038645,0.0127000254001581,-1.));
#2842=CARTESIAN_POINT('Origin',(-2.98729997459613,-2.98729997459985,0.));
#2843=CARTESIAN_POINT('',(-2.98729997459613,0.0127000254001581,0.));
#2844=CARTESIAN_POINT('',(-2.98729997459613,97.7772961161997,0.));
#2845=CARTESIAN_POINT('Origin',(0.0127000254038678,97.7772961161997,0.));
#2846=CARTESIAN_POINT('Origin',(0.0127000254038645,0.0127000254001581,0.));
#2847=CARTESIAN_POINT('Origin',(2.01270353520006,87.777296522402,0.));
#2848=UNCERTAINTY_MEASURE_WITH_UNIT(LENGTH_MEASURE(0.01),#2852,
'DISTANCE_ACCURACY_VALUE',
'Maximum model space distance between geometric entities at asserted c
onnectivities');
#2849=UNCERTAINTY_MEASURE_WITH_UNIT(LENGTH_MEASURE(0.01),#2852,
'DISTANCE_ACCURACY_VALUE',
'Maximum model space distance between geometric entities at asserted c
onnectivities');
#2850=(
GEOMETRIC_REPRESENTATION_CONTEXT(3)
GLOBAL_UNCERTAINTY_ASSIGNED_CONTEXT((#2848))
GLOBAL_UNIT_ASSIGNED_CONTEXT((#2852,#2854,#2855))
REPRESENTATION_CONTEXT('','3D')
);
#2851=(
GEOMETRIC_REPRESENTATION_CONTEXT(3)
GLOBAL_UNCERTAINTY_ASSIGNED_CONTEXT((#2849))
GLOBAL_UNIT_ASSIGNED_CONTEXT((#2852,#2854,#2855))
REPRESENTATION_CONTEXT('','3D')
);
#2852=(
LENGTH_UNIT()
NAMED_UNIT(*)
SI_UNIT(.MILLI.,.METRE.)
);
#2853=(
LENGTH_UNIT()
NAMED_UNIT(*)
SI_UNIT($,.METRE.)
);
#2854=(
NAMED_UNIT(*)
PLANE_ANGLE_UNIT()
SI_UNIT($,.RADIAN.)
);
#2855=(
NAMED_UNIT(*)
SI_UNIT($,.STERADIAN.)
SOLID_ANGLE_UNIT()
);
#2856=SHAPE_DEFINITION_REPRESENTATION(#2857,#2858);
#2857=PRODUCT_DEFINITION_SHAPE('',$,#2860);
#2858=SHAPE_REPRESENTATION('',(#1676),#2850);
#2859=PRODUCT_DEFINITION_CONTEXT('part definition',#2864,'design');
#2860=PRODUCT_DEFINITION('Bottom','Bottom',#2861,#2859);
#2861=PRODUCT_DEFINITION_FORMATION('',$,#2866);
#2862=PRODUCT_RELATED_PRODUCT_CATEGORY('Bottom','Bottom',(#2866));
#2863=APPLICATION_PROTOCOL_DEFINITION('international standard',
'automotive_design',2009,#2864);
#2864=APPLICATION_CONTEXT(
'Core Data for Automotive Mechanical Design Process');
#2865=PRODUCT_CONTEXT('part definition',#2864,'mechanical');
#2866=PRODUCT('Bottom','Bottom',$,(#2865));
#2867=PRESENTATION_STYLE_ASSIGNMENT((#2869));
#2868=PRESENTATION_STYLE_ASSIGNMENT((#2870));
#2869=SURFACE_STYLE_USAGE(.BOTH.,#2871);
#2870=SURFACE_STYLE_USAGE(.BOTH.,#2872);
#2871=SURFACE_SIDE_STYLE('',(#2873));
#2872=SURFACE_SIDE_STYLE('',(#2874));
#2873=SURFACE_STYLE_FILL_AREA(#2875);
#2874=SURFACE_STYLE_FILL_AREA(#2876);
#2875=FILL_AREA_STYLE('Steel - Satin',(#2877));
#2876=FILL_AREA_STYLE(
'PEKK - Polyetherketoneketone Reinforced With Carbon Fibers - HT-23 (w
ith EOS P 810 3D Printer)',(#2878));
#2877=FILL_AREA_STYLE_COLOUR('Steel - Satin',#2879);
#2878=FILL_AREA_STYLE_COLOUR(
'PEKK - Polyetherketoneketone Reinforced With Carbon Fibers - HT-23 (w
ith EOS P 810 3D Printer)',#2880);
#2879=COLOUR_RGB('Steel - Satin',0.627450980392157,0.627450980392157,0.627450980392157);
#2880=COLOUR_RGB(
'PEKK - Polyetherketoneketone Reinforced With Carbon Fibers - HT-23 (w
ith EOS P 810 3D Printer)',0.352941176470588,0.352941176470588,0.352941176470588);
ENDSEC;
END-ISO-10303-21;
