ISO-10303-21;
HEADER;
/* Generated by software containing ST-Developer
 * from STEP Tools, Inc. (www.steptools.com) 
 */

FILE_DESCRIPTION(
/* description */ (''),
/* implementation_level */ '2;1');

FILE_NAME(
/* name */ 'Lid.step',
/* time_stamp */ '2026-02-26T20:05:45+02:00',
/* author */ (''),
/* organization */ (''),
/* preprocessor_version */ 'ST-DEVELOPER v20.1',
/* originating_system */ 'Autodesk Translation Framework v14.24.0.0',
/* authorisation */ '');

FILE_SCHEMA (('AUTOMOTIVE_DESIGN { 1 0 10303 214 3 1 1 }'));
ENDSEC;

DATA;
#10=MECHANICAL_DESIGN_GEOMETRIC_PRESENTATION_REPRESENTATION('',(#13),#8171);
#11=SHAPE_REPRESENTATION_RELATIONSHIP('SRR','None',#8178,#12);
#12=ADVANCED_BREP_SHAPE_REPRESENTATION('',(#14),#8170);
#13=STYLED_ITEM('',(#8188),#14);
#14=MANIFOLD_SOLID_BREP('Body1',#4583);
#15=B_SPLINE_SURFACE_WITH_KNOTS('',3,3,((#7373,#7374,#7375,#7376),(#7377,
#7378,#7379,#7380),(#7381,#7382,#7383,#7384),(#7385,#7386,#7387,#7388)),
 .UNSPECIFIED.,.F.,.F.,.F.,(4,4),(4,4),(0.,1.),(-0.875030730737921,-0.870864064071254),
 .UNSPECIFIED.);
#16=B_SPLINE_SURFACE_WITH_KNOTS('',3,3,((#7415,#7416,#7417,#7418),(#7419,
#7420,#7421,#7422),(#7423,#7424,#7425,#7426),(#7427,#7428,#7429,#7430)),
 .UNSPECIFIED.,.F.,.F.,.F.,(4,4),(4,4),(0.,1.),(0.912386803998124,0.916553470664792),
 .UNSPECIFIED.);
#17=B_SPLINE_SURFACE_WITH_KNOTS('',3,3,((#7439,#7440,#7441,#7442,#7443),
(#7444,#7445,#7446,#7447,#7448),(#7449,#7450,#7451,#7452,#7453),(#7454,
#7455,#7456,#7457,#7458)),.UNSPECIFIED.,.F.,.F.,.F.,(4,4),(4,1,4),(0.,1.),
(-0.768344968832914,-0.10976356697613,0.768344968832915),.UNSPECIFIED.);
#18=B_SPLINE_SURFACE_WITH_KNOTS('',3,3,((#7468,#7469,#7470,#7471),(#7472,
#7473,#7474,#7475),(#7476,#7477,#7478,#7479),(#7480,#7481,#7482,#7483)),
 .UNSPECIFIED.,.F.,.F.,.F.,(4,4),(4,4),(0.,1.),(-0.781949860200065,-0.768344968832916),
 .UNSPECIFIED.);
#19=B_SPLINE_SURFACE_WITH_KNOTS('',3,3,((#7494,#7495,#7496,#7497),(#7498,
#7499,#7500,#7501),(#7502,#7503,#7504,#7505),(#7506,#7507,#7508,#7509)),
 .UNSPECIFIED.,.F.,.F.,.F.,(4,4),(4,4),(0.,1.),(0.768344968832915,0.781949860200067),
 .UNSPECIFIED.);
#20=B_SPLINE_SURFACE_WITH_KNOTS('',3,3,((#7514,#7515,#7516,#7517,#7518),
(#7519,#7520,#7521,#7522,#7523),(#7524,#7525,#7526,#7527,#7528),(#7529,
#7530,#7531,#7532,#7533)),.UNSPECIFIED.,.F.,.F.,.F.,(4,4),(4,1,4),(0.,1.),
(-0.768344968832909,-0.10976356697613,0.768344968832909),.UNSPECIFIED.);
#21=B_SPLINE_SURFACE_WITH_KNOTS('',3,3,((#7543,#7544,#7545,#7546),(#7547,
#7548,#7549,#7550),(#7551,#7552,#7553,#7554),(#7555,#7556,#7557,#7558)),
 .UNSPECIFIED.,.F.,.F.,.F.,(4,4),(4,4),(0.,1.),(-0.781949860200072,-0.768344968832912),
 .UNSPECIFIED.);
#22=B_SPLINE_SURFACE_WITH_KNOTS('',3,3,((#7569,#7570,#7571,#7572),(#7573,
#7574,#7575,#7576),(#7577,#7578,#7579,#7580),(#7581,#7582,#7583,#7584)),
 .UNSPECIFIED.,.F.,.F.,.F.,(4,4),(4,4),(0.,1.),(0.768344968832912,0.781949860200066),
 .UNSPECIFIED.);
#23=B_SPLINE_SURFACE_WITH_KNOTS('',3,3,((#7589,#7590,#7591,#7592,#7593),
(#7594,#7595,#7596,#7597,#7598),(#7599,#7600,#7601,#7602,#7603),(#7604,
#7605,#7606,#7607,#7608)),.UNSPECIFIED.,.F.,.F.,.F.,(4,4),(4,1,4),(0.,1.),
(-0.768344968832909,-0.109763566976125,0.768344968832919),.UNSPECIFIED.);
#24=B_SPLINE_SURFACE_WITH_KNOTS('',3,3,((#7618,#7619,#7620,#7621),(#7622,
#7623,#7624,#7625),(#7626,#7627,#7628,#7629),(#7630,#7631,#7632,#7633)),
 .UNSPECIFIED.,.F.,.F.,.F.,(4,4),(4,4),(0.,1.),(-0.781949860200061,-0.768344968832909),
 .UNSPECIFIED.);
#25=B_SPLINE_SURFACE_WITH_KNOTS('',3,3,((#7644,#7645,#7646,#7647),(#7648,
#7649,#7650,#7651),(#7652,#7653,#7654,#7655),(#7656,#7657,#7658,#7659)),
 .UNSPECIFIED.,.F.,.F.,.F.,(4,4),(4,4),(0.,1.),(0.768344968832917,0.781949860200065),
 .UNSPECIFIED.);
#26=B_SPLINE_SURFACE_WITH_KNOTS('',3,3,((#7664,#7665,#7666,#7667,#7668),
(#7669,#7670,#7671,#7672,#7673),(#7674,#7675,#7676,#7677,#7678),(#7679,
#7680,#7681,#7682,#7683)),.UNSPECIFIED.,.F.,.F.,.F.,(4,4),(4,1,4),(0.,1.),
(-0.768344968832914,0.10976356697613,0.768344968832914),.UNSPECIFIED.);
#27=B_SPLINE_SURFACE_WITH_KNOTS('',3,3,((#7693,#7694,#7695,#7696),(#7697,
#7698,#7699,#7700),(#7701,#7702,#7703,#7704),(#7705,#7706,#7707,#7708)),
 .UNSPECIFIED.,.F.,.F.,.F.,(4,4),(4,4),(0.,1.),(-0.78194986020007,-0.768344968832914),
 .UNSPECIFIED.);
#28=B_SPLINE_SURFACE_WITH_KNOTS('',3,3,((#7713,#7714,#7715,#7716),(#7717,
#7718,#7719,#7720),(#7721,#7722,#7723,#7724),(#7725,#7726,#7727,#7728)),
 .UNSPECIFIED.,.F.,.F.,.F.,(4,4),(4,4),(0.,1.),(0.768344968832913,0.781949860200069),
 .UNSPECIFIED.);
#29=SPHERICAL_SURFACE('',#4820,1.);
#30=SPHERICAL_SURFACE('',#4825,1.);
#31=SPHERICAL_SURFACE('',#4981,1.);
#32=SPHERICAL_SURFACE('',#4985,0.999999999999996);
#33=SPHERICAL_SURFACE('',#4989,1.);
#34=SPHERICAL_SURFACE('',#4995,0.999999999999999);
#35=SPHERICAL_SURFACE('',#5000,1.);
#36=SPHERICAL_SURFACE('',#5008,0.999999999999996);
#37=SPHERICAL_SURFACE('',#5011,1.);
#38=SPHERICAL_SURFACE('',#5017,0.999999999999996);
#39=SPHERICAL_SURFACE('',#5022,0.999999999999996);
#40=SPHERICAL_SURFACE('',#5030,0.999999999999996);
#41=SPHERICAL_SURFACE('',#5033,0.999999999999999);
#42=SPHERICAL_SURFACE('',#5038,0.999999999999996);
#43=B_SPLINE_CURVE_WITH_KNOTS('',3,(#7149,#7150,#7151,#7152,#7153),
 .UNSPECIFIED.,.F.,.F.,(4,1,4),(-0.768344968832914,0.10976356697613,0.768344968832914),
 .UNSPECIFIED.);
#44=B_SPLINE_CURVE_WITH_KNOTS('',3,(#7155,#7156,#7157,#7158),
 .UNSPECIFIED.,.F.,.F.,(4,4),(-0.78194986020007,-0.768344968832914),
 .UNSPECIFIED.);
#45=B_SPLINE_CURVE_WITH_KNOTS('',3,(#7162,#7163,#7164,#7165),
 .UNSPECIFIED.,.F.,.F.,(4,4),(0.768344968832917,0.781949860200065),
 .UNSPECIFIED.);
#46=B_SPLINE_CURVE_WITH_KNOTS('',3,(#7167,#7168,#7169,#7170,#7171),
 .UNSPECIFIED.,.F.,.F.,(4,1,4),(-0.768344968832909,-0.109763566976125,0.768344968832919),
 .UNSPECIFIED.);
#47=B_SPLINE_CURVE_WITH_KNOTS('',3,(#7173,#7174,#7175,#7176),
 .UNSPECIFIED.,.F.,.F.,(4,4),(-0.781949860200061,-0.768344968832909),
 .UNSPECIFIED.);
#48=B_SPLINE_CURVE_WITH_KNOTS('',3,(#7180,#7181,#7182,#7183),
 .UNSPECIFIED.,.F.,.F.,(4,4),(0.768344968832912,0.781949860200066),
 .UNSPECIFIED.);
#49=B_SPLINE_CURVE_WITH_KNOTS('',3,(#7185,#7186,#7187,#7188,#7189),
 .UNSPECIFIED.,.F.,.F.,(4,1,4),(-0.768344968832909,-0.10976356697613,0.768344968832909),
 .UNSPECIFIED.);
#50=B_SPLINE_CURVE_WITH_KNOTS('',3,(#7191,#7192,#7193,#7194),
 .UNSPECIFIED.,.F.,.F.,(4,4),(-0.781949860200072,-0.768344968832912),
 .UNSPECIFIED.);
#51=B_SPLINE_CURVE_WITH_KNOTS('',3,(#7198,#7199,#7200,#7201),
 .UNSPECIFIED.,.F.,.F.,(4,4),(0.768344968832915,0.781949860200067),
 .UNSPECIFIED.);
#52=B_SPLINE_CURVE_WITH_KNOTS('',3,(#7203,#7204,#7205,#7206,#7207),
 .UNSPECIFIED.,.F.,.F.,(4,1,4),(-0.768344968832914,-0.10976356697613,0.768344968832915),
 .UNSPECIFIED.);
#53=B_SPLINE_CURVE_WITH_KNOTS('',3,(#7209,#7210,#7211,#7212),
 .UNSPECIFIED.,.F.,.F.,(4,4),(-0.781949860200065,-0.768344968832916),
 .UNSPECIFIED.);
#54=B_SPLINE_CURVE_WITH_KNOTS('',3,(#7227,#7228,#7229,#7230),
 .UNSPECIFIED.,.F.,.F.,(4,4),(0.768344968832913,0.781949860200069),
 .UNSPECIFIED.);
#55=B_SPLINE_CURVE_WITH_KNOTS('',3,(#7319,#7320,#7321,#7322,#7323,#7324,
#7325),.UNSPECIFIED.,.F.,.F.,(4,3,4),(-0.0700449578697152,-0.0349530637397922,
0.),.UNSPECIFIED.);
#56=B_SPLINE_CURVE_WITH_KNOTS('',3,(#7389,#7390,#7391,#7392),
 .UNSPECIFIED.,.F.,.F.,(4,4),(-0.872950987766943,-0.870864064071254),
 .UNSPECIFIED.);
#57=B_SPLINE_CURVE_WITH_KNOTS('',3,(#7393,#7394,#7395,#7396),
 .UNSPECIFIED.,.F.,.F.,(4,4),(0.870864064071254,0.875030730737921),
 .UNSPECIFIED.);
#58=B_SPLINE_CURVE_WITH_KNOTS('',3,(#7408,#7409,#7410,#7411,#7412,#7413,
#7414),.UNSPECIFIED.,.F.,.F.,(4,3,4),(0.,0.0349434236213755,0.0697816687693329),
 .UNSPECIFIED.);
#59=B_SPLINE_CURVE_WITH_KNOTS('',3,(#7431,#7432,#7433,#7434),
 .UNSPECIFIED.,.F.,.F.,(4,4),(-0.916553470664792,-0.912386803998124),
 .UNSPECIFIED.);
#60=B_SPLINE_CURVE_WITH_KNOTS('',3,(#7435,#7436,#7437,#7438),
 .UNSPECIFIED.,.F.,.F.,(4,4),(0.912386803998124,0.914473727693804),
 .UNSPECIFIED.);
#61=B_SPLINE_CURVE_WITH_KNOTS('',3,(#7463,#7464,#7465,#7466,#7467),
 .UNSPECIFIED.,.F.,.F.,(4,1,4),(-0.768344968832915,0.10976356697613,0.768344968832914),
 .UNSPECIFIED.);
#62=B_SPLINE_CURVE_WITH_KNOTS('',3,(#7484,#7485,#7486,#7487),
 .UNSPECIFIED.,.F.,.F.,(4,4),(0.768344968832916,0.781949860200065),
 .UNSPECIFIED.);
#63=B_SPLINE_CURVE_WITH_KNOTS('',3,(#7510,#7511,#7512,#7513),
 .UNSPECIFIED.,.F.,.F.,(4,4),(-0.781949860200067,-0.768344968832915),
 .UNSPECIFIED.);
#64=B_SPLINE_CURVE_WITH_KNOTS('',3,(#7538,#7539,#7540,#7541,#7542),
 .UNSPECIFIED.,.F.,.F.,(4,1,4),(-0.768344968832909,0.10976356697613,0.768344968832909),
 .UNSPECIFIED.);
#65=B_SPLINE_CURVE_WITH_KNOTS('',3,(#7559,#7560,#7561,#7562),
 .UNSPECIFIED.,.F.,.F.,(4,4),(0.768344968832912,0.781949860200072),
 .UNSPECIFIED.);
#66=B_SPLINE_CURVE_WITH_KNOTS('',3,(#7585,#7586,#7587,#7588),
 .UNSPECIFIED.,.F.,.F.,(4,4),(-0.781949860200066,-0.768344968832912),
 .UNSPECIFIED.);
#67=B_SPLINE_CURVE_WITH_KNOTS('',3,(#7613,#7614,#7615,#7616,#7617),
 .UNSPECIFIED.,.F.,.F.,(4,1,4),(-0.768344968832919,0.109763566976125,0.768344968832909),
 .UNSPECIFIED.);
#68=B_SPLINE_CURVE_WITH_KNOTS('',3,(#7634,#7635,#7636,#7637),
 .UNSPECIFIED.,.F.,.F.,(4,4),(0.768344968832909,0.781949860200061),
 .UNSPECIFIED.);
#69=B_SPLINE_CURVE_WITH_KNOTS('',3,(#7660,#7661,#7662,#7663),
 .UNSPECIFIED.,.F.,.F.,(4,4),(-0.781949860200065,-0.768344968832917),
 .UNSPECIFIED.);
#70=B_SPLINE_CURVE_WITH_KNOTS('',3,(#7688,#7689,#7690,#7691,#7692),
 .UNSPECIFIED.,.F.,.F.,(4,1,4),(-0.768344968832914,-0.10976356697613,0.768344968832914),
 .UNSPECIFIED.);
#71=B_SPLINE_CURVE_WITH_KNOTS('',3,(#7709,#7710,#7711,#7712),
 .UNSPECIFIED.,.F.,.F.,(4,4),(0.768344968832914,0.78194986020007),
 .UNSPECIFIED.);
#72=B_SPLINE_CURVE_WITH_KNOTS('',3,(#7729,#7730,#7731,#7732),
 .UNSPECIFIED.,.F.,.F.,(4,4),(-0.781949860200069,-0.768344968832913),
 .UNSPECIFIED.);
#73=CONICAL_SURFACE('',#4783,2.5,0.117108744566863);
#74=CONICAL_SURFACE('',#4790,2.25,0.785398163397448);
#75=CONICAL_SURFACE('',#4834,2.25,0.785398163397448);
#76=CONICAL_SURFACE('',#4844,1.25,0.785398163397447);
#77=CONICAL_SURFACE('',#4847,1.25,0.785398163397447);
#78=CONICAL_SURFACE('',#4851,2.25,0.78539816339745);
#79=CONICAL_SURFACE('',#4878,3.5,0.785398163397446);
#80=CONICAL_SURFACE('',#4883,3.5,0.785398163397448);
#81=CONICAL_SURFACE('',#4888,3.5,0.785398163397446);
#82=CONICAL_SURFACE('',#4893,3.5,0.785398163397448);
#83=TOROIDAL_SURFACE('',#4778,5.,1.);
#84=TOROIDAL_SURFACE('',#4803,1.99999999999999,0.999999999999999);
#85=TOROIDAL_SURFACE('',#4807,2.,0.999999999999999);
#86=TOROIDAL_SURFACE('',#5005,5.,1.);
#87=TOROIDAL_SURFACE('',#5027,5.,1.);
#88=TOROIDAL_SURFACE('',#5045,5.,1.);
#89=TOROIDAL_SURFACE('',#5051,5.,1.);
#90=FACE_BOUND('',#560,.T.);
#91=FACE_BOUND('',#621,.T.);
#92=FACE_BOUND('',#625,.T.);
#93=FACE_BOUND('',#626,.T.);
#94=FACE_BOUND('',#627,.T.);
#95=FACE_BOUND('',#628,.T.);
#96=FACE_BOUND('',#629,.T.);
#97=FACE_BOUND('',#704,.T.);
#98=FACE_BOUND('',#707,.T.);
#99=FACE_BOUND('',#710,.T.);
#100=FACE_BOUND('',#713,.T.);
#101=FACE_BOUND('',#734,.T.);
#102=FACE_BOUND('',#736,.T.);
#103=FACE_BOUND('',#738,.T.);
#104=FACE_BOUND('',#740,.T.);
#105=(
BOUNDED_SURFACE()
B_SPLINE_SURFACE(2,2,((#6560,#6561,#6562),(#6563,#6564,#6565),(#6566,#6567,
#6568)),.UNSPECIFIED.,.F.,.F.,.F.)
B_SPLINE_SURFACE_WITH_KNOTS((3,3),(3,3),(0.,1.57079632679492),(1.5707963267949,
3.14159265358979),.UNSPECIFIED.)
GEOMETRIC_REPRESENTATION_ITEM()
RATIONAL_B_SPLINE_SURFACE(((1.,0.707106781186548,1.),(0.707106781186472,
0.499999999999946,0.707106781186472),(1.,0.707106781186548,1.)))
REPRESENTATION_ITEM('')
SURFACE()
);
#106=(
BOUNDED_SURFACE()
B_SPLINE_SURFACE(2,2,((#6592,#6593,#6594),(#6595,#6596,#6597),(#6598,#6599,
#6600)),.UNSPECIFIED.,.F.,.F.,.F.)
B_SPLINE_SURFACE_WITH_KNOTS((3,3),(3,3),(0.,1.5707963267949),(-5.02781775759661E-32,
1.5707963267949),.UNSPECIFIED.)
GEOMETRIC_REPRESENTATION_ITEM()
RATIONAL_B_SPLINE_SURFACE(((1.,0.707106781186548,1.),(0.707106781186508,
0.499999999999972,0.707106781186508),(1.,0.707106781186548,1.)))
REPRESENTATION_ITEM('')
SURFACE()
);
#107=(
BOUNDED_SURFACE()
B_SPLINE_SURFACE(2,2,((#6718,#6719,#6720),(#6721,#6722,#6723),(#6724,#6725,
#6726)),.UNSPECIFIED.,.F.,.F.,.F.)
B_SPLINE_SURFACE_WITH_KNOTS((3,3),(3,3),(-8.88178419700113E-16,1.5707963267949),
(0.,1.5707963267949),.UNSPECIFIED.)
GEOMETRIC_REPRESENTATION_ITEM()
RATIONAL_B_SPLINE_SURFACE(((1.,0.707106781186548,1.),(0.707106781186545,
0.499999999999998,0.707106781186545),(1.,0.707106781186548,1.)))
REPRESENTATION_ITEM('')
SURFACE()
);
#108=(
BOUNDED_SURFACE()
B_SPLINE_SURFACE(2,2,((#6737,#6738,#6739),(#6740,#6741,#6742),(#6743,#6744,
#6745)),.UNSPECIFIED.,.F.,.F.,.F.)
B_SPLINE_SURFACE_WITH_KNOTS((3,3),(3,3),(-1.08066356471511E-31,1.57079632679492),
(1.5707963267949,3.14159265358979),.UNSPECIFIED.)
GEOMETRIC_REPRESENTATION_ITEM()
RATIONAL_B_SPLINE_SURFACE(((1.,0.707106781186548,1.),(0.707106781186581,
0.500000000000024,0.707106781186581),(1.,0.707106781186548,1.)))
REPRESENTATION_ITEM('')
SURFACE()
);
#109=(
BOUNDED_SURFACE()
B_SPLINE_SURFACE(2,2,((#6839,#6840,#6841),(#6842,#6843,#6844),(#6845,#6846,
#6847)),.UNSPECIFIED.,.F.,.F.,.F.)
B_SPLINE_SURFACE_WITH_KNOTS((3,3),(3,3),(0.,1.5707963267949),(-5.02781775759652E-32,
1.5707963267949),.UNSPECIFIED.)
GEOMETRIC_REPRESENTATION_ITEM()
RATIONAL_B_SPLINE_SURFACE(((1.,0.707106781186548,1.),(0.707106781186545,
0.499999999999998,0.707106781186545),(1.,0.707106781186548,1.)))
REPRESENTATION_ITEM('')
SURFACE()
);
#110=(
BOUNDED_SURFACE()
B_SPLINE_SURFACE(2,2,((#6858,#6859,#6860),(#6861,#6862,#6863),(#6864,#6865,
#6866)),.UNSPECIFIED.,.F.,.F.,.F.)
B_SPLINE_SURFACE_WITH_KNOTS((3,3),(3,3),(0.,1.57079632679492),(1.5707963267949,
3.14159265358979),.UNSPECIFIED.)
GEOMETRIC_REPRESENTATION_ITEM()
RATIONAL_B_SPLINE_SURFACE(((1.,0.707106781186548,1.),(0.707106781186581,
0.500000000000024,0.707106781186581),(1.,0.707106781186548,1.)))
REPRESENTATION_ITEM('')
SURFACE()
);
#111=(
BOUNDED_SURFACE()
B_SPLINE_SURFACE(2,2,((#6881,#6882,#6883),(#6884,#6885,#6886),(#6887,#6888,
#6889)),.UNSPECIFIED.,.F.,.F.,.F.)
B_SPLINE_SURFACE_WITH_KNOTS((3,3),(3,3),(-9.18689141292841E-16,1.5707963267949),
(-8.96432846842059E-32,1.5707963267949),.UNSPECIFIED.)
GEOMETRIC_REPRESENTATION_ITEM()
RATIONAL_B_SPLINE_SURFACE(((1.,0.707106781186548,1.),(0.707106781186545,
0.499999999999998,0.707106781186545),(1.,0.707106781186548,1.)))
REPRESENTATION_ITEM('')
SURFACE()
);
#112=(
BOUNDED_SURFACE()
B_SPLINE_SURFACE(2,2,((#6900,#6901,#6902),(#6903,#6904,#6905),(#6906,#6907,
#6908)),.UNSPECIFIED.,.F.,.F.,.F.)
B_SPLINE_SURFACE_WITH_KNOTS((3,3),(3,3),(-8.43769498715095E-15,1.57079632679492),
(1.5707963267949,3.14159265358979),.UNSPECIFIED.)
GEOMETRIC_REPRESENTATION_ITEM()
RATIONAL_B_SPLINE_SURFACE(((1.,0.707106781186547,1.),(0.707106781186552,
0.500000000000003,0.707106781186552),(1.,0.707106781186547,1.)))
REPRESENTATION_ITEM('')
SURFACE()
);
#113=(
BOUNDED_SURFACE()
B_SPLINE_SURFACE(2,2,((#6923,#6924,#6925),(#6926,#6927,#6928),(#6929,#6930,
#6931)),.UNSPECIFIED.,.F.,.F.,.F.)
B_SPLINE_SURFACE_WITH_KNOTS((3,3),(3,3),(-4.59344570646421E-16,1.5707963267949),
(-2.24108211710515E-32,1.5707963267949),.UNSPECIFIED.)
GEOMETRIC_REPRESENTATION_ITEM()
RATIONAL_B_SPLINE_SURFACE(((1.,0.707106781186548,1.),(0.707106781186536,
0.499999999999992,0.707106781186536),(1.,0.707106781186548,1.)))
REPRESENTATION_ITEM('')
SURFACE()
);
#114=(
BOUNDED_SURFACE()
B_SPLINE_SURFACE(2,2,((#6942,#6943,#6944),(#6945,#6946,#6947),(#6948,#6949,
#6950)),.UNSPECIFIED.,.F.,.F.,.F.)
B_SPLINE_SURFACE_WITH_KNOTS((3,3),(3,3),(-1.82076576038521E-14,1.57079632679492),
(1.5707963267949,3.14159265358979),.UNSPECIFIED.)
GEOMETRIC_REPRESENTATION_ITEM()
RATIONAL_B_SPLINE_SURFACE(((1.,0.707106781186547,1.),(0.707106781186535,
0.499999999999991,0.707106781186535),(1.,0.707106781186547,1.)))
REPRESENTATION_ITEM('')
SURFACE()
);
#115=ELLIPSE('',#4603,0.532031814123619,0.5);
#116=ELLIPSE('',#4604,0.532031814123619,0.5);
#117=ELLIPSE('',#4611,0.532031814123619,0.5);
#118=ELLIPSE('',#4612,0.532031814123619,0.5);
#119=ELLIPSE('',#4619,0.532031814123619,0.5);
#120=ELLIPSE('',#4620,0.532031814123619,0.5);
#121=ELLIPSE('',#4627,0.532031814123619,0.5);
#122=ELLIPSE('',#4628,0.532031814123619,0.5);
#123=ELLIPSE('',#4635,0.532031814123619,0.5);
#124=ELLIPSE('',#4636,0.532031814123619,0.5);
#125=ELLIPSE('',#4639,0.707106781186541,0.5);
#126=ELLIPSE('',#4643,0.707106781186541,0.5);
#127=ELLIPSE('',#4645,0.707106781186543,0.5);
#128=ELLIPSE('',#4647,0.707106781186554,0.5);
#129=ELLIPSE('',#4659,0.70710678118655,0.5);
#130=ELLIPSE('',#4661,0.707106781186554,0.5);
#131=ELLIPSE('',#4662,0.707106781186541,0.5);
#132=ELLIPSE('',#4669,0.707106781186549,0.5);
#133=ELLIPSE('',#4683,0.70710678118655,0.5);
#134=ELLIPSE('',#4685,0.707106781186554,0.5);
#135=ELLIPSE('',#4686,0.707106781186541,0.5);
#136=ELLIPSE('',#4693,0.707106781186549,0.5);
#137=ELLIPSE('',#4701,0.707106781186554,0.5);
#138=ELLIPSE('',#4703,0.707106781186548,0.5);
#139=ELLIPSE('',#4704,0.707106781186547,0.5);
#140=ELLIPSE('',#4711,0.707106781186554,0.5);
#141=ELLIPSE('',#4719,0.707106781186642,0.5);
#142=ELLIPSE('',#4721,0.707106781186547,0.5);
#143=ELLIPSE('',#4722,0.707106781186548,0.5);
#144=ELLIPSE('',#4729,0.707106781186647,0.5);
#145=ELLIPSE('',#4864,36.1247837363777,3.);
#146=ELLIPSE('',#4865,36.1247837363777,3.);
#147=ELLIPSE('',#4867,3.0051680238859,3.);
#148=ELLIPSE('',#4869,36.124783736377,3.);
#149=ELLIPSE('',#4870,36.124783736377,3.);
#150=ELLIPSE('',#4872,3.00516802388589,3.);
#151=ELLIPSE('',#4874,36.1247837363765,3.);
#152=ELLIPSE('',#4875,36.1247837363765,3.);
#153=ELLIPSE('',#4877,3.00516802388589,3.);
#154=ELLIPSE('',#4906,36.1247837363769,3.);
#155=ELLIPSE('',#4908,36.1247837363769,3.);
#156=ELLIPSE('',#5061,3.00516802388588,3.);
#157=PLANE('',#4600);
#158=PLANE('',#4602);
#159=PLANE('',#4608);
#160=PLANE('',#4610);
#161=PLANE('',#4616);
#162=PLANE('',#4618);
#163=PLANE('',#4624);
#164=PLANE('',#4626);
#165=PLANE('',#4632);
#166=PLANE('',#4634);
#167=PLANE('',#4656);
#168=PLANE('',#4673);
#169=PLANE('',#4735);
#170=PLANE('',#4736);
#171=PLANE('',#4737);
#172=PLANE('',#4738);
#173=PLANE('',#4739);
#174=PLANE('',#4740);
#175=PLANE('',#4743);
#176=PLANE('',#4746);
#177=PLANE('',#4747);
#178=PLANE('',#4748);
#179=PLANE('',#4749);
#180=PLANE('',#4750);
#181=PLANE('',#4751);
#182=PLANE('',#4752);
#183=PLANE('',#4761);
#184=PLANE('',#4762);
#185=PLANE('',#4763);
#186=PLANE('',#4764);
#187=PLANE('',#4765);
#188=PLANE('',#4766);
#189=PLANE('',#4767);
#190=PLANE('',#4768);
#191=PLANE('',#4769);
#192=PLANE('',#4773);
#193=PLANE('',#4775);
#194=PLANE('',#4787);
#195=PLANE('',#4792);
#196=PLANE('',#4799);
#197=PLANE('',#4831);
#198=PLANE('',#4837);
#199=PLANE('',#4838);
#200=PLANE('',#4839);
#201=PLANE('',#4840);
#202=PLANE('',#4841);
#203=PLANE('',#4842);
#204=PLANE('',#4843);
#205=PLANE('',#4846);
#206=PLANE('',#4849);
#207=PLANE('',#4850);
#208=PLANE('',#4854);
#209=PLANE('',#4855);
#210=PLANE('',#4856);
#211=PLANE('',#4857);
#212=PLANE('',#4862);
#213=PLANE('',#4863);
#214=PLANE('',#4868);
#215=PLANE('',#4873);
#216=PLANE('',#4898);
#217=PLANE('',#4899);
#218=PLANE('',#4900);
#219=PLANE('',#4901);
#220=PLANE('',#4903);
#221=PLANE('',#4905);
#222=PLANE('',#4907);
#223=PLANE('',#4909);
#224=PLANE('',#4913);
#225=PLANE('',#4917);
#226=PLANE('',#4921);
#227=PLANE('',#4925);
#228=PLANE('',#4926);
#229=PLANE('',#4927);
#230=PLANE('',#4928);
#231=PLANE('',#4929);
#232=PLANE('',#4930);
#233=PLANE('',#4931);
#234=PLANE('',#4932);
#235=PLANE('',#4933);
#236=PLANE('',#4934);
#237=PLANE('',#4935);
#238=PLANE('',#4936);
#239=PLANE('',#4937);
#240=PLANE('',#4938);
#241=PLANE('',#4939);
#242=PLANE('',#4940);
#243=PLANE('',#4941);
#244=PLANE('',#4942);
#245=PLANE('',#4943);
#246=PLANE('',#4947);
#247=PLANE('',#4951);
#248=PLANE('',#4955);
#249=PLANE('',#4959);
#250=PLANE('',#4962);
#251=PLANE('',#4967);
#252=PLANE('',#4970);
#253=PLANE('',#4973);
#254=PLANE('',#4978);
#255=PLANE('',#5055);
#256=PLANE('',#5056);
#257=PLANE('',#5057);
#258=PLANE('',#5059);
#259=PLANE('',#5063);
#260=PLANE('',#5065);
#261=PLANE('',#5067);
#262=FACE_OUTER_BOUND('',#526,.T.);
#263=FACE_OUTER_BOUND('',#527,.T.);
#264=FACE_OUTER_BOUND('',#528,.T.);
#265=FACE_OUTER_BOUND('',#529,.T.);
#266=FACE_OUTER_BOUND('',#530,.T.);
#267=FACE_OUTER_BOUND('',#531,.T.);
#268=FACE_OUTER_BOUND('',#532,.T.);
#269=FACE_OUTER_BOUND('',#533,.T.);
#270=FACE_OUTER_BOUND('',#534,.T.);
#271=FACE_OUTER_BOUND('',#535,.T.);
#272=FACE_OUTER_BOUND('',#536,.T.);
#273=FACE_OUTER_BOUND('',#537,.T.);
#274=FACE_OUTER_BOUND('',#538,.T.);
#275=FACE_OUTER_BOUND('',#539,.T.);
#276=FACE_OUTER_BOUND('',#540,.T.);
#277=FACE_OUTER_BOUND('',#541,.T.);
#278=FACE_OUTER_BOUND('',#542,.T.);
#279=FACE_OUTER_BOUND('',#543,.T.);
#280=FACE_OUTER_BOUND('',#544,.T.);
#281=FACE_OUTER_BOUND('',#545,.T.);
#282=FACE_OUTER_BOUND('',#546,.T.);
#283=FACE_OUTER_BOUND('',#547,.T.);
#284=FACE_OUTER_BOUND('',#548,.T.);
#285=FACE_OUTER_BOUND('',#549,.T.);
#286=FACE_OUTER_BOUND('',#550,.T.);
#287=FACE_OUTER_BOUND('',#551,.T.);
#288=FACE_OUTER_BOUND('',#552,.T.);
#289=FACE_OUTER_BOUND('',#553,.T.);
#290=FACE_OUTER_BOUND('',#554,.T.);
#291=FACE_OUTER_BOUND('',#555,.T.);
#292=FACE_OUTER_BOUND('',#556,.T.);
#293=FACE_OUTER_BOUND('',#557,.T.);
#294=FACE_OUTER_BOUND('',#558,.T.);
#295=FACE_OUTER_BOUND('',#559,.T.);
#296=FACE_OUTER_BOUND('',#561,.T.);
#297=FACE_OUTER_BOUND('',#562,.T.);
#298=FACE_OUTER_BOUND('',#563,.T.);
#299=FACE_OUTER_BOUND('',#564,.T.);
#300=FACE_OUTER_BOUND('',#565,.T.);
#301=FACE_OUTER_BOUND('',#566,.T.);
#302=FACE_OUTER_BOUND('',#567,.T.);
#303=FACE_OUTER_BOUND('',#568,.T.);
#304=FACE_OUTER_BOUND('',#569,.T.);
#305=FACE_OUTER_BOUND('',#570,.T.);
#306=FACE_OUTER_BOUND('',#571,.T.);
#307=FACE_OUTER_BOUND('',#572,.T.);
#308=FACE_OUTER_BOUND('',#573,.T.);
#309=FACE_OUTER_BOUND('',#574,.T.);
#310=FACE_OUTER_BOUND('',#575,.T.);
#311=FACE_OUTER_BOUND('',#576,.T.);
#312=FACE_OUTER_BOUND('',#577,.T.);
#313=FACE_OUTER_BOUND('',#578,.T.);
#314=FACE_OUTER_BOUND('',#579,.T.);
#315=FACE_OUTER_BOUND('',#580,.T.);
#316=FACE_OUTER_BOUND('',#581,.T.);
#317=FACE_OUTER_BOUND('',#582,.T.);
#318=FACE_OUTER_BOUND('',#583,.T.);
#319=FACE_OUTER_BOUND('',#584,.T.);
#320=FACE_OUTER_BOUND('',#585,.T.);
#321=FACE_OUTER_BOUND('',#586,.T.);
#322=FACE_OUTER_BOUND('',#587,.T.);
#323=FACE_OUTER_BOUND('',#588,.T.);
#324=FACE_OUTER_BOUND('',#589,.T.);
#325=FACE_OUTER_BOUND('',#590,.T.);
#326=FACE_OUTER_BOUND('',#591,.T.);
#327=FACE_OUTER_BOUND('',#592,.T.);
#328=FACE_OUTER_BOUND('',#593,.T.);
#329=FACE_OUTER_BOUND('',#594,.T.);
#330=FACE_OUTER_BOUND('',#595,.T.);
#331=FACE_OUTER_BOUND('',#596,.T.);
#332=FACE_OUTER_BOUND('',#597,.T.);
#333=FACE_OUTER_BOUND('',#598,.T.);
#334=FACE_OUTER_BOUND('',#599,.T.);
#335=FACE_OUTER_BOUND('',#600,.T.);
#336=FACE_OUTER_BOUND('',#601,.T.);
#337=FACE_OUTER_BOUND('',#602,.T.);
#338=FACE_OUTER_BOUND('',#603,.T.);
#339=FACE_OUTER_BOUND('',#604,.T.);
#340=FACE_OUTER_BOUND('',#605,.T.);
#341=FACE_OUTER_BOUND('',#606,.T.);
#342=FACE_OUTER_BOUND('',#607,.T.);
#343=FACE_OUTER_BOUND('',#608,.T.);
#344=FACE_OUTER_BOUND('',#609,.T.);
#345=FACE_OUTER_BOUND('',#610,.T.);
#346=FACE_OUTER_BOUND('',#611,.T.);
#347=FACE_OUTER_BOUND('',#612,.T.);
#348=FACE_OUTER_BOUND('',#613,.T.);
#349=FACE_OUTER_BOUND('',#614,.T.);
#350=FACE_OUTER_BOUND('',#615,.T.);
#351=FACE_OUTER_BOUND('',#616,.T.);
#352=FACE_OUTER_BOUND('',#617,.T.);
#353=FACE_OUTER_BOUND('',#618,.T.);
#354=FACE_OUTER_BOUND('',#619,.T.);
#355=FACE_OUTER_BOUND('',#620,.T.);
#356=FACE_OUTER_BOUND('',#622,.T.);
#357=FACE_OUTER_BOUND('',#623,.T.);
#358=FACE_OUTER_BOUND('',#624,.T.);
#359=FACE_OUTER_BOUND('',#630,.T.);
#360=FACE_OUTER_BOUND('',#631,.T.);
#361=FACE_OUTER_BOUND('',#632,.T.);
#362=FACE_OUTER_BOUND('',#633,.T.);
#363=FACE_OUTER_BOUND('',#634,.T.);
#364=FACE_OUTER_BOUND('',#635,.T.);
#365=FACE_OUTER_BOUND('',#636,.T.);
#366=FACE_OUTER_BOUND('',#637,.T.);
#367=FACE_OUTER_BOUND('',#638,.T.);
#368=FACE_OUTER_BOUND('',#639,.T.);
#369=FACE_OUTER_BOUND('',#640,.T.);
#370=FACE_OUTER_BOUND('',#641,.T.);
#371=FACE_OUTER_BOUND('',#642,.T.);
#372=FACE_OUTER_BOUND('',#643,.T.);
#373=FACE_OUTER_BOUND('',#644,.T.);
#374=FACE_OUTER_BOUND('',#645,.T.);
#375=FACE_OUTER_BOUND('',#646,.T.);
#376=FACE_OUTER_BOUND('',#647,.T.);
#377=FACE_OUTER_BOUND('',#648,.T.);
#378=FACE_OUTER_BOUND('',#649,.T.);
#379=FACE_OUTER_BOUND('',#650,.T.);
#380=FACE_OUTER_BOUND('',#651,.T.);
#381=FACE_OUTER_BOUND('',#652,.T.);
#382=FACE_OUTER_BOUND('',#653,.T.);
#383=FACE_OUTER_BOUND('',#654,.T.);
#384=FACE_OUTER_BOUND('',#655,.T.);
#385=FACE_OUTER_BOUND('',#656,.T.);
#386=FACE_OUTER_BOUND('',#657,.T.);
#387=FACE_OUTER_BOUND('',#658,.T.);
#388=FACE_OUTER_BOUND('',#659,.T.);
#389=FACE_OUTER_BOUND('',#660,.T.);
#390=FACE_OUTER_BOUND('',#661,.T.);
#391=FACE_OUTER_BOUND('',#662,.T.);
#392=FACE_OUTER_BOUND('',#663,.T.);
#393=FACE_OUTER_BOUND('',#664,.T.);
#394=FACE_OUTER_BOUND('',#665,.T.);
#395=FACE_OUTER_BOUND('',#666,.T.);
#396=FACE_OUTER_BOUND('',#667,.T.);
#397=FACE_OUTER_BOUND('',#668,.T.);
#398=FACE_OUTER_BOUND('',#669,.T.);
#399=FACE_OUTER_BOUND('',#670,.T.);
#400=FACE_OUTER_BOUND('',#671,.T.);
#401=FACE_OUTER_BOUND('',#672,.T.);
#402=FACE_OUTER_BOUND('',#673,.T.);
#403=FACE_OUTER_BOUND('',#674,.T.);
#404=FACE_OUTER_BOUND('',#675,.T.);
#405=FACE_OUTER_BOUND('',#676,.T.);
#406=FACE_OUTER_BOUND('',#677,.T.);
#407=FACE_OUTER_BOUND('',#678,.T.);
#408=FACE_OUTER_BOUND('',#679,.T.);
#409=FACE_OUTER_BOUND('',#680,.T.);
#410=FACE_OUTER_BOUND('',#681,.T.);
#411=FACE_OUTER_BOUND('',#682,.T.);
#412=FACE_OUTER_BOUND('',#683,.T.);
#413=FACE_OUTER_BOUND('',#684,.T.);
#414=FACE_OUTER_BOUND('',#685,.T.);
#415=FACE_OUTER_BOUND('',#686,.T.);
#416=FACE_OUTER_BOUND('',#687,.T.);
#417=FACE_OUTER_BOUND('',#688,.T.);
#418=FACE_OUTER_BOUND('',#689,.T.);
#419=FACE_OUTER_BOUND('',#690,.T.);
#420=FACE_OUTER_BOUND('',#691,.T.);
#421=FACE_OUTER_BOUND('',#692,.T.);
#422=FACE_OUTER_BOUND('',#693,.T.);
#423=FACE_OUTER_BOUND('',#694,.T.);
#424=FACE_OUTER_BOUND('',#695,.T.);
#425=FACE_OUTER_BOUND('',#696,.T.);
#426=FACE_OUTER_BOUND('',#697,.T.);
#427=FACE_OUTER_BOUND('',#698,.T.);
#428=FACE_OUTER_BOUND('',#699,.T.);
#429=FACE_OUTER_BOUND('',#700,.T.);
#430=FACE_OUTER_BOUND('',#701,.T.);
#431=FACE_OUTER_BOUND('',#702,.T.);
#432=FACE_OUTER_BOUND('',#703,.T.);
#433=FACE_OUTER_BOUND('',#705,.T.);
#434=FACE_OUTER_BOUND('',#706,.T.);
#435=FACE_OUTER_BOUND('',#708,.T.);
#436=FACE_OUTER_BOUND('',#709,.T.);
#437=FACE_OUTER_BOUND('',#711,.T.);
#438=FACE_OUTER_BOUND('',#712,.T.);
#439=FACE_OUTER_BOUND('',#714,.T.);
#440=FACE_OUTER_BOUND('',#715,.T.);
#441=FACE_OUTER_BOUND('',#716,.T.);
#442=FACE_OUTER_BOUND('',#717,.T.);
#443=FACE_OUTER_BOUND('',#718,.T.);
#444=FACE_OUTER_BOUND('',#719,.T.);
#445=FACE_OUTER_BOUND('',#720,.T.);
#446=FACE_OUTER_BOUND('',#721,.T.);
#447=FACE_OUTER_BOUND('',#722,.T.);
#448=FACE_OUTER_BOUND('',#723,.T.);
#449=FACE_OUTER_BOUND('',#724,.T.);
#450=FACE_OUTER_BOUND('',#725,.T.);
#451=FACE_OUTER_BOUND('',#726,.T.);
#452=FACE_OUTER_BOUND('',#727,.T.);
#453=FACE_OUTER_BOUND('',#728,.T.);
#454=FACE_OUTER_BOUND('',#729,.T.);
#455=FACE_OUTER_BOUND('',#730,.T.);
#456=FACE_OUTER_BOUND('',#731,.T.);
#457=FACE_OUTER_BOUND('',#732,.T.);
#458=FACE_OUTER_BOUND('',#733,.T.);
#459=FACE_OUTER_BOUND('',#735,.T.);
#460=FACE_OUTER_BOUND('',#737,.T.);
#461=FACE_OUTER_BOUND('',#739,.T.);
#462=FACE_OUTER_BOUND('',#741,.T.);
#463=FACE_OUTER_BOUND('',#742,.T.);
#464=FACE_OUTER_BOUND('',#743,.T.);
#465=FACE_OUTER_BOUND('',#744,.T.);
#466=FACE_OUTER_BOUND('',#745,.T.);
#467=FACE_OUTER_BOUND('',#746,.T.);
#468=FACE_OUTER_BOUND('',#747,.T.);
#469=FACE_OUTER_BOUND('',#748,.T.);
#470=FACE_OUTER_BOUND('',#749,.T.);
#471=FACE_OUTER_BOUND('',#750,.T.);
#472=FACE_OUTER_BOUND('',#751,.T.);
#473=FACE_OUTER_BOUND('',#752,.T.);
#474=FACE_OUTER_BOUND('',#753,.T.);
#475=FACE_OUTER_BOUND('',#754,.T.);
#476=FACE_OUTER_BOUND('',#755,.T.);
#477=FACE_OUTER_BOUND('',#756,.T.);
#478=FACE_OUTER_BOUND('',#757,.T.);
#479=FACE_OUTER_BOUND('',#758,.T.);
#480=FACE_OUTER_BOUND('',#759,.T.);
#481=FACE_OUTER_BOUND('',#760,.T.);
#482=FACE_OUTER_BOUND('',#761,.T.);
#483=FACE_OUTER_BOUND('',#762,.T.);
#484=FACE_OUTER_BOUND('',#763,.T.);
#485=FACE_OUTER_BOUND('',#764,.T.);
#486=FACE_OUTER_BOUND('',#765,.T.);
#487=FACE_OUTER_BOUND('',#766,.T.);
#488=FACE_OUTER_BOUND('',#767,.T.);
#489=FACE_OUTER_BOUND('',#768,.T.);
#490=FACE_OUTER_BOUND('',#769,.T.);
#491=FACE_OUTER_BOUND('',#770,.T.);
#492=FACE_OUTER_BOUND('',#771,.T.);
#493=FACE_OUTER_BOUND('',#772,.T.);
#494=FACE_OUTER_BOUND('',#773,.T.);
#495=FACE_OUTER_BOUND('',#774,.T.);
#496=FACE_OUTER_BOUND('',#775,.T.);
#497=FACE_OUTER_BOUND('',#776,.T.);
#498=FACE_OUTER_BOUND('',#777,.T.);
#499=FACE_OUTER_BOUND('',#778,.T.);
#500=FACE_OUTER_BOUND('',#779,.T.);
#501=FACE_OUTER_BOUND('',#780,.T.);
#502=FACE_OUTER_BOUND('',#781,.T.);
#503=FACE_OUTER_BOUND('',#782,.T.);
#504=FACE_OUTER_BOUND('',#783,.T.);
#505=FACE_OUTER_BOUND('',#784,.T.);
#506=FACE_OUTER_BOUND('',#785,.T.);
#507=FACE_OUTER_BOUND('',#786,.T.);
#508=FACE_OUTER_BOUND('',#787,.T.);
#509=FACE_OUTER_BOUND('',#788,.T.);
#510=FACE_OUTER_BOUND('',#789,.T.);
#511=FACE_OUTER_BOUND('',#790,.T.);
#512=FACE_OUTER_BOUND('',#791,.T.);
#513=FACE_OUTER_BOUND('',#792,.T.);
#514=FACE_OUTER_BOUND('',#793,.T.);
#515=FACE_OUTER_BOUND('',#794,.T.);
#516=FACE_OUTER_BOUND('',#795,.T.);
#517=FACE_OUTER_BOUND('',#796,.T.);
#518=FACE_OUTER_BOUND('',#797,.T.);
#519=FACE_OUTER_BOUND('',#798,.T.);
#520=FACE_OUTER_BOUND('',#799,.T.);
#521=FACE_OUTER_BOUND('',#800,.T.);
#522=FACE_OUTER_BOUND('',#801,.T.);
#523=FACE_OUTER_BOUND('',#802,.T.);
#524=FACE_OUTER_BOUND('',#803,.T.);
#525=FACE_OUTER_BOUND('',#804,.T.);
#526=EDGE_LOOP('',(#2881,#2882,#2883,#2884));
#527=EDGE_LOOP('',(#2885,#2886,#2887,#2888,#2889,#2890));
#528=EDGE_LOOP('',(#2891,#2892,#2893,#2894,#2895,#2896));
#529=EDGE_LOOP('',(#2897,#2898,#2899,#2900));
#530=EDGE_LOOP('',(#2901,#2902,#2903,#2904,#2905,#2906));
#531=EDGE_LOOP('',(#2907,#2908,#2909,#2910,#2911,#2912));
#532=EDGE_LOOP('',(#2913,#2914,#2915,#2916));
#533=EDGE_LOOP('',(#2917,#2918,#2919,#2920,#2921,#2922));
#534=EDGE_LOOP('',(#2923,#2924,#2925,#2926,#2927,#2928));
#535=EDGE_LOOP('',(#2929,#2930,#2931,#2932));
#536=EDGE_LOOP('',(#2933,#2934,#2935,#2936,#2937,#2938));
#537=EDGE_LOOP('',(#2939,#2940,#2941,#2942,#2943,#2944));
#538=EDGE_LOOP('',(#2945,#2946,#2947,#2948));
#539=EDGE_LOOP('',(#2949,#2950,#2951,#2952,#2953,#2954));
#540=EDGE_LOOP('',(#2955,#2956,#2957,#2958,#2959,#2960));
#541=EDGE_LOOP('',(#2961,#2962,#2963,#2964));
#542=EDGE_LOOP('',(#2965,#2966,#2967,#2968));
#543=EDGE_LOOP('',(#2969,#2970,#2971,#2972,#2973));
#544=EDGE_LOOP('',(#2974,#2975,#2976,#2977));
#545=EDGE_LOOP('',(#2978,#2979,#2980,#2981));
#546=EDGE_LOOP('',(#2982,#2983,#2984,#2985,#2986));
#547=EDGE_LOOP('',(#2987,#2988,#2989,#2990));
#548=EDGE_LOOP('',(#2991,#2992,#2993,#2994));
#549=EDGE_LOOP('',(#2995,#2996,#2997,#2998));
#550=EDGE_LOOP('',(#2999,#3000,#3001,#3002,#3003,#3004,#3005,#3006,#3007,
#3008,#3009,#3010,#3011,#3012,#3013,#3014,#3015,#3016,#3017,#3018,#3019,
#3020,#3021,#3022,#3023,#3024,#3025,#3026,#3027,#3028,#3029,#3030,#3031,
#3032,#3033,#3034,#3035,#3036,#3037,#3038,#3039,#3040,#3041,#3042,#3043,
#3044,#3045,#3046));
#551=EDGE_LOOP('',(#3047,#3048,#3049,#3050));
#552=EDGE_LOOP('',(#3051,#3052,#3053,#3054));
#553=EDGE_LOOP('',(#3055,#3056,#3057,#3058,#3059));
#554=EDGE_LOOP('',(#3060,#3061,#3062,#3063));
#555=EDGE_LOOP('',(#3064,#3065,#3066,#3067));
#556=EDGE_LOOP('',(#3068,#3069,#3070,#3071));
#557=EDGE_LOOP('',(#3072,#3073,#3074,#3075));
#558=EDGE_LOOP('',(#3076,#3077,#3078,#3079,#3080));
#559=EDGE_LOOP('',(#3081,#3082,#3083,#3084,#3085,#3086,#3087,#3088,#3089,
#3090,#3091,#3092,#3093,#3094,#3095,#3096,#3097,#3098,#3099,#3100,#3101,
#3102,#3103,#3104,#3105,#3106,#3107,#3108,#3109,#3110,#3111,#3112,#3113,
#3114,#3115,#3116,#3117,#3118,#3119,#3120,#3121,#3122,#3123,#3124,#3125,
#3126));
#560=EDGE_LOOP('',(#3127));
#561=EDGE_LOOP('',(#3128,#3129,#3130,#3131));
#562=EDGE_LOOP('',(#3132,#3133,#3134,#3135));
#563=EDGE_LOOP('',(#3136,#3137,#3138,#3139,#3140));
#564=EDGE_LOOP('',(#3141,#3142,#3143,#3144));
#565=EDGE_LOOP('',(#3145,#3146,#3147,#3148));
#566=EDGE_LOOP('',(#3149,#3150,#3151,#3152));
#567=EDGE_LOOP('',(#3153,#3154,#3155,#3156));
#568=EDGE_LOOP('',(#3157,#3158,#3159,#3160,#3161));
#569=EDGE_LOOP('',(#3162,#3163,#3164,#3165));
#570=EDGE_LOOP('',(#3166,#3167,#3168,#3169));
#571=EDGE_LOOP('',(#3170,#3171,#3172,#3173));
#572=EDGE_LOOP('',(#3174,#3175,#3176,#3177,#3178));
#573=EDGE_LOOP('',(#3179,#3180,#3181,#3182));
#574=EDGE_LOOP('',(#3183,#3184,#3185,#3186));
#575=EDGE_LOOP('',(#3187,#3188,#3189,#3190));
#576=EDGE_LOOP('',(#3191,#3192,#3193,#3194));
#577=EDGE_LOOP('',(#3195,#3196,#3197,#3198,#3199));
#578=EDGE_LOOP('',(#3200,#3201,#3202,#3203));
#579=EDGE_LOOP('',(#3204,#3205,#3206,#3207));
#580=EDGE_LOOP('',(#3208,#3209,#3210,#3211));
#581=EDGE_LOOP('',(#3212,#3213,#3214,#3215,#3216));
#582=EDGE_LOOP('',(#3217,#3218,#3219,#3220));
#583=EDGE_LOOP('',(#3221,#3222,#3223,#3224));
#584=EDGE_LOOP('',(#3225,#3226,#3227,#3228));
#585=EDGE_LOOP('',(#3229,#3230,#3231,#3232));
#586=EDGE_LOOP('',(#3233,#3234,#3235,#3236,#3237));
#587=EDGE_LOOP('',(#3238,#3239,#3240,#3241));
#588=EDGE_LOOP('',(#3242,#3243,#3244,#3245));
#589=EDGE_LOOP('',(#3246,#3247,#3248,#3249));
#590=EDGE_LOOP('',(#3250,#3251,#3252,#3253));
#591=EDGE_LOOP('',(#3254,#3255,#3256,#3257));
#592=EDGE_LOOP('',(#3258,#3259,#3260,#3261));
#593=EDGE_LOOP('',(#3262,#3263,#3264,#3265,#3266,#3267));
#594=EDGE_LOOP('',(#3268,#3269,#3270,#3271));
#595=EDGE_LOOP('',(#3272,#3273,#3274,#3275,#3276,#3277));
#596=EDGE_LOOP('',(#3278,#3279,#3280,#3281));
#597=EDGE_LOOP('',(#3282,#3283,#3284,#3285,#3286,#3287));
#598=EDGE_LOOP('',(#3288,#3289,#3290,#3291,#3292,#3293));
#599=EDGE_LOOP('',(#3294,#3295,#3296,#3297,#3298,#3299));
#600=EDGE_LOOP('',(#3300,#3301,#3302,#3303));
#601=EDGE_LOOP('',(#3304,#3305,#3306,#3307));
#602=EDGE_LOOP('',(#3308,#3309,#3310,#3311));
#603=EDGE_LOOP('',(#3312,#3313,#3314,#3315,#3316,#3317,#3318,#3319,#3320,
#3321,#3322,#3323,#3324,#3325,#3326,#3327,#3328,#3329,#3330,#3331));
#604=EDGE_LOOP('',(#3332,#3333,#3334,#3335));
#605=EDGE_LOOP('',(#3336,#3337,#3338,#3339));
#606=EDGE_LOOP('',(#3340,#3341,#3342,#3343));
#607=EDGE_LOOP('',(#3344,#3345,#3346,#3347));
#608=EDGE_LOOP('',(#3348,#3349,#3350,#3351));
#609=EDGE_LOOP('',(#3352,#3353,#3354,#3355));
#610=EDGE_LOOP('',(#3356,#3357,#3358,#3359));
#611=EDGE_LOOP('',(#3360,#3361,#3362,#3363));
#612=EDGE_LOOP('',(#3364,#3365,#3366,#3367));
#613=EDGE_LOOP('',(#3368,#3369,#3370,#3371));
#614=EDGE_LOOP('',(#3372,#3373,#3374,#3375,#3376,#3377,#3378,#3379));
#615=EDGE_LOOP('',(#3380,#3381,#3382,#3383,#3384,#3385,#3386,#3387));
#616=EDGE_LOOP('',(#3388,#3389,#3390,#3391));
#617=EDGE_LOOP('',(#3392,#3393,#3394,#3395));
#618=EDGE_LOOP('',(#3396,#3397,#3398,#3399));
#619=EDGE_LOOP('',(#3400,#3401,#3402,#3403,#3404));
#620=EDGE_LOOP('',(#3405));
#621=EDGE_LOOP('',(#3406));
#622=EDGE_LOOP('',(#3407,#3408,#3409,#3410,#3411));
#623=EDGE_LOOP('',(#3412,#3413,#3414,#3415));
#624=EDGE_LOOP('',(#3416,#3417,#3418,#3419,#3420,#3421,#3422,#3423,#3424,
#3425,#3426,#3427,#3428,#3429,#3430,#3431,#3432,#3433,#3434,#3435,#3436,
#3437));
#625=EDGE_LOOP('',(#3438));
#626=EDGE_LOOP('',(#3439));
#627=EDGE_LOOP('',(#3440));
#628=EDGE_LOOP('',(#3441));
#629=EDGE_LOOP('',(#3442));
#630=EDGE_LOOP('',(#3443,#3444,#3445,#3446));
#631=EDGE_LOOP('',(#3447,#3448,#3449,#3450));
#632=EDGE_LOOP('',(#3451,#3452,#3453,#3454));
#633=EDGE_LOOP('',(#3455,#3456,#3457,#3458));
#634=EDGE_LOOP('',(#3459,#3460,#3461,#3462));
#635=EDGE_LOOP('',(#3463,#3464,#3465,#3466));
#636=EDGE_LOOP('',(#3467,#3468,#3469,#3470));
#637=EDGE_LOOP('',(#3471,#3472,#3473,#3474));
#638=EDGE_LOOP('',(#3475,#3476,#3477,#3478));
#639=EDGE_LOOP('',(#3479,#3480,#3481));
#640=EDGE_LOOP('',(#3482,#3483,#3484,#3485));
#641=EDGE_LOOP('',(#3486,#3487,#3488));
#642=EDGE_LOOP('',(#3489,#3490,#3491,#3492));
#643=EDGE_LOOP('',(#3493,#3494,#3495,#3496));
#644=EDGE_LOOP('',(#3497,#3498,#3499,#3500,#3501,#3502,#3503,#3504,#3505,
#3506,#3507,#3508,#3509,#3510));
#645=EDGE_LOOP('',(#3511,#3512,#3513,#3514));
#646=EDGE_LOOP('',(#3515,#3516,#3517));
#647=EDGE_LOOP('',(#3518,#3519,#3520,#3521));
#648=EDGE_LOOP('',(#3522,#3523,#3524,#3525));
#649=EDGE_LOOP('',(#3526,#3527,#3528));
#650=EDGE_LOOP('',(#3529,#3530,#3531,#3532));
#651=EDGE_LOOP('',(#3533,#3534,#3535,#3536));
#652=EDGE_LOOP('',(#3537,#3538,#3539,#3540));
#653=EDGE_LOOP('',(#3541,#3542,#3543,#3544));
#654=EDGE_LOOP('',(#3545,#3546,#3547,#3548));
#655=EDGE_LOOP('',(#3549,#3550,#3551,#3552));
#656=EDGE_LOOP('',(#3553,#3554,#3555,#3556));
#657=EDGE_LOOP('',(#3557,#3558,#3559,#3560));
#658=EDGE_LOOP('',(#3561,#3562,#3563,#3564));
#659=EDGE_LOOP('',(#3565,#3566,#3567,#3568));
#660=EDGE_LOOP('',(#3569,#3570,#3571,#3572));
#661=EDGE_LOOP('',(#3573,#3574,#3575,#3576));
#662=EDGE_LOOP('',(#3577,#3578,#3579,#3580));
#663=EDGE_LOOP('',(#3581,#3582,#3583,#3584));
#664=EDGE_LOOP('',(#3585,#3586,#3587,#3588));
#665=EDGE_LOOP('',(#3589,#3590,#3591,#3592));
#666=EDGE_LOOP('',(#3593,#3594,#3595,#3596));
#667=EDGE_LOOP('',(#3597,#3598,#3599,#3600));
#668=EDGE_LOOP('',(#3601,#3602,#3603,#3604));
#669=EDGE_LOOP('',(#3605,#3606,#3607,#3608));
#670=EDGE_LOOP('',(#3609,#3610,#3611,#3612));
#671=EDGE_LOOP('',(#3613,#3614,#3615,#3616));
#672=EDGE_LOOP('',(#3617,#3618,#3619,#3620));
#673=EDGE_LOOP('',(#3621,#3622,#3623,#3624));
#674=EDGE_LOOP('',(#3625,#3626,#3627,#3628));
#675=EDGE_LOOP('',(#3629,#3630,#3631,#3632));
#676=EDGE_LOOP('',(#3633,#3634,#3635,#3636,#3637,#3638));
#677=EDGE_LOOP('',(#3639,#3640,#3641,#3642));
#678=EDGE_LOOP('',(#3643,#3644,#3645,#3646));
#679=EDGE_LOOP('',(#3647,#3648,#3649,#3650,#3651,#3652));
#680=EDGE_LOOP('',(#3653,#3654,#3655,#3656,#3657,#3658,#3659,#3660));
#681=EDGE_LOOP('',(#3661,#3662,#3663,#3664));
#682=EDGE_LOOP('',(#3665,#3666,#3667,#3668,#3669,#3670,#3671,#3672,#3673,
#3674,#3675,#3676,#3677,#3678,#3679,#3680,#3681,#3682,#3683,#3684,#3685,
#3686,#3687,#3688,#3689,#3690,#3691,#3692,#3693,#3694,#3695,#3696));
#683=EDGE_LOOP('',(#3697,#3698,#3699,#3700));
#684=EDGE_LOOP('',(#3701,#3702,#3703,#3704,#3705,#3706,#3707,#3708));
#685=EDGE_LOOP('',(#3709,#3710,#3711,#3712));
#686=EDGE_LOOP('',(#3713,#3714,#3715,#3716,#3717));
#687=EDGE_LOOP('',(#3718,#3719,#3720,#3721,#3722));
#688=EDGE_LOOP('',(#3723,#3724,#3725,#3726,#3727));
#689=EDGE_LOOP('',(#3728,#3729,#3730,#3731,#3732));
#690=EDGE_LOOP('',(#3733,#3734,#3735,#3736,#3737));
#691=EDGE_LOOP('',(#3738,#3739,#3740,#3741,#3742));
#692=EDGE_LOOP('',(#3743,#3744,#3745,#3746,#3747));
#693=EDGE_LOOP('',(#3748,#3749,#3750,#3751,#3752));
#694=EDGE_LOOP('',(#3753,#3754,#3755,#3756));
#695=EDGE_LOOP('',(#3757,#3758,#3759,#3760,#3761,#3762,#3763,#3764,#3765));
#696=EDGE_LOOP('',(#3766,#3767,#3768,#3769));
#697=EDGE_LOOP('',(#3770,#3771,#3772,#3773,#3774,#3775,#3776,#3777,#3778));
#698=EDGE_LOOP('',(#3779,#3780,#3781,#3782,#3783));
#699=EDGE_LOOP('',(#3784,#3785,#3786,#3787));
#700=EDGE_LOOP('',(#3788,#3789,#3790,#3791,#3792));
#701=EDGE_LOOP('',(#3793,#3794,#3795,#3796,#3797,#3798,#3799));
#702=EDGE_LOOP('',(#3800,#3801,#3802,#3803,#3804,#3805,#3806));
#703=EDGE_LOOP('',(#3807));
#704=EDGE_LOOP('',(#3808));
#705=EDGE_LOOP('',(#3809,#3810,#3811,#3812));
#706=EDGE_LOOP('',(#3813));
#707=EDGE_LOOP('',(#3814));
#708=EDGE_LOOP('',(#3815,#3816,#3817,#3818));
#709=EDGE_LOOP('',(#3819));
#710=EDGE_LOOP('',(#3820));
#711=EDGE_LOOP('',(#3821,#3822,#3823,#3824));
#712=EDGE_LOOP('',(#3825));
#713=EDGE_LOOP('',(#3826));
#714=EDGE_LOOP('',(#3827,#3828,#3829,#3830));
#715=EDGE_LOOP('',(#3831,#3832,#3833,#3834,#3835));
#716=EDGE_LOOP('',(#3836,#3837,#3838,#3839,#3840));
#717=EDGE_LOOP('',(#3841,#3842,#3843,#3844));
#718=EDGE_LOOP('',(#3845,#3846,#3847,#3848,#3849));
#719=EDGE_LOOP('',(#3850,#3851,#3852,#3853,#3854));
#720=EDGE_LOOP('',(#3855,#3856,#3857,#3858));
#721=EDGE_LOOP('',(#3859,#3860,#3861,#3862,#3863));
#722=EDGE_LOOP('',(#3864,#3865,#3866,#3867,#3868));
#723=EDGE_LOOP('',(#3869,#3870,#3871,#3872));
#724=EDGE_LOOP('',(#3873,#3874,#3875,#3876,#3877));
#725=EDGE_LOOP('',(#3878,#3879,#3880,#3881,#3882));
#726=EDGE_LOOP('',(#3883,#3884,#3885,#3886));
#727=EDGE_LOOP('',(#3887,#3888,#3889,#3890,#3891));
#728=EDGE_LOOP('',(#3892,#3893,#3894,#3895,#3896));
#729=EDGE_LOOP('',(#3897,#3898,#3899,#3900));
#730=EDGE_LOOP('',(#3901,#3902,#3903,#3904,#3905));
#731=EDGE_LOOP('',(#3906,#3907,#3908,#3909,#3910));
#732=EDGE_LOOP('',(#3911,#3912,#3913,#3914));
#733=EDGE_LOOP('',(#3915,#3916,#3917,#3918,#3919,#3920));
#734=EDGE_LOOP('',(#3921));
#735=EDGE_LOOP('',(#3922,#3923,#3924,#3925,#3926,#3927));
#736=EDGE_LOOP('',(#3928));
#737=EDGE_LOOP('',(#3929,#3930,#3931,#3932,#3933,#3934));
#738=EDGE_LOOP('',(#3935));
#739=EDGE_LOOP('',(#3936,#3937,#3938,#3939,#3940,#3941));
#740=EDGE_LOOP('',(#3942));
#741=EDGE_LOOP('',(#3943,#3944,#3945,#3946));
#742=EDGE_LOOP('',(#3947,#3948,#3949,#3950));
#743=EDGE_LOOP('',(#3951,#3952,#3953,#3954));
#744=EDGE_LOOP('',(#3955,#3956,#3957,#3958));
#745=EDGE_LOOP('',(#3959,#3960,#3961,#3962));
#746=EDGE_LOOP('',(#3963,#3964,#3965,#3966));
#747=EDGE_LOOP('',(#3967,#3968,#3969,#3970));
#748=EDGE_LOOP('',(#3971,#3972,#3973,#3974));
#749=EDGE_LOOP('',(#3975,#3976,#3977,#3978));
#750=EDGE_LOOP('',(#3979,#3980,#3981,#3982));
#751=EDGE_LOOP('',(#3983,#3984,#3985,#3986));
#752=EDGE_LOOP('',(#3987,#3988,#3989,#3990));
#753=EDGE_LOOP('',(#3991,#3992,#3993,#3994));
#754=EDGE_LOOP('',(#3995,#3996,#3997,#3998));
#755=EDGE_LOOP('',(#3999,#4000,#4001));
#756=EDGE_LOOP('',(#4002,#4003,#4004,#4005));
#757=EDGE_LOOP('',(#4006,#4007,#4008));
#758=EDGE_LOOP('',(#4009,#4010,#4011,#4012));
#759=EDGE_LOOP('',(#4013,#4014,#4015));
#760=EDGE_LOOP('',(#4016,#4017,#4018,#4019));
#761=EDGE_LOOP('',(#4020,#4021,#4022,#4023));
#762=EDGE_LOOP('',(#4024,#4025,#4026));
#763=EDGE_LOOP('',(#4027,#4028,#4029,#4030));
#764=EDGE_LOOP('',(#4031,#4032,#4033));
#765=EDGE_LOOP('',(#4034,#4035,#4036,#4037));
#766=EDGE_LOOP('',(#4038,#4039,#4040,#4041));
#767=EDGE_LOOP('',(#4042,#4043,#4044,#4045));
#768=EDGE_LOOP('',(#4046,#4047,#4048));
#769=EDGE_LOOP('',(#4049,#4050,#4051));
#770=EDGE_LOOP('',(#4052,#4053,#4054,#4055));
#771=EDGE_LOOP('',(#4056,#4057,#4058,#4059));
#772=EDGE_LOOP('',(#4060,#4061,#4062));
#773=EDGE_LOOP('',(#4063,#4064,#4065,#4066));
#774=EDGE_LOOP('',(#4067,#4068,#4069));
#775=EDGE_LOOP('',(#4070,#4071,#4072,#4073));
#776=EDGE_LOOP('',(#4074,#4075,#4076,#4077));
#777=EDGE_LOOP('',(#4078,#4079,#4080,#4081));
#778=EDGE_LOOP('',(#4082,#4083,#4084));
#779=EDGE_LOOP('',(#4085,#4086,#4087));
#780=EDGE_LOOP('',(#4088,#4089,#4090,#4091));
#781=EDGE_LOOP('',(#4092,#4093,#4094,#4095));
#782=EDGE_LOOP('',(#4096,#4097,#4098));
#783=EDGE_LOOP('',(#4099,#4100,#4101,#4102));
#784=EDGE_LOOP('',(#4103,#4104,#4105,#4106));
#785=EDGE_LOOP('',(#4107,#4108,#4109,#4110));
#786=EDGE_LOOP('',(#4111,#4112,#4113,#4114));
#787=EDGE_LOOP('',(#4115,#4116,#4117,#4118));
#788=EDGE_LOOP('',(#4119,#4120,#4121,#4122));
#789=EDGE_LOOP('',(#4123,#4124,#4125,#4126));
#790=EDGE_LOOP('',(#4127,#4128,#4129,#4130));
#791=EDGE_LOOP('',(#4131,#4132,#4133,#4134));
#792=EDGE_LOOP('',(#4135,#4136,#4137,#4138));
#793=EDGE_LOOP('',(#4139,#4140,#4141,#4142));
#794=EDGE_LOOP('',(#4143,#4144,#4145,#4146));
#795=EDGE_LOOP('',(#4147,#4148,#4149,#4150,#4151,#4152,#4153,#4154,#4155,
#4156,#4157,#4158));
#796=EDGE_LOOP('',(#4159,#4160,#4161,#4162,#4163,#4164));
#797=EDGE_LOOP('',(#4165,#4166,#4167,#4168));
#798=EDGE_LOOP('',(#4169,#4170,#4171,#4172,#4173,#4174));
#799=EDGE_LOOP('',(#4175,#4176,#4177,#4178));
#800=EDGE_LOOP('',(#4179,#4180,#4181,#4182,#4183,#4184,#4185,#4186));
#801=EDGE_LOOP('',(#4187,#4188,#4189,#4190,#4191,#4192));
#802=EDGE_LOOP('',(#4193,#4194,#4195,#4196));
#803=EDGE_LOOP('',(#4197,#4198,#4199,#4200,#4201,#4202));
#804=EDGE_LOOP('',(#4203,#4204,#4205,#4206,#4207,#4208,#4209,#4210,#4211,
#4212,#4213,#4214));
#805=LINE('',#6424,#1211);
#806=LINE('',#6427,#1212);
#807=LINE('',#6430,#1213);
#808=LINE('',#6432,#1214);
#809=LINE('',#6436,#1215);
#810=LINE('',#6437,#1216);
#811=LINE('',#6440,#1217);
#812=LINE('',#6444,#1218);
#813=LINE('',#6451,#1219);
#814=LINE('',#6454,#1220);
#815=LINE('',#6457,#1221);
#816=LINE('',#6459,#1222);
#817=LINE('',#6463,#1223);
#818=LINE('',#6464,#1224);
#819=LINE('',#6467,#1225);
#820=LINE('',#6471,#1226);
#821=LINE('',#6478,#1227);
#822=LINE('',#6481,#1228);
#823=LINE('',#6484,#1229);
#824=LINE('',#6486,#1230);
#825=LINE('',#6490,#1231);
#826=LINE('',#6491,#1232);
#827=LINE('',#6494,#1233);
#828=LINE('',#6498,#1234);
#829=LINE('',#6505,#1235);
#830=LINE('',#6508,#1236);
#831=LINE('',#6511,#1237);
#832=LINE('',#6513,#1238);
#833=LINE('',#6517,#1239);
#834=LINE('',#6518,#1240);
#835=LINE('',#6521,#1241);
#836=LINE('',#6525,#1242);
#837=LINE('',#6532,#1243);
#838=LINE('',#6535,#1244);
#839=LINE('',#6538,#1245);
#840=LINE('',#6540,#1246);
#841=LINE('',#6544,#1247);
#842=LINE('',#6545,#1248);
#843=LINE('',#6548,#1249);
#844=LINE('',#6552,#1250);
#845=LINE('',#6558,#1251);
#846=LINE('',#6574,#1252);
#847=LINE('',#6578,#1253);
#848=LINE('',#6580,#1254);
#849=LINE('',#6584,#1255);
#850=LINE('',#6588,#1256);
#851=LINE('',#6591,#1257);
#852=LINE('',#6607,#1258);
#853=LINE('',#6608,#1259);
#854=LINE('',#6611,#1260);
#855=LINE('',#6614,#1261);
#856=LINE('',#6617,#1262);
#857=LINE('',#6619,#1263);
#858=LINE('',#6621,#1264);
#859=LINE('',#6623,#1265);
#860=LINE('',#6625,#1266);
#861=LINE('',#6627,#1267);
#862=LINE('',#6629,#1268);
#863=LINE('',#6631,#1269);
#864=LINE('',#6633,#1270);
#865=LINE('',#6635,#1271);
#866=LINE('',#6637,#1272);
#867=LINE('',#6639,#1273);
#868=LINE('',#6641,#1274);
#869=LINE('',#6643,#1275);
#870=LINE('',#6645,#1276);
#871=LINE('',#6647,#1277);
#872=LINE('',#6649,#1278);
#873=LINE('',#6651,#1279);
#874=LINE('',#6653,#1280);
#875=LINE('',#6655,#1281);
#876=LINE('',#6657,#1282);
#877=LINE('',#6659,#1283);
#878=LINE('',#6661,#1284);
#879=LINE('',#6663,#1285);
#880=LINE('',#6665,#1286);
#881=LINE('',#6667,#1287);
#882=LINE('',#6669,#1288);
#883=LINE('',#6671,#1289);
#884=LINE('',#6673,#1290);
#885=LINE('',#6675,#1291);
#886=LINE('',#6677,#1292);
#887=LINE('',#6679,#1293);
#888=LINE('',#6681,#1294);
#889=LINE('',#6683,#1295);
#890=LINE('',#6685,#1296);
#891=LINE('',#6687,#1297);
#892=LINE('',#6689,#1298);
#893=LINE('',#6691,#1299);
#894=LINE('',#6693,#1300);
#895=LINE('',#6695,#1301);
#896=LINE('',#6697,#1302);
#897=LINE('',#6699,#1303);
#898=LINE('',#6701,#1304);
#899=LINE('',#6702,#1305);
#900=LINE('',#6710,#1306);
#901=LINE('',#6714,#1307);
#902=LINE('',#6717,#1308);
#903=LINE('',#6733,#1309);
#904=LINE('',#6736,#1310);
#905=LINE('',#6748,#1311);
#906=LINE('',#6751,#1312);
#907=LINE('',#6753,#1313);
#908=LINE('',#6755,#1314);
#909=LINE('',#6757,#1315);
#910=LINE('',#6759,#1316);
#911=LINE('',#6761,#1317);
#912=LINE('',#6763,#1318);
#913=LINE('',#6765,#1319);
#914=LINE('',#6767,#1320);
#915=LINE('',#6769,#1321);
#916=LINE('',#6771,#1322);
#917=LINE('',#6773,#1323);
#918=LINE('',#6775,#1324);
#919=LINE('',#6777,#1325);
#920=LINE('',#6779,#1326);
#921=LINE('',#6783,#1327);
#922=LINE('',#6785,#1328);
#923=LINE('',#6787,#1329);
#924=LINE('',#6791,#1330);
#925=LINE('',#6793,#1331);
#926=LINE('',#6795,#1332);
#927=LINE('',#6797,#1333);
#928=LINE('',#6801,#1334);
#929=LINE('',#6805,#1335);
#930=LINE('',#6807,#1336);
#931=LINE('',#6809,#1337);
#932=LINE('',#6811,#1338);
#933=LINE('',#6815,#1339);
#934=LINE('',#6817,#1340);
#935=LINE('',#6819,#1341);
#936=LINE('',#6823,#1342);
#937=LINE('',#6825,#1343);
#938=LINE('',#6826,#1344);
#939=LINE('',#6837,#1345);
#940=LINE('',#6854,#1346);
#941=LINE('',#6857,#1347);
#942=LINE('',#6879,#1348);
#943=LINE('',#6896,#1349);
#944=LINE('',#6899,#1350);
#945=LINE('',#6921,#1351);
#946=LINE('',#6938,#1352);
#947=LINE('',#6941,#1353);
#948=LINE('',#6956,#1354);
#949=LINE('',#6958,#1355);
#950=LINE('',#6960,#1356);
#951=LINE('',#6962,#1357);
#952=LINE('',#6964,#1358);
#953=LINE('',#6976,#1359);
#954=LINE('',#6978,#1360);
#955=LINE('',#6979,#1361);
#956=LINE('',#6982,#1362);
#957=LINE('',#6984,#1363);
#958=LINE('',#6985,#1364);
#959=LINE('',#6988,#1365);
#960=LINE('',#6990,#1366);
#961=LINE('',#6991,#1367);
#962=LINE('',#6994,#1368);
#963=LINE('',#6996,#1369);
#964=LINE('',#7000,#1370);
#965=LINE('',#7004,#1371);
#966=LINE('',#7008,#1372);
#967=LINE('',#7012,#1373);
#968=LINE('',#7013,#1374);
#969=LINE('',#7017,#1375);
#970=LINE('',#7021,#1376);
#971=LINE('',#7025,#1377);
#972=LINE('',#7029,#1378);
#973=LINE('',#7031,#1379);
#974=LINE('',#7032,#1380);
#975=LINE('',#7035,#1381);
#976=LINE('',#7037,#1382);
#977=LINE('',#7038,#1383);
#978=LINE('',#7041,#1384);
#979=LINE('',#7043,#1385);
#980=LINE('',#7044,#1386);
#981=LINE('',#7047,#1387);
#982=LINE('',#7049,#1388);
#983=LINE('',#7050,#1389);
#984=LINE('',#7053,#1390);
#985=LINE('',#7055,#1391);
#986=LINE('',#7056,#1392);
#987=LINE('',#7059,#1393);
#988=LINE('',#7061,#1394);
#989=LINE('',#7062,#1395);
#990=LINE('',#7065,#1396);
#991=LINE('',#7067,#1397);
#992=LINE('',#7068,#1398);
#993=LINE('',#7071,#1399);
#994=LINE('',#7073,#1400);
#995=LINE('',#7074,#1401);
#996=LINE('',#7077,#1402);
#997=LINE('',#7079,#1403);
#998=LINE('',#7080,#1404);
#999=LINE('',#7084,#1405);
#1000=LINE('',#7088,#1406);
#1001=LINE('',#7092,#1407);
#1002=LINE('',#7094,#1408);
#1003=LINE('',#7098,#1409);
#1004=LINE('',#7100,#1410);
#1005=LINE('',#7102,#1411);
#1006=LINE('',#7103,#1412);
#1007=LINE('',#7106,#1413);
#1008=LINE('',#7108,#1414);
#1009=LINE('',#7110,#1415);
#1010=LINE('',#7112,#1416);
#1011=LINE('',#7114,#1417);
#1012=LINE('',#7117,#1418);
#1013=LINE('',#7119,#1419);
#1014=LINE('',#7120,#1420);
#1015=LINE('',#7128,#1421);
#1016=LINE('',#7133,#1422);
#1017=LINE('',#7141,#1423);
#1018=LINE('',#7145,#1424);
#1019=LINE('',#7160,#1425);
#1020=LINE('',#7178,#1426);
#1021=LINE('',#7196,#1427);
#1022=LINE('',#7214,#1428);
#1023=LINE('',#7216,#1429);
#1024=LINE('',#7220,#1430);
#1025=LINE('',#7224,#1431);
#1026=LINE('',#7226,#1432);
#1027=LINE('',#7245,#1433);
#1028=LINE('',#7248,#1434);
#1029=LINE('',#7261,#1435);
#1030=LINE('',#7265,#1436);
#1031=LINE('',#7270,#1437);
#1032=LINE('',#7274,#1438);
#1033=LINE('',#7281,#1439);
#1034=LINE('',#7284,#1440);
#1035=LINE('',#7290,#1441);
#1036=LINE('',#7293,#1442);
#1037=LINE('',#7297,#1443);
#1038=LINE('',#7298,#1444);
#1039=LINE('',#7299,#1445);
#1040=LINE('',#7301,#1446);
#1041=LINE('',#7303,#1447);
#1042=LINE('',#7307,#1448);
#1043=LINE('',#7310,#1449);
#1044=LINE('',#7316,#1450);
#1045=LINE('',#7328,#1451);
#1046=LINE('',#7330,#1452);
#1047=LINE('',#7331,#1453);
#1048=LINE('',#7335,#1454);
#1049=LINE('',#7336,#1455);
#1050=LINE('',#7337,#1456);
#1051=LINE('',#7340,#1457);
#1052=LINE('',#7341,#1458);
#1053=LINE('',#7344,#1459);
#1054=LINE('',#7346,#1460);
#1055=LINE('',#7347,#1461);
#1056=LINE('',#7350,#1462);
#1057=LINE('',#7351,#1463);
#1058=LINE('',#7355,#1464);
#1059=LINE('',#7356,#1465);
#1060=LINE('',#7357,#1466);
#1061=LINE('',#7360,#1467);
#1062=LINE('',#7361,#1468);
#1063=LINE('',#7364,#1469);
#1064=LINE('',#7366,#1470);
#1065=LINE('',#7370,#1471);
#1066=LINE('',#7372,#1472);
#1067=LINE('',#7399,#1473);
#1068=LINE('',#7401,#1474);
#1069=LINE('',#7402,#1475);
#1070=LINE('',#7460,#1476);
#1071=LINE('',#7462,#1477);
#1072=LINE('',#7490,#1478);
#1073=LINE('',#7492,#1479);
#1074=LINE('',#7493,#1480);
#1075=LINE('',#7535,#1481);
#1076=LINE('',#7537,#1482);
#1077=LINE('',#7565,#1483);
#1078=LINE('',#7567,#1484);
#1079=LINE('',#7568,#1485);
#1080=LINE('',#7610,#1486);
#1081=LINE('',#7612,#1487);
#1082=LINE('',#7640,#1488);
#1083=LINE('',#7642,#1489);
#1084=LINE('',#7643,#1490);
#1085=LINE('',#7685,#1491);
#1086=LINE('',#7687,#1492);
#1087=LINE('',#7735,#1493);
#1088=LINE('',#7736,#1494);
#1089=LINE('',#7737,#1495);
#1090=LINE('',#7742,#1496);
#1091=LINE('',#7745,#1497);
#1092=LINE('',#7746,#1498);
#1093=LINE('',#7749,#1499);
#1094=LINE('',#7753,#1500);
#1095=LINE('',#7756,#1501);
#1096=LINE('',#7759,#1502);
#1097=LINE('',#7763,#1503);
#1098=LINE('',#7765,#1504);
#1099=LINE('',#7766,#1505);
#1100=LINE('',#7768,#1506);
#1101=LINE('',#7770,#1507);
#1102=LINE('',#7771,#1508);
#1103=LINE('',#7773,#1509);
#1104=LINE('',#7775,#1510);
#1105=LINE('',#7776,#1511);
#1106=LINE('',#7779,#1512);
#1107=LINE('',#7782,#1513);
#1108=LINE('',#7784,#1514);
#1109=LINE('',#7785,#1515);
#1110=LINE('',#7787,#1516);
#1111=LINE('',#7789,#1517);
#1112=LINE('',#7790,#1518);
#1113=LINE('',#7792,#1519);
#1114=LINE('',#7794,#1520);
#1115=LINE('',#7795,#1521);
#1116=LINE('',#7798,#1522);
#1117=LINE('',#7802,#1523);
#1118=LINE('',#7806,#1524);
#1119=LINE('',#7810,#1525);
#1120=LINE('',#7814,#1526);
#1121=LINE('',#7820,#1527);
#1122=LINE('',#7824,#1528);
#1123=LINE('',#7830,#1529);
#1124=LINE('',#7834,#1530);
#1125=LINE('',#7840,#1531);
#1126=LINE('',#7844,#1532);
#1127=LINE('',#7850,#1533);
#1128=LINE('',#7853,#1534);
#1129=LINE('',#7856,#1535);
#1130=LINE('',#7859,#1536);
#1131=LINE('',#7861,#1537);
#1132=LINE('',#7865,#1538);
#1133=LINE('',#7869,#1539);
#1134=LINE('',#7872,#1540);
#1135=LINE('',#7878,#1541);
#1136=LINE('',#7885,#1542);
#1137=LINE('',#7892,#1543);
#1138=LINE('',#7899,#1544);
#1139=LINE('',#7902,#1545);
#1140=LINE('',#7904,#1546);
#1141=LINE('',#7907,#1547);
#1142=LINE('',#7909,#1548);
#1143=LINE('',#7912,#1549);
#1144=LINE('',#7914,#1550);
#1145=LINE('',#7917,#1551);
#1146=LINE('',#7919,#1552);
#1147=LINE('',#7922,#1553);
#1148=LINE('',#7924,#1554);
#1149=LINE('',#7927,#1555);
#1150=LINE('',#7929,#1556);
#1151=LINE('',#7934,#1557);
#1152=LINE('',#7938,#1558);
#1153=LINE('',#7942,#1559);
#1154=LINE('',#7949,#1560);
#1155=LINE('',#7953,#1561);
#1156=LINE('',#7956,#1562);
#1157=LINE('',#7960,#1563);
#1158=LINE('',#7964,#1564);
#1159=LINE('',#7968,#1565);
#1160=LINE('',#7975,#1566);
#1161=LINE('',#7979,#1567);
#1162=LINE('',#7982,#1568);
#1163=LINE('',#7985,#1569);
#1164=LINE('',#7987,#1570);
#1165=LINE('',#7988,#1571);
#1166=LINE('',#7991,#1572);
#1167=LINE('',#7995,#1573);
#1168=LINE('',#7996,#1574);
#1169=LINE('',#7999,#1575);
#1170=LINE('',#8003,#1576);
#1171=LINE('',#8006,#1577);
#1172=LINE('',#8009,#1578);
#1173=LINE('',#8010,#1579);
#1174=LINE('',#8013,#1580);
#1175=LINE('',#8017,#1581);
#1176=LINE('',#8019,#1582);
#1177=LINE('',#8020,#1583);
#1178=LINE('',#8023,#1584);
#1179=LINE('',#8027,#1585);
#1180=LINE('',#8028,#1586);
#1181=LINE('',#8031,#1587);
#1182=LINE('',#8035,#1588);
#1183=LINE('',#8038,#1589);
#1184=LINE('',#8041,#1590);
#1185=LINE('',#8042,#1591);
#1186=LINE('',#8045,#1592);
#1187=LINE('',#8052,#1593);
#1188=LINE('',#8058,#1594);
#1189=LINE('',#8066,#1595);
#1190=LINE('',#8067,#1596);
#1191=LINE('',#8069,#1597);
#1192=LINE('',#8076,#1598);
#1193=LINE('',#8085,#1599);
#1194=LINE('',#8096,#1600);
#1195=LINE('',#8097,#1601);
#1196=LINE('',#8099,#1602);
#1197=LINE('',#8106,#1603);
#1198=LINE('',#8115,#1604);
#1199=LINE('',#8124,#1605);
#1200=LINE('',#8126,#1606);
#1201=LINE('',#8132,#1607);
#1202=LINE('',#8134,#1608);
#1203=LINE('',#8141,#1609);
#1204=LINE('',#8148,#1610);
#1205=LINE('',#8153,#1611);
#1206=LINE('',#8155,#1612);
#1207=LINE('',#8157,#1613);
#1208=LINE('',#8161,#1614);
#1209=LINE('',#8163,#1615);
#1210=LINE('',#8165,#1616);
#1211=VECTOR('',#5074,10.);
#1212=VECTOR('',#5077,10.);
#1213=VECTOR('',#5080,10.);
#1214=VECTOR('',#5081,10.);
#1215=VECTOR('',#5084,10.);
#1216=VECTOR('',#5085,10.);
#1217=VECTOR('',#5088,10.);
#1218=VECTOR('',#5091,10.);
#1219=VECTOR('',#5098,10.);
#1220=VECTOR('',#5101,10.);
#1221=VECTOR('',#5104,10.);
#1222=VECTOR('',#5105,10.);
#1223=VECTOR('',#5108,10.);
#1224=VECTOR('',#5109,10.);
#1225=VECTOR('',#5112,10.);
#1226=VECTOR('',#5115,10.);
#1227=VECTOR('',#5122,10.);
#1228=VECTOR('',#5125,10.);
#1229=VECTOR('',#5128,10.);
#1230=VECTOR('',#5129,10.);
#1231=VECTOR('',#5132,10.);
#1232=VECTOR('',#5133,10.);
#1233=VECTOR('',#5136,10.);
#1234=VECTOR('',#5139,10.);
#1235=VECTOR('',#5146,10.);
#1236=VECTOR('',#5149,10.);
#1237=VECTOR('',#5152,10.);
#1238=VECTOR('',#5153,10.);
#1239=VECTOR('',#5156,10.);
#1240=VECTOR('',#5157,10.);
#1241=VECTOR('',#5160,10.);
#1242=VECTOR('',#5163,10.);
#1243=VECTOR('',#5170,10.);
#1244=VECTOR('',#5173,10.);
#1245=VECTOR('',#5176,10.);
#1246=VECTOR('',#5177,10.);
#1247=VECTOR('',#5180,10.);
#1248=VECTOR('',#5181,10.);
#1249=VECTOR('',#5184,10.);
#1250=VECTOR('',#5187,10.);
#1251=VECTOR('',#5194,10.);
#1252=VECTOR('',#5203,10.);
#1253=VECTOR('',#5208,10.);
#1254=VECTOR('',#5209,10.);
#1255=VECTOR('',#5214,10.);
#1256=VECTOR('',#5219,10.);
#1257=VECTOR('',#5222,10.);
#1258=VECTOR('',#5231,10.);
#1259=VECTOR('',#5232,10.);
#1260=VECTOR('',#5235,10.);
#1261=VECTOR('',#5238,10.);
#1262=VECTOR('',#5241,10.);
#1263=VECTOR('',#5242,10.);
#1264=VECTOR('',#5243,10.);
#1265=VECTOR('',#5244,10.);
#1266=VECTOR('',#5245,10.);
#1267=VECTOR('',#5246,10.);
#1268=VECTOR('',#5247,10.);
#1269=VECTOR('',#5248,10.);
#1270=VECTOR('',#5249,10.);
#1271=VECTOR('',#5250,10.);
#1272=VECTOR('',#5251,10.);
#1273=VECTOR('',#5252,10.);
#1274=VECTOR('',#5253,10.);
#1275=VECTOR('',#5254,10.);
#1276=VECTOR('',#5255,10.);
#1277=VECTOR('',#5256,10.);
#1278=VECTOR('',#5257,10.);
#1279=VECTOR('',#5258,10.);
#1280=VECTOR('',#5259,10.);
#1281=VECTOR('',#5260,10.);
#1282=VECTOR('',#5261,10.);
#1283=VECTOR('',#5262,10.);
#1284=VECTOR('',#5263,10.);
#1285=VECTOR('',#5264,10.);
#1286=VECTOR('',#5265,10.);
#1287=VECTOR('',#5266,10.);
#1288=VECTOR('',#5267,10.);
#1289=VECTOR('',#5268,10.);
#1290=VECTOR('',#5269,10.);
#1291=VECTOR('',#5270,10.);
#1292=VECTOR('',#5271,10.);
#1293=VECTOR('',#5272,10.);
#1294=VECTOR('',#5273,10.);
#1295=VECTOR('',#5274,10.);
#1296=VECTOR('',#5275,10.);
#1297=VECTOR('',#5276,10.);
#1298=VECTOR('',#5277,10.);
#1299=VECTOR('',#5278,10.);
#1300=VECTOR('',#5279,10.);
#1301=VECTOR('',#5280,10.);
#1302=VECTOR('',#5281,10.);
#1303=VECTOR('',#5282,10.);
#1304=VECTOR('',#5283,10.);
#1305=VECTOR('',#5284,10.);
#1306=VECTOR('',#5295,10.);
#1307=VECTOR('',#5300,10.);
#1308=VECTOR('',#5303,10.);
#1309=VECTOR('',#5312,10.);
#1310=VECTOR('',#5317,10.);
#1311=VECTOR('',#5322,10.);
#1312=VECTOR('',#5325,10.);
#1313=VECTOR('',#5326,10.);
#1314=VECTOR('',#5327,10.);
#1315=VECTOR('',#5328,10.);
#1316=VECTOR('',#5329,10.);
#1317=VECTOR('',#5330,10.);
#1318=VECTOR('',#5331,10.);
#1319=VECTOR('',#5332,10.);
#1320=VECTOR('',#5333,10.);
#1321=VECTOR('',#5334,10.);
#1322=VECTOR('',#5335,10.);
#1323=VECTOR('',#5336,10.);
#1324=VECTOR('',#5337,10.);
#1325=VECTOR('',#5338,10.);
#1326=VECTOR('',#5339,10.);
#1327=VECTOR('',#5342,10.);
#1328=VECTOR('',#5343,10.);
#1329=VECTOR('',#5344,10.);
#1330=VECTOR('',#5347,10.);
#1331=VECTOR('',#5348,10.);
#1332=VECTOR('',#5349,10.);
#1333=VECTOR('',#5350,10.);
#1334=VECTOR('',#5353,10.);
#1335=VECTOR('',#5356,10.);
#1336=VECTOR('',#5357,10.);
#1337=VECTOR('',#5358,10.);
#1338=VECTOR('',#5359,10.);
#1339=VECTOR('',#5362,10.);
#1340=VECTOR('',#5363,10.);
#1341=VECTOR('',#5364,10.);
#1342=VECTOR('',#5367,10.);
#1343=VECTOR('',#5368,10.);
#1344=VECTOR('',#5369,10.);
#1345=VECTOR('',#5386,10.);
#1346=VECTOR('',#5397,10.);
#1347=VECTOR('',#5402,10.);
#1348=VECTOR('',#5425,10.);
#1349=VECTOR('',#5436,10.);
#1350=VECTOR('',#5441,10.);
#1351=VECTOR('',#5464,10.);
#1352=VECTOR('',#5475,10.);
#1353=VECTOR('',#5480,10.);
#1354=VECTOR('',#5491,10.);
#1355=VECTOR('',#5494,10.);
#1356=VECTOR('',#5497,10.);
#1357=VECTOR('',#5500,10.);
#1358=VECTOR('',#5503,10.);
#1359=VECTOR('',#5524,10.);
#1360=VECTOR('',#5525,10.);
#1361=VECTOR('',#5526,10.);
#1362=VECTOR('',#5529,10.);
#1363=VECTOR('',#5530,10.);
#1364=VECTOR('',#5531,10.);
#1365=VECTOR('',#5534,10.);
#1366=VECTOR('',#5535,10.);
#1367=VECTOR('',#5536,10.);
#1368=VECTOR('',#5539,10.);
#1369=VECTOR('',#5540,10.);
#1370=VECTOR('',#5543,10.);
#1371=VECTOR('',#5546,10.);
#1372=VECTOR('',#5549,10.);
#1373=VECTOR('',#5552,10.);
#1374=VECTOR('',#5553,10.);
#1375=VECTOR('',#5556,10.);
#1376=VECTOR('',#5559,10.);
#1377=VECTOR('',#5562,10.);
#1378=VECTOR('',#5567,10.);
#1379=VECTOR('',#5568,10.);
#1380=VECTOR('',#5569,10.);
#1381=VECTOR('',#5572,10.);
#1382=VECTOR('',#5573,10.);
#1383=VECTOR('',#5574,10.);
#1384=VECTOR('',#5577,10.);
#1385=VECTOR('',#5578,10.);
#1386=VECTOR('',#5579,10.);
#1387=VECTOR('',#5582,10.);
#1388=VECTOR('',#5583,10.);
#1389=VECTOR('',#5584,10.);
#1390=VECTOR('',#5587,10.);
#1391=VECTOR('',#5588,10.);
#1392=VECTOR('',#5589,10.);
#1393=VECTOR('',#5592,10.);
#1394=VECTOR('',#5593,10.);
#1395=VECTOR('',#5594,10.);
#1396=VECTOR('',#5597,10.);
#1397=VECTOR('',#5598,10.);
#1398=VECTOR('',#5599,10.);
#1399=VECTOR('',#5602,10.);
#1400=VECTOR('',#5603,10.);
#1401=VECTOR('',#5604,10.);
#1402=VECTOR('',#5607,10.);
#1403=VECTOR('',#5608,10.);
#1404=VECTOR('',#5609,10.);
#1405=VECTOR('',#5612,10.);
#1406=VECTOR('',#5615,10.);
#1407=VECTOR('',#5620,10.);
#1408=VECTOR('',#5621,10.);
#1409=VECTOR('',#5624,10.);
#1410=VECTOR('',#5625,10.);
#1411=VECTOR('',#5626,10.);
#1412=VECTOR('',#5627,10.);
#1413=VECTOR('',#5630,10.);
#1414=VECTOR('',#5631,10.);
#1415=VECTOR('',#5632,10.);
#1416=VECTOR('',#5633,10.);
#1417=VECTOR('',#5634,10.);
#1418=VECTOR('',#5637,10.);
#1419=VECTOR('',#5640,10.);
#1420=VECTOR('',#5641,10.);
#1421=VECTOR('',#5652,4.);
#1422=VECTOR('',#5657,2.5);
#1423=VECTOR('',#5668,2.);
#1424=VECTOR('',#5673,2.25);
#1425=VECTOR('',#5676,10.);
#1426=VECTOR('',#5677,10.);
#1427=VECTOR('',#5678,10.);
#1428=VECTOR('',#5679,10.);
#1429=VECTOR('',#5680,10.);
#1430=VECTOR('',#5683,10.);
#1431=VECTOR('',#5686,10.);
#1432=VECTOR('',#5687,10.);
#1433=VECTOR('',#5702,10.);
#1434=VECTOR('',#5705,10.);
#1435=VECTOR('',#5726,10.);
#1436=VECTOR('',#5731,10.);
#1437=VECTOR('',#5738,10.);
#1438=VECTOR('',#5743,10.);
#1439=VECTOR('',#5752,10.);
#1440=VECTOR('',#5755,10.);
#1441=VECTOR('',#5764,10.);
#1442=VECTOR('',#5767,10.);
#1443=VECTOR('',#5772,10.);
#1444=VECTOR('',#5773,10.);
#1445=VECTOR('',#5774,10.);
#1446=VECTOR('',#5775,10.);
#1447=VECTOR('',#5776,10.);
#1448=VECTOR('',#5779,10.);
#1449=VECTOR('',#5782,10.);
#1450=VECTOR('',#5787,10.);
#1451=VECTOR('',#5792,10.);
#1452=VECTOR('',#5793,10.);
#1453=VECTOR('',#5794,10.);
#1454=VECTOR('',#5797,10.);
#1455=VECTOR('',#5798,10.);
#1456=VECTOR('',#5799,10.);
#1457=VECTOR('',#5802,10.);
#1458=VECTOR('',#5803,10.);
#1459=VECTOR('',#5806,10.);
#1460=VECTOR('',#5807,10.);
#1461=VECTOR('',#5808,10.);
#1462=VECTOR('',#5811,10.);
#1463=VECTOR('',#5812,10.);
#1464=VECTOR('',#5815,10.);
#1465=VECTOR('',#5816,10.);
#1466=VECTOR('',#5817,10.);
#1467=VECTOR('',#5820,10.);
#1468=VECTOR('',#5821,10.);
#1469=VECTOR('',#5826,10.);
#1470=VECTOR('',#5829,10.);
#1471=VECTOR('',#5834,10.);
#1472=VECTOR('',#5837,10.);
#1473=VECTOR('',#5840,10.);
#1474=VECTOR('',#5841,10.);
#1475=VECTOR('',#5842,10.);
#1476=VECTOR('',#5849,10.);
#1477=VECTOR('',#5850,10.);
#1478=VECTOR('',#5853,10.);
#1479=VECTOR('',#5854,10.);
#1480=VECTOR('',#5855,10.);
#1481=VECTOR('',#5856,10.);
#1482=VECTOR('',#5857,10.);
#1483=VECTOR('',#5860,10.);
#1484=VECTOR('',#5861,10.);
#1485=VECTOR('',#5862,10.);
#1486=VECTOR('',#5863,10.);
#1487=VECTOR('',#5864,10.);
#1488=VECTOR('',#5867,10.);
#1489=VECTOR('',#5868,10.);
#1490=VECTOR('',#5869,10.);
#1491=VECTOR('',#5870,10.);
#1492=VECTOR('',#5871,10.);
#1493=VECTOR('',#5874,10.);
#1494=VECTOR('',#5875,10.);
#1495=VECTOR('',#5876,10.);
#1496=VECTOR('',#5883,10.);
#1497=VECTOR('',#5888,10.);
#1498=VECTOR('',#5889,10.);
#1499=VECTOR('',#5892,10.);
#1500=VECTOR('',#5895,10.);
#1501=VECTOR('',#5898,10.);
#1502=VECTOR('',#5901,10.);
#1503=VECTOR('',#5906,10.);
#1504=VECTOR('',#5907,10.);
#1505=VECTOR('',#5908,10.);
#1506=VECTOR('',#5909,10.);
#1507=VECTOR('',#5910,10.);
#1508=VECTOR('',#5911,10.);
#1509=VECTOR('',#5912,10.);
#1510=VECTOR('',#5913,10.);
#1511=VECTOR('',#5914,10.);
#1512=VECTOR('',#5917,10.);
#1513=VECTOR('',#5920,10.);
#1514=VECTOR('',#5921,10.);
#1515=VECTOR('',#5922,10.);
#1516=VECTOR('',#5923,10.);
#1517=VECTOR('',#5924,10.);
#1518=VECTOR('',#5925,10.);
#1519=VECTOR('',#5926,10.);
#1520=VECTOR('',#5927,10.);
#1521=VECTOR('',#5928,10.);
#1522=VECTOR('',#5931,10.);
#1523=VECTOR('',#5936,10.);
#1524=VECTOR('',#5939,10.);
#1525=VECTOR('',#5944,10.);
#1526=VECTOR('',#5949,3.5);
#1527=VECTOR('',#5956,3.25);
#1528=VECTOR('',#5961,3.5);
#1529=VECTOR('',#5968,3.25);
#1530=VECTOR('',#5973,3.5);
#1531=VECTOR('',#5980,3.25);
#1532=VECTOR('',#5985,3.5);
#1533=VECTOR('',#5992,3.25);
#1534=VECTOR('',#5997,10.);
#1535=VECTOR('',#6002,10.);
#1536=VECTOR('',#6007,10.);
#1537=VECTOR('',#6010,10.);
#1538=VECTOR('',#6015,10.);
#1539=VECTOR('',#6020,10.);
#1540=VECTOR('',#6023,10.);
#1541=VECTOR('',#6030,1.7);
#1542=VECTOR('',#6039,1.7);
#1543=VECTOR('',#6048,1.7);
#1544=VECTOR('',#6057,1.7);
#1545=VECTOR('',#6062,10.);
#1546=VECTOR('',#6065,10.);
#1547=VECTOR('',#6070,10.);
#1548=VECTOR('',#6073,10.);
#1549=VECTOR('',#6078,10.);
#1550=VECTOR('',#6081,10.);
#1551=VECTOR('',#6086,10.);
#1552=VECTOR('',#6089,10.);
#1553=VECTOR('',#6094,10.);
#1554=VECTOR('',#6097,10.);
#1555=VECTOR('',#6102,10.);
#1556=VECTOR('',#6105,10.);
#1557=VECTOR('',#6110,10.);
#1558=VECTOR('',#6113,10.);
#1559=VECTOR('',#6116,10.);
#1560=VECTOR('',#6123,10.);
#1561=VECTOR('',#6126,10.);
#1562=VECTOR('',#6129,10.);
#1563=VECTOR('',#6132,10.);
#1564=VECTOR('',#6135,10.);
#1565=VECTOR('',#6138,10.);
#1566=VECTOR('',#6145,10.);
#1567=VECTOR('',#6148,10.);
#1568=VECTOR('',#6151,10.);
#1569=VECTOR('',#6154,10.);
#1570=VECTOR('',#6155,10.);
#1571=VECTOR('',#6156,10.);
#1572=VECTOR('',#6159,10.);
#1573=VECTOR('',#6164,10.);
#1574=VECTOR('',#6165,10.);
#1575=VECTOR('',#6168,10.);
#1576=VECTOR('',#6173,10.);
#1577=VECTOR('',#6176,10.);
#1578=VECTOR('',#6179,10.);
#1579=VECTOR('',#6180,10.);
#1580=VECTOR('',#6183,10.);
#1581=VECTOR('',#6188,10.);
#1582=VECTOR('',#6189,10.);
#1583=VECTOR('',#6190,10.);
#1584=VECTOR('',#6193,10.);
#1585=VECTOR('',#6198,10.);
#1586=VECTOR('',#6199,10.);
#1587=VECTOR('',#6202,10.);
#1588=VECTOR('',#6207,10.);
#1589=VECTOR('',#6210,10.);
#1590=VECTOR('',#6213,10.);
#1591=VECTOR('',#6214,10.);
#1592=VECTOR('',#6217,10.);
#1593=VECTOR('',#6228,10.);
#1594=VECTOR('',#6237,10.);
#1595=VECTOR('',#6248,10.);
#1596=VECTOR('',#6249,10.);
#1597=VECTOR('',#6252,10.);
#1598=VECTOR('',#6263,10.);
#1599=VECTOR('',#6280,10.);
#1600=VECTOR('',#6297,10.);
#1601=VECTOR('',#6298,10.);
#1602=VECTOR('',#6301,10.);
#1603=VECTOR('',#6312,10.);
#1604=VECTOR('',#6329,10.);
#1605=VECTOR('',#6344,10.);
#1606=VECTOR('',#6347,10.);
#1607=VECTOR('',#6356,10.);
#1608=VECTOR('',#6359,10.);
#1609=VECTOR('',#6372,10.);
#1610=VECTOR('',#6385,10.);
#1611=VECTOR('',#6394,10.);
#1612=VECTOR('',#6397,10.);
#1613=VECTOR('',#6400,10.);
#1614=VECTOR('',#6407,10.);
#1615=VECTOR('',#6410,10.);
#1616=VECTOR('',#6413,10.);
#1617=CIRCLE('',#4598,0.5);
#1618=CIRCLE('',#4599,0.5);
#1619=CIRCLE('',#4601,0.5);
#1620=CIRCLE('',#4606,0.5);
#1621=CIRCLE('',#4607,0.5);
#1622=CIRCLE('',#4609,0.5);
#1623=CIRCLE('',#4614,0.5);
#1624=CIRCLE('',#4615,0.5);
#1625=CIRCLE('',#4617,0.5);
#1626=CIRCLE('',#4622,0.5);
#1627=CIRCLE('',#4623,0.5);
#1628=CIRCLE('',#4625,0.5);
#1629=CIRCLE('',#4630,0.5);
#1630=CIRCLE('',#4631,0.5);
#1631=CIRCLE('',#4633,0.5);
#1632=CIRCLE('',#4638,0.500000000000007);
#1633=CIRCLE('',#4640,0.500000000000007);
#1634=CIRCLE('',#4641,1.);
#1635=CIRCLE('',#4649,0.500000000000007);
#1636=CIRCLE('',#4650,0.500000000000007);
#1637=CIRCLE('',#4651,1.);
#1638=CIRCLE('',#4652,0.5);
#1639=CIRCLE('',#4655,1.);
#1640=CIRCLE('',#4658,0.499999999999998);
#1641=CIRCLE('',#4664,0.499999999999998);
#1642=CIRCLE('',#4665,0.499999999999998);
#1643=CIRCLE('',#4666,1.);
#1644=CIRCLE('',#4667,0.5);
#1645=CIRCLE('',#4671,0.499999999999998);
#1646=CIRCLE('',#4674,5.);
#1647=CIRCLE('',#4675,5.);
#1648=CIRCLE('',#4676,2.);
#1649=CIRCLE('',#4677,1.99999999999999);
#1650=CIRCLE('',#4678,5.);
#1651=CIRCLE('',#4679,5.);
#1652=CIRCLE('',#4680,5.);
#1653=CIRCLE('',#4682,0.499999999999998);
#1654=CIRCLE('',#4688,0.499999999999998);
#1655=CIRCLE('',#4689,0.499999999999998);
#1656=CIRCLE('',#4690,1.);
#1657=CIRCLE('',#4691,0.5);
#1658=CIRCLE('',#4695,0.499999999999998);
#1659=CIRCLE('',#4696,1.);
#1660=CIRCLE('',#4700,0.499999999999998);
#1661=CIRCLE('',#4706,0.499999999999998);
#1662=CIRCLE('',#4707,0.499999999999994);
#1663=CIRCLE('',#4708,1.);
#1664=CIRCLE('',#4709,0.5);
#1665=CIRCLE('',#4713,0.499999999999994);
#1666=CIRCLE('',#4714,1.);
#1667=CIRCLE('',#4718,0.500000000000012);
#1668=CIRCLE('',#4724,0.5);
#1669=CIRCLE('',#4725,0.5);
#1670=CIRCLE('',#4726,1.);
#1671=CIRCLE('',#4727,0.5);
#1672=CIRCLE('',#4731,0.5);
#1673=CIRCLE('',#4732,1.);
#1674=CIRCLE('',#4742,1.);
#1675=CIRCLE('',#4745,0.999999999999996);
#1676=CIRCLE('',#4753,3.);
#1677=CIRCLE('',#4754,3.);
#1678=CIRCLE('',#4755,3.);
#1679=CIRCLE('',#4756,3.);
#1680=CIRCLE('',#4757,1.);
#1681=CIRCLE('',#4758,1.);
#1682=CIRCLE('',#4759,1.);
#1683=CIRCLE('',#4760,1.);
#1684=CIRCLE('',#4771,1.5);
#1685=CIRCLE('',#4772,1.5);
#1686=CIRCLE('',#4774,1.5);
#1687=CIRCLE('',#4776,1.5);
#1688=CIRCLE('',#4779,4.);
#1689=CIRCLE('',#4780,1.);
#1690=CIRCLE('',#4782,4.);
#1691=CIRCLE('',#4784,2.94117647058823);
#1692=CIRCLE('',#4785,2.);
#1693=CIRCLE('',#4786,2.);
#1694=CIRCLE('',#4789,2.);
#1695=CIRCLE('',#4791,2.5);
#1696=CIRCLE('',#4793,1.5);
#1697=CIRCLE('',#4794,1.5);
#1698=CIRCLE('',#4795,3.75);
#1699=CIRCLE('',#4796,3.75);
#1700=CIRCLE('',#4797,3.75);
#1701=CIRCLE('',#4798,3.75);
#1702=CIRCLE('',#4801,1.);
#1703=CIRCLE('',#4802,1.);
#1704=CIRCLE('',#4804,1.);
#1705=CIRCLE('',#4805,0.999999999999996);
#1706=CIRCLE('',#4806,0.999999999999999);
#1707=CIRCLE('',#4808,1.);
#1708=CIRCLE('',#4809,1.);
#1709=CIRCLE('',#4810,0.999999999999999);
#1710=CIRCLE('',#4812,0.999999999999999);
#1711=CIRCLE('',#4814,1.);
#1712=CIRCLE('',#4817,1.);
#1713=CIRCLE('',#4819,0.999999999999996);
#1714=CIRCLE('',#4821,1.);
#1715=CIRCLE('',#4823,1.);
#1716=CIRCLE('',#4824,1.);
#1717=CIRCLE('',#4826,1.);
#1718=CIRCLE('',#4828,1.);
#1719=CIRCLE('',#4830,1.);
#1720=CIRCLE('',#4832,2.);
#1721=CIRCLE('',#4833,2.);
#1722=CIRCLE('',#4835,2.5);
#1723=CIRCLE('',#4836,2.);
#1724=CIRCLE('',#4845,1.);
#1725=CIRCLE('',#4848,1.);
#1726=CIRCLE('',#4852,2.);
#1727=CIRCLE('',#4853,2.5);
#1728=CIRCLE('',#4859,1.);
#1729=CIRCLE('',#4861,1.);
#1730=CIRCLE('',#4879,3.25);
#1731=CIRCLE('',#4880,3.25);
#1732=CIRCLE('',#4882,3.25);
#1733=CIRCLE('',#4884,3.25);
#1734=CIRCLE('',#4885,3.25);
#1735=CIRCLE('',#4887,3.25);
#1736=CIRCLE('',#4889,3.25);
#1737=CIRCLE('',#4890,3.25);
#1738=CIRCLE('',#4892,3.25);
#1739=CIRCLE('',#4894,3.25);
#1740=CIRCLE('',#4895,3.25);
#1741=CIRCLE('',#4897,3.25);
#1742=CIRCLE('',#4910,1.7);
#1743=CIRCLE('',#4912,1.7);
#1744=CIRCLE('',#4914,1.7);
#1745=CIRCLE('',#4916,1.7);
#1746=CIRCLE('',#4918,1.7);
#1747=CIRCLE('',#4920,1.7);
#1748=CIRCLE('',#4922,1.7);
#1749=CIRCLE('',#4924,1.7);
#1750=CIRCLE('',#4944,4.);
#1751=CIRCLE('',#4945,1.);
#1752=CIRCLE('',#4946,1.);
#1753=CIRCLE('',#4948,4.);
#1754=CIRCLE('',#4949,1.);
#1755=CIRCLE('',#4950,1.);
#1756=CIRCLE('',#4952,4.);
#1757=CIRCLE('',#4953,1.);
#1758=CIRCLE('',#4954,1.);
#1759=CIRCLE('',#4956,4.);
#1760=CIRCLE('',#4957,1.);
#1761=CIRCLE('',#4958,1.);
#1762=CIRCLE('',#4961,4.);
#1763=CIRCLE('',#4964,0.999999999999996);
#1764=CIRCLE('',#4966,0.999999999999996);
#1765=CIRCLE('',#4969,4.);
#1766=CIRCLE('',#4972,4.);
#1767=CIRCLE('',#4975,0.999999999999996);
#1768=CIRCLE('',#4977,1.);
#1769=CIRCLE('',#4980,4.);
#1770=CIRCLE('',#4982,1.);
#1771=CIRCLE('',#4983,1.);
#1772=CIRCLE('',#4986,0.999999999999996);
#1773=CIRCLE('',#4987,1.);
#1774=CIRCLE('',#4990,1.);
#1775=CIRCLE('',#4991,1.);
#1776=CIRCLE('',#4992,1.);
#1777=CIRCLE('',#4996,0.999999999999996);
#1778=CIRCLE('',#4997,0.999999999999999);
#1779=CIRCLE('',#4998,1.);
#1780=CIRCLE('',#5001,1.);
#1781=CIRCLE('',#5002,1.);
#1782=CIRCLE('',#5004,1.);
#1783=CIRCLE('',#5006,1.);
#1784=CIRCLE('',#5009,1.);
#1785=CIRCLE('',#5010,1.);
#1786=CIRCLE('',#5012,0.999999999999996);
#1787=CIRCLE('',#5013,1.);
#1788=CIRCLE('',#5014,1.);
#1789=CIRCLE('',#5018,0.999999999999996);
#1790=CIRCLE('',#5019,0.999999999999996);
#1791=CIRCLE('',#5020,1.);
#1792=CIRCLE('',#5023,0.999999999999997);
#1793=CIRCLE('',#5024,1.);
#1794=CIRCLE('',#5026,0.999999999999996);
#1795=CIRCLE('',#5028,0.999999999999996);
#1796=CIRCLE('',#5031,0.999999999999996);
#1797=CIRCLE('',#5032,1.);
#1798=CIRCLE('',#5034,0.999999999999999);
#1799=CIRCLE('',#5035,1.);
#1800=CIRCLE('',#5039,0.999999999999996);
#1801=CIRCLE('',#5040,0.999999999999996);
#1802=CIRCLE('',#5044,0.999999999999996);
#1803=CIRCLE('',#5046,0.999999999999996);
#1804=CIRCLE('',#5050,0.999999999999999);
#1805=CIRCLE('',#5052,0.999999999999999);
#1806=VERTEX_POINT('',#6420);
#1807=VERTEX_POINT('',#6421);
#1808=VERTEX_POINT('',#6423);
#1809=VERTEX_POINT('',#6425);
#1810=VERTEX_POINT('',#6429);
#1811=VERTEX_POINT('',#6431);
#1812=VERTEX_POINT('',#6433);
#1813=VERTEX_POINT('',#6435);
#1814=VERTEX_POINT('',#6439);
#1815=VERTEX_POINT('',#6441);
#1816=VERTEX_POINT('',#6443);
#1817=VERTEX_POINT('',#6447);
#1818=VERTEX_POINT('',#6448);
#1819=VERTEX_POINT('',#6450);
#1820=VERTEX_POINT('',#6452);
#1821=VERTEX_POINT('',#6456);
#1822=VERTEX_POINT('',#6458);
#1823=VERTEX_POINT('',#6460);
#1824=VERTEX_POINT('',#6462);
#1825=VERTEX_POINT('',#6466);
#1826=VERTEX_POINT('',#6468);
#1827=VERTEX_POINT('',#6470);
#1828=VERTEX_POINT('',#6474);
#1829=VERTEX_POINT('',#6475);
#1830=VERTEX_POINT('',#6477);
#1831=VERTEX_POINT('',#6479);
#1832=VERTEX_POINT('',#6483);
#1833=VERTEX_POINT('',#6485);
#1834=VERTEX_POINT('',#6487);
#1835=VERTEX_POINT('',#6489);
#1836=VERTEX_POINT('',#6493);
#1837=VERTEX_POINT('',#6495);
#1838=VERTEX_POINT('',#6497);
#1839=VERTEX_POINT('',#6501);
#1840=VERTEX_POINT('',#6502);
#1841=VERTEX_POINT('',#6504);
#1842=VERTEX_POINT('',#6506);
#1843=VERTEX_POINT('',#6510);
#1844=VERTEX_POINT('',#6512);
#1845=VERTEX_POINT('',#6514);
#1846=VERTEX_POINT('',#6516);
#1847=VERTEX_POINT('',#6520);
#1848=VERTEX_POINT('',#6522);
#1849=VERTEX_POINT('',#6524);
#1850=VERTEX_POINT('',#6528);
#1851=VERTEX_POINT('',#6529);
#1852=VERTEX_POINT('',#6531);
#1853=VERTEX_POINT('',#6533);
#1854=VERTEX_POINT('',#6537);
#1855=VERTEX_POINT('',#6539);
#1856=VERTEX_POINT('',#6541);
#1857=VERTEX_POINT('',#6543);
#1858=VERTEX_POINT('',#6547);
#1859=VERTEX_POINT('',#6549);
#1860=VERTEX_POINT('',#6551);
#1861=VERTEX_POINT('',#6555);
#1862=VERTEX_POINT('',#6557);
#1863=VERTEX_POINT('',#6569);
#1864=VERTEX_POINT('',#6573);
#1865=VERTEX_POINT('',#6577);
#1866=VERTEX_POINT('',#6579);
#1867=VERTEX_POINT('',#6583);
#1868=VERTEX_POINT('',#6587);
#1869=VERTEX_POINT('',#6589);
#1870=VERTEX_POINT('',#6601);
#1871=VERTEX_POINT('',#6602);
#1872=VERTEX_POINT('',#6610);
#1873=VERTEX_POINT('',#6612);
#1874=VERTEX_POINT('',#6616);
#1875=VERTEX_POINT('',#6618);
#1876=VERTEX_POINT('',#6620);
#1877=VERTEX_POINT('',#6622);
#1878=VERTEX_POINT('',#6624);
#1879=VERTEX_POINT('',#6626);
#1880=VERTEX_POINT('',#6628);
#1881=VERTEX_POINT('',#6630);
#1882=VERTEX_POINT('',#6632);
#1883=VERTEX_POINT('',#6634);
#1884=VERTEX_POINT('',#6636);
#1885=VERTEX_POINT('',#6638);
#1886=VERTEX_POINT('',#6640);
#1887=VERTEX_POINT('',#6642);
#1888=VERTEX_POINT('',#6644);
#1889=VERTEX_POINT('',#6646);
#1890=VERTEX_POINT('',#6648);
#1891=VERTEX_POINT('',#6650);
#1892=VERTEX_POINT('',#6652);
#1893=VERTEX_POINT('',#6654);
#1894=VERTEX_POINT('',#6656);
#1895=VERTEX_POINT('',#6658);
#1896=VERTEX_POINT('',#6660);
#1897=VERTEX_POINT('',#6662);
#1898=VERTEX_POINT('',#6664);
#1899=VERTEX_POINT('',#6666);
#1900=VERTEX_POINT('',#6668);
#1901=VERTEX_POINT('',#6670);
#1902=VERTEX_POINT('',#6672);
#1903=VERTEX_POINT('',#6674);
#1904=VERTEX_POINT('',#6676);
#1905=VERTEX_POINT('',#6678);
#1906=VERTEX_POINT('',#6680);
#1907=VERTEX_POINT('',#6682);
#1908=VERTEX_POINT('',#6684);
#1909=VERTEX_POINT('',#6686);
#1910=VERTEX_POINT('',#6688);
#1911=VERTEX_POINT('',#6690);
#1912=VERTEX_POINT('',#6692);
#1913=VERTEX_POINT('',#6694);
#1914=VERTEX_POINT('',#6696);
#1915=VERTEX_POINT('',#6698);
#1916=VERTEX_POINT('',#6700);
#1917=VERTEX_POINT('',#6707);
#1918=VERTEX_POINT('',#6709);
#1919=VERTEX_POINT('',#6713);
#1920=VERTEX_POINT('',#6715);
#1921=VERTEX_POINT('',#6727);
#1922=VERTEX_POINT('',#6732);
#1923=VERTEX_POINT('',#6750);
#1924=VERTEX_POINT('',#6752);
#1925=VERTEX_POINT('',#6754);
#1926=VERTEX_POINT('',#6756);
#1927=VERTEX_POINT('',#6758);
#1928=VERTEX_POINT('',#6760);
#1929=VERTEX_POINT('',#6762);
#1930=VERTEX_POINT('',#6764);
#1931=VERTEX_POINT('',#6766);
#1932=VERTEX_POINT('',#6768);
#1933=VERTEX_POINT('',#6770);
#1934=VERTEX_POINT('',#6772);
#1935=VERTEX_POINT('',#6774);
#1936=VERTEX_POINT('',#6776);
#1937=VERTEX_POINT('',#6778);
#1938=VERTEX_POINT('',#6780);
#1939=VERTEX_POINT('',#6782);
#1940=VERTEX_POINT('',#6784);
#1941=VERTEX_POINT('',#6786);
#1942=VERTEX_POINT('',#6788);
#1943=VERTEX_POINT('',#6790);
#1944=VERTEX_POINT('',#6792);
#1945=VERTEX_POINT('',#6794);
#1946=VERTEX_POINT('',#6796);
#1947=VERTEX_POINT('',#6798);
#1948=VERTEX_POINT('',#6800);
#1949=VERTEX_POINT('',#6802);
#1950=VERTEX_POINT('',#6804);
#1951=VERTEX_POINT('',#6806);
#1952=VERTEX_POINT('',#6808);
#1953=VERTEX_POINT('',#6810);
#1954=VERTEX_POINT('',#6812);
#1955=VERTEX_POINT('',#6814);
#1956=VERTEX_POINT('',#6816);
#1957=VERTEX_POINT('',#6818);
#1958=VERTEX_POINT('',#6820);
#1959=VERTEX_POINT('',#6822);
#1960=VERTEX_POINT('',#6824);
#1961=VERTEX_POINT('',#6827);
#1962=VERTEX_POINT('',#6836);
#1963=VERTEX_POINT('',#6848);
#1964=VERTEX_POINT('',#6853);
#1965=VERTEX_POINT('',#6878);
#1966=VERTEX_POINT('',#6890);
#1967=VERTEX_POINT('',#6895);
#1968=VERTEX_POINT('',#6920);
#1969=VERTEX_POINT('',#6932);
#1970=VERTEX_POINT('',#6937);
#1971=VERTEX_POINT('',#6975);
#1972=VERTEX_POINT('',#6977);
#1973=VERTEX_POINT('',#6981);
#1974=VERTEX_POINT('',#6983);
#1975=VERTEX_POINT('',#6987);
#1976=VERTEX_POINT('',#6989);
#1977=VERTEX_POINT('',#6993);
#1978=VERTEX_POINT('',#6995);
#1979=VERTEX_POINT('',#6997);
#1980=VERTEX_POINT('',#6999);
#1981=VERTEX_POINT('',#7001);
#1982=VERTEX_POINT('',#7003);
#1983=VERTEX_POINT('',#7005);
#1984=VERTEX_POINT('',#7007);
#1985=VERTEX_POINT('',#7009);
#1986=VERTEX_POINT('',#7011);
#1987=VERTEX_POINT('',#7014);
#1988=VERTEX_POINT('',#7016);
#1989=VERTEX_POINT('',#7018);
#1990=VERTEX_POINT('',#7020);
#1991=VERTEX_POINT('',#7022);
#1992=VERTEX_POINT('',#7024);
#1993=VERTEX_POINT('',#7028);
#1994=VERTEX_POINT('',#7030);
#1995=VERTEX_POINT('',#7034);
#1996=VERTEX_POINT('',#7036);
#1997=VERTEX_POINT('',#7040);
#1998=VERTEX_POINT('',#7042);
#1999=VERTEX_POINT('',#7046);
#2000=VERTEX_POINT('',#7048);
#2001=VERTEX_POINT('',#7052);
#2002=VERTEX_POINT('',#7054);
#2003=VERTEX_POINT('',#7058);
#2004=VERTEX_POINT('',#7060);
#2005=VERTEX_POINT('',#7064);
#2006=VERTEX_POINT('',#7066);
#2007=VERTEX_POINT('',#7070);
#2008=VERTEX_POINT('',#7072);
#2009=VERTEX_POINT('',#7076);
#2010=VERTEX_POINT('',#7078);
#2011=VERTEX_POINT('',#7082);
#2012=VERTEX_POINT('',#7083);
#2013=VERTEX_POINT('',#7085);
#2014=VERTEX_POINT('',#7087);
#2015=VERTEX_POINT('',#7091);
#2016=VERTEX_POINT('',#7093);
#2017=VERTEX_POINT('',#7095);
#2018=VERTEX_POINT('',#7097);
#2019=VERTEX_POINT('',#7099);
#2020=VERTEX_POINT('',#7101);
#2021=VERTEX_POINT('',#7105);
#2022=VERTEX_POINT('',#7107);
#2023=VERTEX_POINT('',#7109);
#2024=VERTEX_POINT('',#7111);
#2025=VERTEX_POINT('',#7113);
#2026=VERTEX_POINT('',#7115);
#2027=VERTEX_POINT('',#7122);
#2028=VERTEX_POINT('',#7126);
#2029=VERTEX_POINT('',#7130);
#2030=VERTEX_POINT('',#7132);
#2031=VERTEX_POINT('',#7134);
#2032=VERTEX_POINT('',#7139);
#2033=VERTEX_POINT('',#7143);
#2034=VERTEX_POINT('',#7147);
#2035=VERTEX_POINT('',#7148);
#2036=VERTEX_POINT('',#7154);
#2037=VERTEX_POINT('',#7159);
#2038=VERTEX_POINT('',#7161);
#2039=VERTEX_POINT('',#7166);
#2040=VERTEX_POINT('',#7172);
#2041=VERTEX_POINT('',#7177);
#2042=VERTEX_POINT('',#7179);
#2043=VERTEX_POINT('',#7184);
#2044=VERTEX_POINT('',#7190);
#2045=VERTEX_POINT('',#7195);
#2046=VERTEX_POINT('',#7197);
#2047=VERTEX_POINT('',#7202);
#2048=VERTEX_POINT('',#7208);
#2049=VERTEX_POINT('',#7213);
#2050=VERTEX_POINT('',#7215);
#2051=VERTEX_POINT('',#7217);
#2052=VERTEX_POINT('',#7219);
#2053=VERTEX_POINT('',#7221);
#2054=VERTEX_POINT('',#7223);
#2055=VERTEX_POINT('',#7225);
#2056=VERTEX_POINT('',#7231);
#2057=VERTEX_POINT('',#7233);
#2058=VERTEX_POINT('',#7235);
#2059=VERTEX_POINT('',#7237);
#2060=VERTEX_POINT('',#7241);
#2061=VERTEX_POINT('',#7242);
#2062=VERTEX_POINT('',#7244);
#2063=VERTEX_POINT('',#7246);
#2064=VERTEX_POINT('',#7251);
#2065=VERTEX_POINT('',#7255);
#2066=VERTEX_POINT('',#7263);
#2067=VERTEX_POINT('',#7268);
#2068=VERTEX_POINT('',#7272);
#2069=VERTEX_POINT('',#7278);
#2070=VERTEX_POINT('',#7280);
#2071=VERTEX_POINT('',#7282);
#2072=VERTEX_POINT('',#7288);
#2073=VERTEX_POINT('',#7292);
#2074=VERTEX_POINT('',#7296);
#2075=VERTEX_POINT('',#7300);
#2076=VERTEX_POINT('',#7302);
#2077=VERTEX_POINT('',#7304);
#2078=VERTEX_POINT('',#7306);
#2079=VERTEX_POINT('',#7308);
#2080=VERTEX_POINT('',#7312);
#2081=VERTEX_POINT('',#7313);
#2082=VERTEX_POINT('',#7315);
#2083=VERTEX_POINT('',#7317);
#2084=VERTEX_POINT('',#7327);
#2085=VERTEX_POINT('',#7329);
#2086=VERTEX_POINT('',#7333);
#2087=VERTEX_POINT('',#7334);
#2088=VERTEX_POINT('',#7339);
#2089=VERTEX_POINT('',#7343);
#2090=VERTEX_POINT('',#7345);
#2091=VERTEX_POINT('',#7349);
#2092=VERTEX_POINT('',#7353);
#2093=VERTEX_POINT('',#7354);
#2094=VERTEX_POINT('',#7359);
#2095=VERTEX_POINT('',#7368);
#2096=VERTEX_POINT('',#7398);
#2097=VERTEX_POINT('',#7400);
#2098=VERTEX_POINT('',#7404);
#2099=VERTEX_POINT('',#7406);
#2100=VERTEX_POINT('',#7459);
#2101=VERTEX_POINT('',#7461);
#2102=VERTEX_POINT('',#7489);
#2103=VERTEX_POINT('',#7491);
#2104=VERTEX_POINT('',#7534);
#2105=VERTEX_POINT('',#7536);
#2106=VERTEX_POINT('',#7564);
#2107=VERTEX_POINT('',#7566);
#2108=VERTEX_POINT('',#7609);
#2109=VERTEX_POINT('',#7611);
#2110=VERTEX_POINT('',#7639);
#2111=VERTEX_POINT('',#7641);
#2112=VERTEX_POINT('',#7684);
#2113=VERTEX_POINT('',#7686);
#2114=VERTEX_POINT('',#7734);
#2115=VERTEX_POINT('',#7741);
#2116=VERTEX_POINT('',#7748);
#2117=VERTEX_POINT('',#7750);
#2118=VERTEX_POINT('',#7752);
#2119=VERTEX_POINT('',#7754);
#2120=VERTEX_POINT('',#7758);
#2121=VERTEX_POINT('',#7762);
#2122=VERTEX_POINT('',#7764);
#2123=VERTEX_POINT('',#7767);
#2124=VERTEX_POINT('',#7769);
#2125=VERTEX_POINT('',#7772);
#2126=VERTEX_POINT('',#7774);
#2127=VERTEX_POINT('',#7778);
#2128=VERTEX_POINT('',#7781);
#2129=VERTEX_POINT('',#7783);
#2130=VERTEX_POINT('',#7786);
#2131=VERTEX_POINT('',#7788);
#2132=VERTEX_POINT('',#7791);
#2133=VERTEX_POINT('',#7793);
#2134=VERTEX_POINT('',#7797);
#2135=VERTEX_POINT('',#7801);
#2136=VERTEX_POINT('',#7803);
#2137=VERTEX_POINT('',#7805);
#2138=VERTEX_POINT('',#7809);
#2139=VERTEX_POINT('',#7813);
#2140=VERTEX_POINT('',#7815);
#2141=VERTEX_POINT('',#7819);
#2142=VERTEX_POINT('',#7823);
#2143=VERTEX_POINT('',#7825);
#2144=VERTEX_POINT('',#7829);
#2145=VERTEX_POINT('',#7833);
#2146=VERTEX_POINT('',#7835);
#2147=VERTEX_POINT('',#7839);
#2148=VERTEX_POINT('',#7843);
#2149=VERTEX_POINT('',#7845);
#2150=VERTEX_POINT('',#7849);
#2151=VERTEX_POINT('',#7864);
#2152=VERTEX_POINT('',#7868);
#2153=VERTEX_POINT('',#7870);
#2154=VERTEX_POINT('',#7874);
#2155=VERTEX_POINT('',#7877);
#2156=VERTEX_POINT('',#7881);
#2157=VERTEX_POINT('',#7884);
#2158=VERTEX_POINT('',#7888);
#2159=VERTEX_POINT('',#7891);
#2160=VERTEX_POINT('',#7895);
#2161=VERTEX_POINT('',#7898);
#2162=VERTEX_POINT('',#7932);
#2163=VERTEX_POINT('',#7933);
#2164=VERTEX_POINT('',#7935);
#2165=VERTEX_POINT('',#7937);
#2166=VERTEX_POINT('',#7939);
#2167=VERTEX_POINT('',#7941);
#2168=VERTEX_POINT('',#7945);
#2169=VERTEX_POINT('',#7946);
#2170=VERTEX_POINT('',#7948);
#2171=VERTEX_POINT('',#7950);
#2172=VERTEX_POINT('',#7952);
#2173=VERTEX_POINT('',#7954);
#2174=VERTEX_POINT('',#7958);
#2175=VERTEX_POINT('',#7959);
#2176=VERTEX_POINT('',#7961);
#2177=VERTEX_POINT('',#7963);
#2178=VERTEX_POINT('',#7965);
#2179=VERTEX_POINT('',#7967);
#2180=VERTEX_POINT('',#7971);
#2181=VERTEX_POINT('',#7972);
#2182=VERTEX_POINT('',#7974);
#2183=VERTEX_POINT('',#7976);
#2184=VERTEX_POINT('',#7978);
#2185=VERTEX_POINT('',#7980);
#2186=VERTEX_POINT('',#7984);
#2187=VERTEX_POINT('',#7986);
#2188=VERTEX_POINT('',#7990);
#2189=VERTEX_POINT('',#7994);
#2190=VERTEX_POINT('',#7998);
#2191=VERTEX_POINT('',#8002);
#2192=VERTEX_POINT('',#8004);
#2193=VERTEX_POINT('',#8008);
#2194=VERTEX_POINT('',#8012);
#2195=VERTEX_POINT('',#8016);
#2196=VERTEX_POINT('',#8018);
#2197=VERTEX_POINT('',#8022);
#2198=VERTEX_POINT('',#8026);
#2199=VERTEX_POINT('',#8030);
#2200=VERTEX_POINT('',#8034);
#2201=VERTEX_POINT('',#8036);
#2202=VERTEX_POINT('',#8040);
#2203=VERTEX_POINT('',#8044);
#2204=VERTEX_POINT('',#8048);
#2205=VERTEX_POINT('',#8054);
#2206=VERTEX_POINT('',#8060);
#2207=VERTEX_POINT('',#8062);
#2208=VERTEX_POINT('',#8071);
#2209=VERTEX_POINT('',#8090);
#2210=VERTEX_POINT('',#8092);
#2211=VERTEX_POINT('',#8101);
#2212=VERTEX_POINT('',#8120);
#2213=VERTEX_POINT('',#8128);
#2214=EDGE_CURVE('',#1806,#1807,#1617,.T.);
#2215=EDGE_CURVE('',#1807,#1808,#805,.T.);
#2216=EDGE_CURVE('',#1808,#1809,#1618,.T.);
#2217=EDGE_CURVE('',#1809,#1806,#806,.T.);
#2218=EDGE_CURVE('',#1810,#1808,#807,.T.);
#2219=EDGE_CURVE('',#1811,#1810,#808,.T.);
#2220=EDGE_CURVE('',#1812,#1811,#1619,.T.);
#2221=EDGE_CURVE('',#1813,#1812,#809,.T.);
#2222=EDGE_CURVE('',#1809,#1813,#810,.T.);
#2223=EDGE_CURVE('',#1807,#1814,#811,.T.);
#2224=EDGE_CURVE('',#1815,#1814,#115,.T.);
#2225=EDGE_CURVE('',#1815,#1816,#812,.T.);
#2226=EDGE_CURVE('',#1810,#1816,#116,.T.);
#2227=EDGE_CURVE('',#1817,#1818,#1620,.T.);
#2228=EDGE_CURVE('',#1818,#1819,#813,.T.);
#2229=EDGE_CURVE('',#1819,#1820,#1621,.T.);
#2230=EDGE_CURVE('',#1820,#1817,#814,.T.);
#2231=EDGE_CURVE('',#1821,#1819,#815,.T.);
#2232=EDGE_CURVE('',#1822,#1821,#816,.T.);
#2233=EDGE_CURVE('',#1823,#1822,#1622,.T.);
#2234=EDGE_CURVE('',#1824,#1823,#817,.T.);
#2235=EDGE_CURVE('',#1820,#1824,#818,.T.);
#2236=EDGE_CURVE('',#1818,#1825,#819,.T.);
#2237=EDGE_CURVE('',#1826,#1825,#117,.T.);
#2238=EDGE_CURVE('',#1826,#1827,#820,.T.);
#2239=EDGE_CURVE('',#1821,#1827,#118,.T.);
#2240=EDGE_CURVE('',#1828,#1829,#1623,.T.);
#2241=EDGE_CURVE('',#1829,#1830,#821,.T.);
#2242=EDGE_CURVE('',#1830,#1831,#1624,.T.);
#2243=EDGE_CURVE('',#1831,#1828,#822,.T.);
#2244=EDGE_CURVE('',#1832,#1830,#823,.T.);
#2245=EDGE_CURVE('',#1833,#1832,#824,.T.);
#2246=EDGE_CURVE('',#1834,#1833,#1625,.T.);
#2247=EDGE_CURVE('',#1835,#1834,#825,.T.);
#2248=EDGE_CURVE('',#1831,#1835,#826,.T.);
#2249=EDGE_CURVE('',#1829,#1836,#827,.T.);
#2250=EDGE_CURVE('',#1837,#1836,#119,.T.);
#2251=EDGE_CURVE('',#1837,#1838,#828,.T.);
#2252=EDGE_CURVE('',#1832,#1838,#120,.T.);
#2253=EDGE_CURVE('',#1839,#1840,#1626,.T.);
#2254=EDGE_CURVE('',#1840,#1841,#829,.T.);
#2255=EDGE_CURVE('',#1841,#1842,#1627,.T.);
#2256=EDGE_CURVE('',#1842,#1839,#830,.T.);
#2257=EDGE_CURVE('',#1843,#1841,#831,.T.);
#2258=EDGE_CURVE('',#1844,#1843,#832,.T.);
#2259=EDGE_CURVE('',#1845,#1844,#1628,.T.);
#2260=EDGE_CURVE('',#1846,#1845,#833,.T.);
#2261=EDGE_CURVE('',#1842,#1846,#834,.T.);
#2262=EDGE_CURVE('',#1840,#1847,#835,.T.);
#2263=EDGE_CURVE('',#1848,#1847,#121,.T.);
#2264=EDGE_CURVE('',#1848,#1849,#836,.T.);
#2265=EDGE_CURVE('',#1843,#1849,#122,.T.);
#2266=EDGE_CURVE('',#1850,#1851,#1629,.T.);
#2267=EDGE_CURVE('',#1851,#1852,#837,.T.);
#2268=EDGE_CURVE('',#1852,#1853,#1630,.T.);
#2269=EDGE_CURVE('',#1853,#1850,#838,.T.);
#2270=EDGE_CURVE('',#1854,#1852,#839,.T.);
#2271=EDGE_CURVE('',#1855,#1854,#840,.T.);
#2272=EDGE_CURVE('',#1856,#1855,#1631,.T.);
#2273=EDGE_CURVE('',#1857,#1856,#841,.T.);
#2274=EDGE_CURVE('',#1853,#1857,#842,.T.);
#2275=EDGE_CURVE('',#1851,#1858,#843,.T.);
#2276=EDGE_CURVE('',#1859,#1858,#123,.T.);
#2277=EDGE_CURVE('',#1859,#1860,#844,.T.);
#2278=EDGE_CURVE('',#1854,#1860,#124,.T.);
#2279=EDGE_CURVE('',#1845,#1861,#1632,.T.);
#2280=EDGE_CURVE('',#1861,#1862,#845,.T.);
#2281=EDGE_CURVE('',#1862,#1846,#125,.T.);
#2282=EDGE_CURVE('',#1844,#1863,#1633,.T.);
#2283=EDGE_CURVE('',#1863,#1861,#1634,.T.);
#2284=EDGE_CURVE('',#1864,#1863,#846,.T.);
#2285=EDGE_CURVE('',#1849,#1864,#126,.T.);
#2286=EDGE_CURVE('',#1865,#1846,#847,.T.);
#2287=EDGE_CURVE('',#1862,#1866,#848,.T.);
#2288=EDGE_CURVE('',#1865,#1866,#127,.T.);
#2289=EDGE_CURVE('',#1867,#1864,#849,.T.);
#2290=EDGE_CURVE('',#1848,#1867,#128,.T.);
#2291=EDGE_CURVE('',#1847,#1868,#850,.T.);
#2292=EDGE_CURVE('',#1868,#1869,#1635,.T.);
#2293=EDGE_CURVE('',#1869,#1867,#851,.T.);
#2294=EDGE_CURVE('',#1870,#1871,#1636,.T.);
#2295=EDGE_CURVE('',#1871,#1869,#1637,.T.);
#2296=EDGE_CURVE('',#1868,#1870,#1638,.T.);
#2297=EDGE_CURVE('',#1866,#1871,#852,.T.);
#2298=EDGE_CURVE('',#1870,#1865,#853,.T.);
#2299=EDGE_CURVE('',#1871,#1872,#854,.T.);
#2300=EDGE_CURVE('',#1873,#1872,#1639,.T.);
#2301=EDGE_CURVE('',#1873,#1869,#855,.T.);
#2302=EDGE_CURVE('',#1874,#1861,#856,.T.);
#2303=EDGE_CURVE('',#1874,#1875,#857,.T.);
#2304=EDGE_CURVE('',#1876,#1875,#858,.T.);
#2305=EDGE_CURVE('',#1876,#1877,#859,.T.);
#2306=EDGE_CURVE('',#1877,#1878,#860,.T.);
#2307=EDGE_CURVE('',#1878,#1879,#861,.T.);
#2308=EDGE_CURVE('',#1880,#1879,#862,.T.);
#2309=EDGE_CURVE('',#1880,#1881,#863,.T.);
#2310=EDGE_CURVE('',#1881,#1882,#864,.T.);
#2311=EDGE_CURVE('',#1882,#1883,#865,.T.);
#2312=EDGE_CURVE('',#1884,#1883,#866,.T.);
#2313=EDGE_CURVE('',#1884,#1885,#867,.T.);
#2314=EDGE_CURVE('',#1885,#1886,#868,.T.);
#2315=EDGE_CURVE('',#1886,#1887,#869,.T.);
#2316=EDGE_CURVE('',#1888,#1887,#870,.T.);
#2317=EDGE_CURVE('',#1888,#1889,#871,.T.);
#2318=EDGE_CURVE('',#1889,#1890,#872,.T.);
#2319=EDGE_CURVE('',#1890,#1891,#873,.T.);
#2320=EDGE_CURVE('',#1892,#1891,#874,.T.);
#2321=EDGE_CURVE('',#1892,#1893,#875,.T.);
#2322=EDGE_CURVE('',#1893,#1894,#876,.T.);
#2323=EDGE_CURVE('',#1894,#1895,#877,.T.);
#2324=EDGE_CURVE('',#1896,#1895,#878,.T.);
#2325=EDGE_CURVE('',#1896,#1897,#879,.T.);
#2326=EDGE_CURVE('',#1897,#1898,#880,.T.);
#2327=EDGE_CURVE('',#1898,#1899,#881,.T.);
#2328=EDGE_CURVE('',#1900,#1899,#882,.T.);
#2329=EDGE_CURVE('',#1901,#1900,#883,.T.);
#2330=EDGE_CURVE('',#1902,#1901,#884,.T.);
#2331=EDGE_CURVE('',#1903,#1902,#885,.T.);
#2332=EDGE_CURVE('',#1904,#1903,#886,.T.);
#2333=EDGE_CURVE('',#1905,#1904,#887,.T.);
#2334=EDGE_CURVE('',#1906,#1905,#888,.T.);
#2335=EDGE_CURVE('',#1907,#1906,#889,.T.);
#2336=EDGE_CURVE('',#1908,#1907,#890,.T.);
#2337=EDGE_CURVE('',#1909,#1908,#891,.T.);
#2338=EDGE_CURVE('',#1910,#1909,#892,.T.);
#2339=EDGE_CURVE('',#1911,#1910,#893,.T.);
#2340=EDGE_CURVE('',#1912,#1911,#894,.T.);
#2341=EDGE_CURVE('',#1913,#1912,#895,.T.);
#2342=EDGE_CURVE('',#1914,#1913,#896,.T.);
#2343=EDGE_CURVE('',#1915,#1914,#897,.T.);
#2344=EDGE_CURVE('',#1916,#1915,#898,.T.);
#2345=EDGE_CURVE('',#1872,#1916,#899,.T.);
#2346=EDGE_CURVE('',#1856,#1872,#1640,.T.);
#2347=EDGE_CURVE('',#1916,#1857,#129,.T.);
#2348=EDGE_CURVE('',#1859,#1917,#130,.T.);
#2349=EDGE_CURVE('',#1917,#1918,#900,.T.);
#2350=EDGE_CURVE('',#1860,#1918,#131,.T.);
#2351=EDGE_CURVE('',#1858,#1919,#901,.T.);
#2352=EDGE_CURVE('',#1919,#1920,#1641,.T.);
#2353=EDGE_CURVE('',#1920,#1917,#902,.T.);
#2354=EDGE_CURVE('',#1921,#1914,#1642,.T.);
#2355=EDGE_CURVE('',#1914,#1920,#1643,.T.);
#2356=EDGE_CURVE('',#1919,#1921,#1644,.T.);
#2357=EDGE_CURVE('',#1921,#1922,#903,.T.);
#2358=EDGE_CURVE('',#1922,#1915,#132,.T.);
#2359=EDGE_CURVE('',#1922,#1857,#904,.T.);
#2360=EDGE_CURVE('',#1855,#1873,#1645,.T.);
#2361=EDGE_CURVE('',#1918,#1873,#905,.T.);
#2362=EDGE_CURVE('',#1923,#1920,#906,.T.);
#2363=EDGE_CURVE('',#1924,#1923,#907,.T.);
#2364=EDGE_CURVE('',#1925,#1924,#908,.T.);
#2365=EDGE_CURVE('',#1926,#1925,#909,.T.);
#2366=EDGE_CURVE('',#1927,#1926,#910,.T.);
#2367=EDGE_CURVE('',#1928,#1927,#911,.T.);
#2368=EDGE_CURVE('',#1929,#1928,#912,.T.);
#2369=EDGE_CURVE('',#1930,#1929,#913,.T.);
#2370=EDGE_CURVE('',#1931,#1930,#914,.T.);
#2371=EDGE_CURVE('',#1932,#1931,#915,.T.);
#2372=EDGE_CURVE('',#1933,#1932,#916,.T.);
#2373=EDGE_CURVE('',#1934,#1933,#917,.T.);
#2374=EDGE_CURVE('',#1935,#1934,#918,.T.);
#2375=EDGE_CURVE('',#1936,#1935,#919,.T.);
#2376=EDGE_CURVE('',#1937,#1936,#920,.T.);
#2377=EDGE_CURVE('',#1938,#1937,#1646,.T.);
#2378=EDGE_CURVE('',#1939,#1938,#921,.T.);
#2379=EDGE_CURVE('',#1940,#1939,#922,.T.);
#2380=EDGE_CURVE('',#1941,#1940,#923,.T.);
#2381=EDGE_CURVE('',#1942,#1941,#1647,.T.);
#2382=EDGE_CURVE('',#1943,#1942,#924,.T.);
#2383=EDGE_CURVE('',#1944,#1943,#925,.T.);
#2384=EDGE_CURVE('',#1945,#1944,#926,.T.);
#2385=EDGE_CURVE('',#1946,#1945,#927,.T.);
#2386=EDGE_CURVE('',#1947,#1946,#1648,.T.);
#2387=EDGE_CURVE('',#1948,#1947,#928,.T.);
#2388=EDGE_CURVE('',#1949,#1948,#1649,.T.);
#2389=EDGE_CURVE('',#1950,#1949,#929,.T.);
#2390=EDGE_CURVE('',#1951,#1950,#930,.T.);
#2391=EDGE_CURVE('',#1952,#1951,#931,.T.);
#2392=EDGE_CURVE('',#1953,#1952,#932,.T.);
#2393=EDGE_CURVE('',#1954,#1953,#1650,.T.);
#2394=EDGE_CURVE('',#1955,#1954,#933,.T.);
#2395=EDGE_CURVE('',#1956,#1955,#934,.T.);
#2396=EDGE_CURVE('',#1957,#1956,#935,.T.);
#2397=EDGE_CURVE('',#1958,#1957,#1651,.T.);
#2398=EDGE_CURVE('',#1959,#1958,#936,.T.);
#2399=EDGE_CURVE('',#1960,#1959,#937,.T.);
#2400=EDGE_CURVE('',#1863,#1960,#938,.T.);
#2401=EDGE_CURVE('',#1961,#1961,#1652,.T.);
#2402=EDGE_CURVE('',#1834,#1913,#1653,.T.);
#2403=EDGE_CURVE('',#1912,#1835,#133,.T.);
#2404=EDGE_CURVE('',#1837,#1925,#134,.T.);
#2405=EDGE_CURVE('',#1838,#1924,#135,.T.);
#2406=EDGE_CURVE('',#1836,#1962,#939,.T.);
#2407=EDGE_CURVE('',#1962,#1926,#1654,.T.);
#2408=EDGE_CURVE('',#1963,#1910,#1655,.T.);
#2409=EDGE_CURVE('',#1910,#1926,#1656,.T.);
#2410=EDGE_CURVE('',#1962,#1963,#1657,.T.);
#2411=EDGE_CURVE('',#1963,#1964,#940,.T.);
#2412=EDGE_CURVE('',#1964,#1911,#136,.T.);
#2413=EDGE_CURVE('',#1964,#1835,#941,.T.);
#2414=EDGE_CURVE('',#1833,#1923,#1658,.T.);
#2415=EDGE_CURVE('',#1923,#1913,#1659,.T.);
#2416=EDGE_CURVE('',#1823,#1909,#1660,.T.);
#2417=EDGE_CURVE('',#1908,#1824,#137,.T.);
#2418=EDGE_CURVE('',#1826,#1929,#138,.T.);
#2419=EDGE_CURVE('',#1827,#1928,#139,.T.);
#2420=EDGE_CURVE('',#1825,#1965,#942,.T.);
#2421=EDGE_CURVE('',#1965,#1930,#1661,.T.);
#2422=EDGE_CURVE('',#1966,#1906,#1662,.T.);
#2423=EDGE_CURVE('',#1906,#1930,#1663,.T.);
#2424=EDGE_CURVE('',#1965,#1966,#1664,.T.);
#2425=EDGE_CURVE('',#1966,#1967,#943,.T.);
#2426=EDGE_CURVE('',#1967,#1907,#140,.T.);
#2427=EDGE_CURVE('',#1967,#1824,#944,.T.);
#2428=EDGE_CURVE('',#1822,#1927,#1665,.T.);
#2429=EDGE_CURVE('',#1927,#1909,#1666,.T.);
#2430=EDGE_CURVE('',#1812,#1905,#1667,.T.);
#2431=EDGE_CURVE('',#1904,#1813,#141,.T.);
#2432=EDGE_CURVE('',#1815,#1933,#142,.T.);
#2433=EDGE_CURVE('',#1816,#1932,#143,.T.);
#2434=EDGE_CURVE('',#1814,#1968,#945,.T.);
#2435=EDGE_CURVE('',#1968,#1934,#1668,.T.);
#2436=EDGE_CURVE('',#1969,#1902,#1669,.T.);
#2437=EDGE_CURVE('',#1902,#1934,#1670,.T.);
#2438=EDGE_CURVE('',#1968,#1969,#1671,.T.);
#2439=EDGE_CURVE('',#1969,#1970,#946,.T.);
#2440=EDGE_CURVE('',#1970,#1903,#144,.T.);
#2441=EDGE_CURVE('',#1970,#1813,#947,.T.);
#2442=EDGE_CURVE('',#1811,#1931,#1672,.T.);
#2443=EDGE_CURVE('',#1931,#1905,#1673,.T.);
#2444=EDGE_CURVE('',#1970,#1806,#948,.T.);
#2445=EDGE_CURVE('',#1967,#1817,#949,.T.);
#2446=EDGE_CURVE('',#1964,#1828,#950,.T.);
#2447=EDGE_CURVE('',#1922,#1850,#951,.T.);
#2448=EDGE_CURVE('',#1865,#1839,#952,.T.);
#2449=EDGE_CURVE('',#1960,#1874,#1674,.F.);
#2450=EDGE_CURVE('',#1901,#1935,#1675,.F.);
#2451=EDGE_CURVE('',#1891,#1971,#953,.T.);
#2452=EDGE_CURVE('',#1971,#1972,#954,.T.);
#2453=EDGE_CURVE('',#1972,#1892,#955,.T.);
#2454=EDGE_CURVE('',#1973,#1880,#956,.T.);
#2455=EDGE_CURVE('',#1879,#1974,#957,.T.);
#2456=EDGE_CURVE('',#1974,#1973,#958,.T.);
#2457=EDGE_CURVE('',#1975,#1896,#959,.T.);
#2458=EDGE_CURVE('',#1895,#1976,#960,.T.);
#2459=EDGE_CURVE('',#1976,#1975,#961,.T.);
#2460=EDGE_CURVE('',#1899,#1977,#962,.T.);
#2461=EDGE_CURVE('',#1977,#1978,#963,.T.);
#2462=EDGE_CURVE('',#1978,#1979,#1676,.T.);
#2463=EDGE_CURVE('',#1979,#1980,#964,.T.);
#2464=EDGE_CURVE('',#1980,#1981,#1677,.T.);
#2465=EDGE_CURVE('',#1981,#1982,#965,.T.);
#2466=EDGE_CURVE('',#1982,#1983,#1678,.T.);
#2467=EDGE_CURVE('',#1983,#1984,#966,.T.);
#2468=EDGE_CURVE('',#1984,#1985,#1679,.T.);
#2469=EDGE_CURVE('',#1985,#1986,#967,.T.);
#2470=EDGE_CURVE('',#1986,#1876,#968,.T.);
#2471=EDGE_CURVE('',#1875,#1987,#1680,.T.);
#2472=EDGE_CURVE('',#1987,#1988,#969,.T.);
#2473=EDGE_CURVE('',#1988,#1989,#1681,.T.);
#2474=EDGE_CURVE('',#1989,#1990,#970,.T.);
#2475=EDGE_CURVE('',#1990,#1991,#1682,.T.);
#2476=EDGE_CURVE('',#1991,#1992,#971,.T.);
#2477=EDGE_CURVE('',#1992,#1900,#1683,.T.);
#2478=EDGE_CURVE('',#1993,#1884,#972,.T.);
#2479=EDGE_CURVE('',#1883,#1994,#973,.T.);
#2480=EDGE_CURVE('',#1994,#1993,#974,.T.);
#2481=EDGE_CURVE('',#1887,#1995,#975,.T.);
#2482=EDGE_CURVE('',#1995,#1996,#976,.T.);
#2483=EDGE_CURVE('',#1996,#1888,#977,.T.);
#2484=EDGE_CURVE('',#1997,#1986,#978,.T.);
#2485=EDGE_CURVE('',#1998,#1985,#979,.T.);
#2486=EDGE_CURVE('',#1997,#1998,#980,.T.);
#2487=EDGE_CURVE('',#1971,#1999,#981,.T.);
#2488=EDGE_CURVE('',#2000,#1999,#982,.T.);
#2489=EDGE_CURVE('',#2000,#1972,#983,.T.);
#2490=EDGE_CURVE('',#2001,#1973,#984,.T.);
#2491=EDGE_CURVE('',#1974,#2002,#985,.T.);
#2492=EDGE_CURVE('',#2001,#2002,#986,.T.);
#2493=EDGE_CURVE('',#2003,#1975,#987,.T.);
#2494=EDGE_CURVE('',#1976,#2004,#988,.T.);
#2495=EDGE_CURVE('',#2003,#2004,#989,.T.);
#2496=EDGE_CURVE('',#1977,#2005,#990,.T.);
#2497=EDGE_CURVE('',#2006,#2005,#991,.T.);
#2498=EDGE_CURVE('',#2006,#1978,#992,.T.);
#2499=EDGE_CURVE('',#2007,#1993,#993,.T.);
#2500=EDGE_CURVE('',#1994,#2008,#994,.T.);
#2501=EDGE_CURVE('',#2007,#2008,#995,.T.);
#2502=EDGE_CURVE('',#1995,#2009,#996,.T.);
#2503=EDGE_CURVE('',#2010,#2009,#997,.T.);
#2504=EDGE_CURVE('',#2010,#1996,#998,.T.);
#2505=EDGE_CURVE('',#2011,#2012,#999,.T.);
#2506=EDGE_CURVE('',#2011,#2013,#1684,.F.);
#2507=EDGE_CURVE('',#2013,#2014,#1000,.T.);
#2508=EDGE_CURVE('',#2014,#2012,#1685,.T.);
#2509=EDGE_CURVE('',#2012,#2015,#1001,.F.);
#2510=EDGE_CURVE('',#2016,#2014,#1002,.F.);
#2511=EDGE_CURVE('',#2017,#2016,#1686,.T.);
#2512=EDGE_CURVE('',#2018,#2017,#1003,.T.);
#2513=EDGE_CURVE('',#2019,#2018,#1004,.T.);
#2514=EDGE_CURVE('',#2020,#2019,#1005,.T.);
#2515=EDGE_CURVE('',#2015,#2020,#1006,.T.);
#2516=EDGE_CURVE('',#2011,#2021,#1007,.T.);
#2517=EDGE_CURVE('',#2022,#2021,#1008,.T.);
#2518=EDGE_CURVE('',#2023,#2022,#1009,.T.);
#2519=EDGE_CURVE('',#2024,#2023,#1010,.T.);
#2520=EDGE_CURVE('',#2025,#2024,#1011,.T.);
#2521=EDGE_CURVE('',#2026,#2025,#1687,.F.);
#2522=EDGE_CURVE('',#2013,#2026,#1012,.T.);
#2523=EDGE_CURVE('',#2025,#2017,#1013,.F.);
#2524=EDGE_CURVE('',#2016,#2026,#1014,.T.);
#2525=EDGE_CURVE('',#2027,#2027,#1688,.T.);
#2526=EDGE_CURVE('',#2027,#1961,#1689,.T.);
#2527=EDGE_CURVE('',#2028,#2028,#1690,.F.);
#2528=EDGE_CURVE('',#2028,#2027,#1015,.T.);
#2529=EDGE_CURVE('',#2029,#2029,#1691,.T.);
#2530=EDGE_CURVE('',#2029,#2030,#1016,.T.);
#2531=EDGE_CURVE('',#2030,#2031,#1692,.T.);
#2532=EDGE_CURVE('',#2031,#2030,#1693,.T.);
#2533=EDGE_CURVE('',#2032,#2032,#1694,.T.);
#2534=EDGE_CURVE('',#2032,#2031,#1017,.T.);
#2535=EDGE_CURVE('',#2033,#2033,#1695,.T.);
#2536=EDGE_CURVE('',#2033,#2032,#1018,.T.);
#2537=EDGE_CURVE('',#2034,#2035,#43,.T.);
#2538=EDGE_CURVE('',#2036,#2034,#44,.T.);
#2539=EDGE_CURVE('',#2037,#2036,#1019,.T.);
#2540=EDGE_CURVE('',#2038,#2037,#45,.T.);
#2541=EDGE_CURVE('',#2039,#2038,#46,.T.);
#2542=EDGE_CURVE('',#2040,#2039,#47,.T.);
#2543=EDGE_CURVE('',#2041,#2040,#1020,.T.);
#2544=EDGE_CURVE('',#2042,#2041,#48,.T.);
#2545=EDGE_CURVE('',#2043,#2042,#49,.T.);
#2546=EDGE_CURVE('',#2044,#2043,#50,.T.);
#2547=EDGE_CURVE('',#2045,#2044,#1021,.T.);
#2548=EDGE_CURVE('',#2046,#2045,#51,.T.);
#2549=EDGE_CURVE('',#2047,#2046,#52,.T.);
#2550=EDGE_CURVE('',#2048,#2047,#53,.T.);
#2551=EDGE_CURVE('',#2049,#2048,#1022,.T.);
#2552=EDGE_CURVE('',#2050,#2049,#1023,.T.);
#2553=EDGE_CURVE('',#2051,#2050,#1696,.T.);
#2554=EDGE_CURVE('',#2052,#2051,#1024,.T.);
#2555=EDGE_CURVE('',#2053,#2052,#1697,.T.);
#2556=EDGE_CURVE('',#2054,#2053,#1025,.T.);
#2557=EDGE_CURVE('',#2055,#2054,#1026,.T.);
#2558=EDGE_CURVE('',#2035,#2055,#54,.T.);
#2559=EDGE_CURVE('',#2056,#2056,#1698,.T.);
#2560=EDGE_CURVE('',#2057,#2057,#1699,.T.);
#2561=EDGE_CURVE('',#2058,#2058,#1700,.T.);
#2562=EDGE_CURVE('',#2059,#2059,#1701,.T.);
#2563=EDGE_CURVE('',#2060,#2061,#1702,.T.);
#2564=EDGE_CURVE('',#2061,#2062,#1027,.T.);
#2565=EDGE_CURVE('',#2062,#2063,#1703,.T.);
#2566=EDGE_CURVE('',#2063,#2060,#1028,.T.);
#2567=EDGE_CURVE('',#2019,#1948,#1704,.T.);
#2568=EDGE_CURVE('',#2064,#2019,#1705,.F.);
#2569=EDGE_CURVE('',#1949,#2064,#1706,.T.);
#2570=EDGE_CURVE('',#2065,#1946,#1707,.T.);
#2571=EDGE_CURVE('',#2020,#2065,#1708,.F.);
#2572=EDGE_CURVE('',#1947,#2020,#1709,.T.);
#2573=EDGE_CURVE('',#1945,#2060,#1710,.T.);
#2574=EDGE_CURVE('',#2060,#2065,#1029,.T.);
#2575=EDGE_CURVE('',#2066,#2015,#1711,.T.);
#2576=EDGE_CURVE('',#2065,#2066,#1030,.T.);
#2577=EDGE_CURVE('',#2018,#2067,#1712,.T.);
#2578=EDGE_CURVE('',#2067,#2064,#1031,.T.);
#2579=EDGE_CURVE('',#2068,#1950,#1713,.T.);
#2580=EDGE_CURVE('',#2064,#2068,#1032,.T.);
#2581=EDGE_CURVE('',#1945,#2061,#1714,.T.);
#2582=EDGE_CURVE('',#2069,#2068,#1715,.T.);
#2583=EDGE_CURVE('',#2068,#2070,#1033,.T.);
#2584=EDGE_CURVE('',#2070,#2071,#1716,.T.);
#2585=EDGE_CURVE('',#2071,#2069,#1034,.T.);
#2586=EDGE_CURVE('',#2069,#1950,#1717,.T.);
#2587=EDGE_CURVE('',#1944,#2072,#1718,.F.);
#2588=EDGE_CURVE('',#2072,#2061,#1035,.T.);
#2589=EDGE_CURVE('',#2069,#2073,#1036,.T.);
#2590=EDGE_CURVE('',#2073,#1951,#1719,.F.);
#2591=EDGE_CURVE('',#2074,#2062,#1037,.F.);
#2592=EDGE_CURVE('',#2072,#1990,#1038,.T.);
#2593=EDGE_CURVE('',#2073,#1989,#1039,.T.);
#2594=EDGE_CURVE('',#2071,#2075,#1040,.F.);
#2595=EDGE_CURVE('',#2075,#2076,#1041,.T.);
#2596=EDGE_CURVE('',#2077,#2076,#1720,.T.);
#2597=EDGE_CURVE('',#2077,#2078,#1042,.T.);
#2598=EDGE_CURVE('',#2079,#2078,#1721,.T.);
#2599=EDGE_CURVE('',#2079,#2074,#1043,.T.);
#2600=EDGE_CURVE('',#2080,#2081,#1722,.T.);
#2601=EDGE_CURVE('',#2081,#2082,#1044,.T.);
#2602=EDGE_CURVE('',#2082,#2083,#1723,.T.);
#2603=EDGE_CURVE('',#2083,#2080,#55,.T.);
#2604=EDGE_CURVE('',#2084,#2054,#1045,.T.);
#2605=EDGE_CURVE('',#2085,#2084,#1046,.T.);
#2606=EDGE_CURVE('',#2054,#2085,#1047,.T.);
#2607=EDGE_CURVE('',#2086,#2087,#1048,.T.);
#2608=EDGE_CURVE('',#2087,#2085,#1049,.T.);
#2609=EDGE_CURVE('',#2084,#2086,#1050,.T.);
#2610=EDGE_CURVE('',#2088,#2055,#1051,.T.);
#2611=EDGE_CURVE('',#2085,#2088,#1052,.T.);
#2612=EDGE_CURVE('',#2049,#2089,#1053,.T.);
#2613=EDGE_CURVE('',#2090,#2049,#1054,.T.);
#2614=EDGE_CURVE('',#2089,#2090,#1055,.T.);
#2615=EDGE_CURVE('',#2048,#2091,#1056,.T.);
#2616=EDGE_CURVE('',#2091,#2090,#1057,.T.);
#2617=EDGE_CURVE('',#2092,#2093,#1058,.T.);
#2618=EDGE_CURVE('',#2093,#2089,#1059,.T.);
#2619=EDGE_CURVE('',#2090,#2092,#1060,.T.);
#2620=EDGE_CURVE('',#2094,#2050,#1061,.T.);
#2621=EDGE_CURVE('',#2089,#2094,#1062,.T.);
#2622=EDGE_CURVE('',#2094,#2023,#1724,.T.);
#2623=EDGE_CURVE('',#2023,#2051,#1063,.T.);
#2624=EDGE_CURVE('',#2022,#2052,#1064,.T.);
#2625=EDGE_CURVE('',#2022,#2095,#1725,.T.);
#2626=EDGE_CURVE('',#2095,#2053,#1065,.T.);
#2627=EDGE_CURVE('',#2095,#2084,#1066,.T.);
#2628=EDGE_CURVE('',#2083,#2093,#56,.T.);
#2629=EDGE_CURVE('',#2092,#2080,#57,.T.);
#2630=EDGE_CURVE('',#2081,#2096,#1067,.T.);
#2631=EDGE_CURVE('',#2096,#2097,#1068,.T.);
#2632=EDGE_CURVE('',#2097,#2082,#1069,.T.);
#2633=EDGE_CURVE('',#2098,#2097,#1726,.T.);
#2634=EDGE_CURVE('',#2096,#2099,#1727,.T.);
#2635=EDGE_CURVE('',#2098,#2099,#58,.T.);
#2636=EDGE_CURVE('',#2099,#2087,#59,.T.);
#2637=EDGE_CURVE('',#2086,#2098,#60,.T.);
#2638=EDGE_CURVE('',#2100,#2047,#1070,.T.);
#2639=EDGE_CURVE('',#2046,#2101,#1071,.T.);
#2640=EDGE_CURVE('',#2101,#2100,#61,.T.);
#2641=EDGE_CURVE('',#2100,#2091,#62,.T.);
#2642=EDGE_CURVE('',#2044,#2102,#1072,.T.);
#2643=EDGE_CURVE('',#2102,#2103,#1073,.T.);
#2644=EDGE_CURVE('',#2103,#2045,#1074,.T.);
#2645=EDGE_CURVE('',#2103,#2101,#63,.T.);
#2646=EDGE_CURVE('',#2104,#2043,#1075,.T.);
#2647=EDGE_CURVE('',#2042,#2105,#1076,.T.);
#2648=EDGE_CURVE('',#2105,#2104,#64,.T.);
#2649=EDGE_CURVE('',#2104,#2102,#65,.T.);
#2650=EDGE_CURVE('',#2040,#2106,#1077,.T.);
#2651=EDGE_CURVE('',#2106,#2107,#1078,.T.);
#2652=EDGE_CURVE('',#2107,#2041,#1079,.T.);
#2653=EDGE_CURVE('',#2107,#2105,#66,.T.);
#2654=EDGE_CURVE('',#2108,#2039,#1080,.T.);
#2655=EDGE_CURVE('',#2038,#2109,#1081,.T.);
#2656=EDGE_CURVE('',#2109,#2108,#67,.T.);
#2657=EDGE_CURVE('',#2108,#2106,#68,.T.);
#2658=EDGE_CURVE('',#2036,#2110,#1082,.T.);
#2659=EDGE_CURVE('',#2110,#2111,#1083,.T.);
#2660=EDGE_CURVE('',#2111,#2037,#1084,.T.);
#2661=EDGE_CURVE('',#2111,#2109,#69,.T.);
#2662=EDGE_CURVE('',#2112,#2034,#1085,.T.);
#2663=EDGE_CURVE('',#2035,#2113,#1086,.T.);
#2664=EDGE_CURVE('',#2113,#2112,#70,.T.);
#2665=EDGE_CURVE('',#2112,#2110,#71,.T.);
#2666=EDGE_CURVE('',#2088,#2113,#72,.T.);
#2667=EDGE_CURVE('',#2114,#2095,#1087,.T.);
#2668=EDGE_CURVE('',#2074,#2114,#1088,.T.);
#2669=EDGE_CURVE('',#2086,#2079,#1089,.T.);
#2670=EDGE_CURVE('',#2021,#2114,#1728,.T.);
#2671=EDGE_CURVE('',#2094,#2115,#1090,.T.);
#2672=EDGE_CURVE('',#2115,#2024,#1729,.T.);
#2673=EDGE_CURVE('',#2076,#2093,#1091,.T.);
#2674=EDGE_CURVE('',#2115,#2075,#1092,.T.);
#2675=EDGE_CURVE('',#2116,#2104,#1093,.T.);
#2676=EDGE_CURVE('',#2117,#2116,#145,.T.);
#2677=EDGE_CURVE('',#2117,#2118,#1094,.T.);
#2678=EDGE_CURVE('',#2119,#2118,#146,.T.);
#2679=EDGE_CURVE('',#2101,#2119,#1095,.T.);
#2680=EDGE_CURVE('',#2105,#2120,#1096,.T.);
#2681=EDGE_CURVE('',#2120,#2116,#147,.T.);
#2682=EDGE_CURVE('',#2009,#2121,#1097,.T.);
#2683=EDGE_CURVE('',#2121,#2122,#1098,.T.);
#2684=EDGE_CURVE('',#2122,#2007,#1099,.T.);
#2685=EDGE_CURVE('',#2008,#2123,#1100,.T.);
#2686=EDGE_CURVE('',#2123,#2124,#1101,.T.);
#2687=EDGE_CURVE('',#2124,#2001,#1102,.T.);
#2688=EDGE_CURVE('',#2002,#2125,#1103,.T.);
#2689=EDGE_CURVE('',#2125,#2126,#1104,.T.);
#2690=EDGE_CURVE('',#2126,#1997,#1105,.T.);
#2691=EDGE_CURVE('',#2120,#1998,#148,.T.);
#2692=EDGE_CURVE('',#2127,#2108,#1106,.T.);
#2693=EDGE_CURVE('',#2006,#2127,#149,.T.);
#2694=EDGE_CURVE('',#2005,#2128,#1107,.T.);
#2695=EDGE_CURVE('',#2128,#2129,#1108,.T.);
#2696=EDGE_CURVE('',#2129,#2003,#1109,.T.);
#2697=EDGE_CURVE('',#2004,#2130,#1110,.T.);
#2698=EDGE_CURVE('',#2130,#2131,#1111,.T.);
#2699=EDGE_CURVE('',#2131,#2000,#1112,.T.);
#2700=EDGE_CURVE('',#1999,#2132,#1113,.T.);
#2701=EDGE_CURVE('',#2132,#2133,#1114,.T.);
#2702=EDGE_CURVE('',#2133,#2010,#1115,.T.);
#2703=EDGE_CURVE('',#2109,#2134,#1116,.T.);
#2704=EDGE_CURVE('',#2134,#2127,#150,.T.);
#2705=EDGE_CURVE('',#2135,#2112,#1117,.T.);
#2706=EDGE_CURVE('',#2136,#2135,#151,.T.);
#2707=EDGE_CURVE('',#2136,#2137,#1118,.T.);
#2708=EDGE_CURVE('',#2134,#2137,#152,.T.);
#2709=EDGE_CURVE('',#2113,#2138,#1119,.T.);
#2710=EDGE_CURVE('',#2135,#2138,#153,.T.);
#2711=EDGE_CURVE('',#2059,#2139,#1120,.T.);
#2712=EDGE_CURVE('',#2139,#2140,#1730,.T.);
#2713=EDGE_CURVE('',#2140,#2139,#1731,.T.);
#2714=EDGE_CURVE('',#2140,#2141,#1121,.T.);
#2715=EDGE_CURVE('',#2141,#2141,#1732,.T.);
#2716=EDGE_CURVE('',#2056,#2142,#1122,.T.);
#2717=EDGE_CURVE('',#2142,#2143,#1733,.T.);
#2718=EDGE_CURVE('',#2143,#2142,#1734,.T.);
#2719=EDGE_CURVE('',#2143,#2144,#1123,.T.);
#2720=EDGE_CURVE('',#2144,#2144,#1735,.T.);
#2721=EDGE_CURVE('',#2058,#2145,#1124,.T.);
#2722=EDGE_CURVE('',#2145,#2146,#1736,.T.);
#2723=EDGE_CURVE('',#2146,#2145,#1737,.T.);
#2724=EDGE_CURVE('',#2146,#2147,#1125,.T.);
#2725=EDGE_CURVE('',#2147,#2147,#1738,.T.);
#2726=EDGE_CURVE('',#2057,#2148,#1126,.T.);
#2727=EDGE_CURVE('',#2148,#2149,#1739,.T.);
#2728=EDGE_CURVE('',#2149,#2148,#1740,.T.);
#2729=EDGE_CURVE('',#2149,#2150,#1127,.T.);
#2730=EDGE_CURVE('',#2150,#2150,#1741,.T.);
#2731=EDGE_CURVE('',#2066,#2063,#1128,.F.);
#2732=EDGE_CURVE('',#2070,#2067,#1129,.F.);
#2733=EDGE_CURVE('',#2078,#2097,#1130,.T.);
#2734=EDGE_CURVE('',#2082,#2077,#1131,.T.);
#2735=EDGE_CURVE('',#2099,#2151,#1132,.T.);
#2736=EDGE_CURVE('',#2138,#2151,#154,.T.);
#2737=EDGE_CURVE('',#2152,#2100,#1133,.T.);
#2738=EDGE_CURVE('',#2153,#2152,#155,.T.);
#2739=EDGE_CURVE('',#2153,#2080,#1134,.T.);
#2740=EDGE_CURVE('',#2154,#2154,#1742,.T.);
#2741=EDGE_CURVE('',#2154,#2155,#1135,.T.);
#2742=EDGE_CURVE('',#2155,#2155,#1743,.T.);
#2743=EDGE_CURVE('',#2156,#2156,#1744,.T.);
#2744=EDGE_CURVE('',#2156,#2157,#1136,.T.);
#2745=EDGE_CURVE('',#2157,#2157,#1745,.T.);
#2746=EDGE_CURVE('',#2158,#2158,#1746,.T.);
#2747=EDGE_CURVE('',#2158,#2159,#1137,.T.);
#2748=EDGE_CURVE('',#2159,#2159,#1747,.T.);
#2749=EDGE_CURVE('',#2160,#2160,#1748,.T.);
#2750=EDGE_CURVE('',#2160,#2161,#1138,.T.);
#2751=EDGE_CURVE('',#2161,#2161,#1749,.T.);
#2752=EDGE_CURVE('',#2125,#1878,#1139,.T.);
#2753=EDGE_CURVE('',#2126,#1877,#1140,.T.);
#2754=EDGE_CURVE('',#2132,#1890,#1141,.T.);
#2755=EDGE_CURVE('',#2133,#1889,#1142,.T.);
#2756=EDGE_CURVE('',#2123,#1882,#1143,.T.);
#2757=EDGE_CURVE('',#2124,#1881,#1144,.T.);
#2758=EDGE_CURVE('',#2128,#1898,#1145,.T.);
#2759=EDGE_CURVE('',#2129,#1897,#1146,.T.);
#2760=EDGE_CURVE('',#2130,#1894,#1147,.T.);
#2761=EDGE_CURVE('',#2131,#1893,#1148,.T.);
#2762=EDGE_CURVE('',#2121,#1886,#1149,.T.);
#2763=EDGE_CURVE('',#2122,#1885,#1150,.T.);
#2764=EDGE_CURVE('',#2162,#2163,#1151,.T.);
#2765=EDGE_CURVE('',#2164,#2162,#1750,.T.);
#2766=EDGE_CURVE('',#2165,#2164,#1152,.T.);
#2767=EDGE_CURVE('',#2166,#2165,#1751,.T.);
#2768=EDGE_CURVE('',#2167,#2166,#1153,.T.);
#2769=EDGE_CURVE('',#2163,#2167,#1752,.T.);
#2770=EDGE_CURVE('',#2168,#2169,#1753,.T.);
#2771=EDGE_CURVE('',#2170,#2168,#1154,.T.);
#2772=EDGE_CURVE('',#2171,#2170,#1754,.T.);
#2773=EDGE_CURVE('',#2172,#2171,#1155,.T.);
#2774=EDGE_CURVE('',#2173,#2172,#1755,.T.);
#2775=EDGE_CURVE('',#2169,#2173,#1156,.T.);
#2776=EDGE_CURVE('',#2174,#2175,#1157,.T.);
#2777=EDGE_CURVE('',#2176,#2174,#1756,.T.);
#2778=EDGE_CURVE('',#2177,#2176,#1158,.T.);
#2779=EDGE_CURVE('',#2178,#2177,#1757,.T.);
#2780=EDGE_CURVE('',#2179,#2178,#1159,.T.);
#2781=EDGE_CURVE('',#2175,#2179,#1758,.T.);
#2782=EDGE_CURVE('',#2180,#2181,#1759,.T.);
#2783=EDGE_CURVE('',#2182,#2180,#1160,.T.);
#2784=EDGE_CURVE('',#2183,#2182,#1760,.T.);
#2785=EDGE_CURVE('',#2184,#2183,#1161,.T.);
#2786=EDGE_CURVE('',#2185,#2184,#1761,.T.);
#2787=EDGE_CURVE('',#2181,#2185,#1162,.T.);
#2788=EDGE_CURVE('',#2164,#2186,#1163,.T.);
#2789=EDGE_CURVE('',#2187,#2186,#1164,.T.);
#2790=EDGE_CURVE('',#2165,#2187,#1165,.T.);
#2791=EDGE_CURVE('',#2162,#2188,#1166,.T.);
#2792=EDGE_CURVE('',#2186,#2188,#1762,.T.);
#2793=EDGE_CURVE('',#2189,#2163,#1167,.T.);
#2794=EDGE_CURVE('',#2188,#2189,#1168,.T.);
#2795=EDGE_CURVE('',#2167,#2190,#1169,.T.);
#2796=EDGE_CURVE('',#2190,#2189,#1763,.F.);
#2797=EDGE_CURVE('',#2170,#2191,#1170,.T.);
#2798=EDGE_CURVE('',#2191,#2192,#1764,.F.);
#2799=EDGE_CURVE('',#2192,#2171,#1171,.T.);
#2800=EDGE_CURVE('',#2168,#2193,#1172,.T.);
#2801=EDGE_CURVE('',#2191,#2193,#1173,.T.);
#2802=EDGE_CURVE('',#2169,#2194,#1174,.T.);
#2803=EDGE_CURVE('',#2193,#2194,#1765,.T.);
#2804=EDGE_CURVE('',#2176,#2195,#1175,.T.);
#2805=EDGE_CURVE('',#2196,#2195,#1176,.T.);
#2806=EDGE_CURVE('',#2177,#2196,#1177,.T.);
#2807=EDGE_CURVE('',#2174,#2197,#1178,.T.);
#2808=EDGE_CURVE('',#2195,#2197,#1766,.T.);
#2809=EDGE_CURVE('',#2198,#2175,#1179,.T.);
#2810=EDGE_CURVE('',#2197,#2198,#1180,.T.);
#2811=EDGE_CURVE('',#2179,#2199,#1181,.T.);
#2812=EDGE_CURVE('',#2199,#2198,#1767,.F.);
#2813=EDGE_CURVE('',#2182,#2200,#1182,.T.);
#2814=EDGE_CURVE('',#2200,#2201,#1768,.F.);
#2815=EDGE_CURVE('',#2201,#2183,#1183,.T.);
#2816=EDGE_CURVE('',#2180,#2202,#1184,.T.);
#2817=EDGE_CURVE('',#2200,#2202,#1185,.T.);
#2818=EDGE_CURVE('',#2181,#2203,#1186,.T.);
#2819=EDGE_CURVE('',#2202,#2203,#1769,.T.);
#2820=EDGE_CURVE('',#2204,#1944,#1770,.F.);
#2821=EDGE_CURVE('',#2072,#2204,#1771,.F.);
#2822=EDGE_CURVE('',#2204,#1991,#1187,.T.);
#2823=EDGE_CURVE('',#2205,#2073,#1772,.F.);
#2824=EDGE_CURVE('',#1951,#2205,#1773,.F.);
#2825=EDGE_CURVE('',#2205,#1988,#1188,.T.);
#2826=EDGE_CURVE('',#2206,#1943,#1774,.F.);
#2827=EDGE_CURVE('',#2207,#2206,#1775,.F.);
#2828=EDGE_CURVE('',#1943,#2207,#1776,.F.);
#2829=EDGE_CURVE('',#2184,#2207,#1189,.T.);
#2830=EDGE_CURVE('',#2206,#2185,#1190,.T.);
#2831=EDGE_CURVE('',#2207,#2204,#1191,.T.);
#2832=EDGE_CURVE('',#2208,#1952,#1777,.F.);
#2833=EDGE_CURVE('',#2196,#2208,#1778,.F.);
#2834=EDGE_CURVE('',#1952,#2196,#1779,.F.);
#2835=EDGE_CURVE('',#2208,#2178,#1192,.T.);
#2836=EDGE_CURVE('',#2201,#1940,#1780,.F.);
#2837=EDGE_CURVE('',#1940,#2200,#1781,.F.);
#2838=EDGE_CURVE('',#2202,#1941,#1782,.T.);
#2839=EDGE_CURVE('',#2203,#1942,#1783,.T.);
#2840=EDGE_CURVE('',#2203,#2206,#1193,.T.);
#2841=EDGE_CURVE('',#2198,#1955,#1784,.F.);
#2842=EDGE_CURVE('',#1955,#2199,#1785,.F.);
#2843=EDGE_CURVE('',#2209,#1939,#1786,.F.);
#2844=EDGE_CURVE('',#2210,#2209,#1787,.F.);
#2845=EDGE_CURVE('',#1939,#2210,#1788,.F.);
#2846=EDGE_CURVE('',#2172,#2210,#1194,.T.);
#2847=EDGE_CURVE('',#2209,#2173,#1195,.T.);
#2848=EDGE_CURVE('',#2210,#2201,#1196,.T.);
#2849=EDGE_CURVE('',#2211,#1956,#1789,.F.);
#2850=EDGE_CURVE('',#2187,#2211,#1790,.F.);
#2851=EDGE_CURVE('',#1956,#2187,#1791,.F.);
#2852=EDGE_CURVE('',#2211,#2166,#1197,.T.);
#2853=EDGE_CURVE('',#2192,#1936,#1792,.F.);
#2854=EDGE_CURVE('',#1936,#2191,#1793,.F.);
#2855=EDGE_CURVE('',#2193,#1937,#1794,.T.);
#2856=EDGE_CURVE('',#2194,#1938,#1795,.T.);
#2857=EDGE_CURVE('',#2194,#2209,#1198,.T.);
#2858=EDGE_CURVE('',#2189,#1959,#1796,.F.);
#2859=EDGE_CURVE('',#1959,#2190,#1797,.F.);
#2860=EDGE_CURVE('',#2212,#1901,#1798,.F.);
#2861=EDGE_CURVE('',#1935,#2212,#1799,.F.);
#2862=EDGE_CURVE('',#2212,#1992,#1199,.T.);
#2863=EDGE_CURVE('',#2212,#2192,#1200,.T.);
#2864=EDGE_CURVE('',#2213,#1960,#1800,.F.);
#2865=EDGE_CURVE('',#1874,#2213,#1801,.F.);
#2866=EDGE_CURVE('',#2213,#1987,#1201,.T.);
#2867=EDGE_CURVE('',#2190,#2213,#1202,.T.);
#2868=EDGE_CURVE('',#2186,#1957,#1802,.T.);
#2869=EDGE_CURVE('',#2188,#1958,#1803,.T.);
#2870=EDGE_CURVE('',#2199,#2211,#1203,.T.);
#2871=EDGE_CURVE('',#2195,#1953,#1804,.T.);
#2872=EDGE_CURVE('',#2197,#1954,#1805,.T.);
#2873=EDGE_CURVE('',#2205,#2208,#1204,.T.);
#2874=EDGE_CURVE('',#2117,#1984,#1205,.T.);
#2875=EDGE_CURVE('',#2118,#1983,#1206,.T.);
#2876=EDGE_CURVE('',#2153,#1982,#1207,.T.);
#2877=EDGE_CURVE('',#2152,#2119,#156,.T.);
#2878=EDGE_CURVE('',#2151,#1981,#1208,.T.);
#2879=EDGE_CURVE('',#2136,#1980,#1209,.T.);
#2880=EDGE_CURVE('',#2137,#1979,#1210,.T.);
#2881=ORIENTED_EDGE('',*,*,#2214,.T.);
#2882=ORIENTED_EDGE('',*,*,#2215,.T.);
#2883=ORIENTED_EDGE('',*,*,#2216,.T.);
#2884=ORIENTED_EDGE('',*,*,#2217,.T.);
#2885=ORIENTED_EDGE('',*,*,#2216,.F.);
#2886=ORIENTED_EDGE('',*,*,#2218,.F.);
#2887=ORIENTED_EDGE('',*,*,#2219,.F.);
#2888=ORIENTED_EDGE('',*,*,#2220,.F.);
#2889=ORIENTED_EDGE('',*,*,#2221,.F.);
#2890=ORIENTED_EDGE('',*,*,#2222,.F.);
#2891=ORIENTED_EDGE('',*,*,#2215,.F.);
#2892=ORIENTED_EDGE('',*,*,#2223,.T.);
#2893=ORIENTED_EDGE('',*,*,#2224,.F.);
#2894=ORIENTED_EDGE('',*,*,#2225,.T.);
#2895=ORIENTED_EDGE('',*,*,#2226,.F.);
#2896=ORIENTED_EDGE('',*,*,#2218,.T.);
#2897=ORIENTED_EDGE('',*,*,#2227,.T.);
#2898=ORIENTED_EDGE('',*,*,#2228,.T.);
#2899=ORIENTED_EDGE('',*,*,#2229,.T.);
#2900=ORIENTED_EDGE('',*,*,#2230,.T.);
#2901=ORIENTED_EDGE('',*,*,#2229,.F.);
#2902=ORIENTED_EDGE('',*,*,#2231,.F.);
#2903=ORIENTED_EDGE('',*,*,#2232,.F.);
#2904=ORIENTED_EDGE('',*,*,#2233,.F.);
#2905=ORIENTED_EDGE('',*,*,#2234,.F.);
#2906=ORIENTED_EDGE('',*,*,#2235,.F.);
#2907=ORIENTED_EDGE('',*,*,#2228,.F.);
#2908=ORIENTED_EDGE('',*,*,#2236,.T.);
#2909=ORIENTED_EDGE('',*,*,#2237,.F.);
#2910=ORIENTED_EDGE('',*,*,#2238,.T.);
#2911=ORIENTED_EDGE('',*,*,#2239,.F.);
#2912=ORIENTED_EDGE('',*,*,#2231,.T.);
#2913=ORIENTED_EDGE('',*,*,#2240,.T.);
#2914=ORIENTED_EDGE('',*,*,#2241,.T.);
#2915=ORIENTED_EDGE('',*,*,#2242,.T.);
#2916=ORIENTED_EDGE('',*,*,#2243,.T.);
#2917=ORIENTED_EDGE('',*,*,#2242,.F.);
#2918=ORIENTED_EDGE('',*,*,#2244,.F.);
#2919=ORIENTED_EDGE('',*,*,#2245,.F.);
#2920=ORIENTED_EDGE('',*,*,#2246,.F.);
#2921=ORIENTED_EDGE('',*,*,#2247,.F.);
#2922=ORIENTED_EDGE('',*,*,#2248,.F.);
#2923=ORIENTED_EDGE('',*,*,#2241,.F.);
#2924=ORIENTED_EDGE('',*,*,#2249,.T.);
#2925=ORIENTED_EDGE('',*,*,#2250,.F.);
#2926=ORIENTED_EDGE('',*,*,#2251,.T.);
#2927=ORIENTED_EDGE('',*,*,#2252,.F.);
#2928=ORIENTED_EDGE('',*,*,#2244,.T.);
#2929=ORIENTED_EDGE('',*,*,#2253,.T.);
#2930=ORIENTED_EDGE('',*,*,#2254,.T.);
#2931=ORIENTED_EDGE('',*,*,#2255,.T.);
#2932=ORIENTED_EDGE('',*,*,#2256,.T.);
#2933=ORIENTED_EDGE('',*,*,#2255,.F.);
#2934=ORIENTED_EDGE('',*,*,#2257,.F.);
#2935=ORIENTED_EDGE('',*,*,#2258,.F.);
#2936=ORIENTED_EDGE('',*,*,#2259,.F.);
#2937=ORIENTED_EDGE('',*,*,#2260,.F.);
#2938=ORIENTED_EDGE('',*,*,#2261,.F.);
#2939=ORIENTED_EDGE('',*,*,#2254,.F.);
#2940=ORIENTED_EDGE('',*,*,#2262,.T.);
#2941=ORIENTED_EDGE('',*,*,#2263,.F.);
#2942=ORIENTED_EDGE('',*,*,#2264,.T.);
#2943=ORIENTED_EDGE('',*,*,#2265,.F.);
#2944=ORIENTED_EDGE('',*,*,#2257,.T.);
#2945=ORIENTED_EDGE('',*,*,#2266,.T.);
#2946=ORIENTED_EDGE('',*,*,#2267,.T.);
#2947=ORIENTED_EDGE('',*,*,#2268,.T.);
#2948=ORIENTED_EDGE('',*,*,#2269,.T.);
#2949=ORIENTED_EDGE('',*,*,#2268,.F.);
#2950=ORIENTED_EDGE('',*,*,#2270,.F.);
#2951=ORIENTED_EDGE('',*,*,#2271,.F.);
#2952=ORIENTED_EDGE('',*,*,#2272,.F.);
#2953=ORIENTED_EDGE('',*,*,#2273,.F.);
#2954=ORIENTED_EDGE('',*,*,#2274,.F.);
#2955=ORIENTED_EDGE('',*,*,#2267,.F.);
#2956=ORIENTED_EDGE('',*,*,#2275,.T.);
#2957=ORIENTED_EDGE('',*,*,#2276,.F.);
#2958=ORIENTED_EDGE('',*,*,#2277,.T.);
#2959=ORIENTED_EDGE('',*,*,#2278,.F.);
#2960=ORIENTED_EDGE('',*,*,#2270,.T.);
#2961=ORIENTED_EDGE('',*,*,#2260,.T.);
#2962=ORIENTED_EDGE('',*,*,#2279,.T.);
#2963=ORIENTED_EDGE('',*,*,#2280,.T.);
#2964=ORIENTED_EDGE('',*,*,#2281,.T.);
#2965=ORIENTED_EDGE('',*,*,#2282,.T.);
#2966=ORIENTED_EDGE('',*,*,#2283,.T.);
#2967=ORIENTED_EDGE('',*,*,#2279,.F.);
#2968=ORIENTED_EDGE('',*,*,#2259,.T.);
#2969=ORIENTED_EDGE('',*,*,#2284,.T.);
#2970=ORIENTED_EDGE('',*,*,#2282,.F.);
#2971=ORIENTED_EDGE('',*,*,#2258,.T.);
#2972=ORIENTED_EDGE('',*,*,#2265,.T.);
#2973=ORIENTED_EDGE('',*,*,#2285,.T.);
#2974=ORIENTED_EDGE('',*,*,#2286,.T.);
#2975=ORIENTED_EDGE('',*,*,#2281,.F.);
#2976=ORIENTED_EDGE('',*,*,#2287,.T.);
#2977=ORIENTED_EDGE('',*,*,#2288,.F.);
#2978=ORIENTED_EDGE('',*,*,#2289,.T.);
#2979=ORIENTED_EDGE('',*,*,#2285,.F.);
#2980=ORIENTED_EDGE('',*,*,#2264,.F.);
#2981=ORIENTED_EDGE('',*,*,#2290,.T.);
#2982=ORIENTED_EDGE('',*,*,#2291,.T.);
#2983=ORIENTED_EDGE('',*,*,#2292,.T.);
#2984=ORIENTED_EDGE('',*,*,#2293,.T.);
#2985=ORIENTED_EDGE('',*,*,#2290,.F.);
#2986=ORIENTED_EDGE('',*,*,#2263,.T.);
#2987=ORIENTED_EDGE('',*,*,#2294,.T.);
#2988=ORIENTED_EDGE('',*,*,#2295,.T.);
#2989=ORIENTED_EDGE('',*,*,#2292,.F.);
#2990=ORIENTED_EDGE('',*,*,#2296,.T.);
#2991=ORIENTED_EDGE('',*,*,#2297,.T.);
#2992=ORIENTED_EDGE('',*,*,#2294,.F.);
#2993=ORIENTED_EDGE('',*,*,#2298,.T.);
#2994=ORIENTED_EDGE('',*,*,#2288,.T.);
#2995=ORIENTED_EDGE('',*,*,#2295,.F.);
#2996=ORIENTED_EDGE('',*,*,#2299,.T.);
#2997=ORIENTED_EDGE('',*,*,#2300,.F.);
#2998=ORIENTED_EDGE('',*,*,#2301,.T.);
#2999=ORIENTED_EDGE('',*,*,#2297,.F.);
#3000=ORIENTED_EDGE('',*,*,#2287,.F.);
#3001=ORIENTED_EDGE('',*,*,#2280,.F.);
#3002=ORIENTED_EDGE('',*,*,#2302,.F.);
#3003=ORIENTED_EDGE('',*,*,#2303,.T.);
#3004=ORIENTED_EDGE('',*,*,#2304,.F.);
#3005=ORIENTED_EDGE('',*,*,#2305,.T.);
#3006=ORIENTED_EDGE('',*,*,#2306,.T.);
#3007=ORIENTED_EDGE('',*,*,#2307,.T.);
#3008=ORIENTED_EDGE('',*,*,#2308,.F.);
#3009=ORIENTED_EDGE('',*,*,#2309,.T.);
#3010=ORIENTED_EDGE('',*,*,#2310,.T.);
#3011=ORIENTED_EDGE('',*,*,#2311,.T.);
#3012=ORIENTED_EDGE('',*,*,#2312,.F.);
#3013=ORIENTED_EDGE('',*,*,#2313,.T.);
#3014=ORIENTED_EDGE('',*,*,#2314,.T.);
#3015=ORIENTED_EDGE('',*,*,#2315,.T.);
#3016=ORIENTED_EDGE('',*,*,#2316,.F.);
#3017=ORIENTED_EDGE('',*,*,#2317,.T.);
#3018=ORIENTED_EDGE('',*,*,#2318,.T.);
#3019=ORIENTED_EDGE('',*,*,#2319,.T.);
#3020=ORIENTED_EDGE('',*,*,#2320,.F.);
#3021=ORIENTED_EDGE('',*,*,#2321,.T.);
#3022=ORIENTED_EDGE('',*,*,#2322,.T.);
#3023=ORIENTED_EDGE('',*,*,#2323,.T.);
#3024=ORIENTED_EDGE('',*,*,#2324,.F.);
#3025=ORIENTED_EDGE('',*,*,#2325,.T.);
#3026=ORIENTED_EDGE('',*,*,#2326,.T.);
#3027=ORIENTED_EDGE('',*,*,#2327,.T.);
#3028=ORIENTED_EDGE('',*,*,#2328,.F.);
#3029=ORIENTED_EDGE('',*,*,#2329,.F.);
#3030=ORIENTED_EDGE('',*,*,#2330,.F.);
#3031=ORIENTED_EDGE('',*,*,#2331,.F.);
#3032=ORIENTED_EDGE('',*,*,#2332,.F.);
#3033=ORIENTED_EDGE('',*,*,#2333,.F.);
#3034=ORIENTED_EDGE('',*,*,#2334,.F.);
#3035=ORIENTED_EDGE('',*,*,#2335,.F.);
#3036=ORIENTED_EDGE('',*,*,#2336,.F.);
#3037=ORIENTED_EDGE('',*,*,#2337,.F.);
#3038=ORIENTED_EDGE('',*,*,#2338,.F.);
#3039=ORIENTED_EDGE('',*,*,#2339,.F.);
#3040=ORIENTED_EDGE('',*,*,#2340,.F.);
#3041=ORIENTED_EDGE('',*,*,#2341,.F.);
#3042=ORIENTED_EDGE('',*,*,#2342,.F.);
#3043=ORIENTED_EDGE('',*,*,#2343,.F.);
#3044=ORIENTED_EDGE('',*,*,#2344,.F.);
#3045=ORIENTED_EDGE('',*,*,#2345,.F.);
#3046=ORIENTED_EDGE('',*,*,#2299,.F.);
#3047=ORIENTED_EDGE('',*,*,#2273,.T.);
#3048=ORIENTED_EDGE('',*,*,#2346,.T.);
#3049=ORIENTED_EDGE('',*,*,#2345,.T.);
#3050=ORIENTED_EDGE('',*,*,#2347,.T.);
#3051=ORIENTED_EDGE('',*,*,#2277,.F.);
#3052=ORIENTED_EDGE('',*,*,#2348,.T.);
#3053=ORIENTED_EDGE('',*,*,#2349,.T.);
#3054=ORIENTED_EDGE('',*,*,#2350,.F.);
#3055=ORIENTED_EDGE('',*,*,#2351,.T.);
#3056=ORIENTED_EDGE('',*,*,#2352,.T.);
#3057=ORIENTED_EDGE('',*,*,#2353,.T.);
#3058=ORIENTED_EDGE('',*,*,#2348,.F.);
#3059=ORIENTED_EDGE('',*,*,#2276,.T.);
#3060=ORIENTED_EDGE('',*,*,#2354,.T.);
#3061=ORIENTED_EDGE('',*,*,#2355,.T.);
#3062=ORIENTED_EDGE('',*,*,#2352,.F.);
#3063=ORIENTED_EDGE('',*,*,#2356,.T.);
#3064=ORIENTED_EDGE('',*,*,#2343,.T.);
#3065=ORIENTED_EDGE('',*,*,#2354,.F.);
#3066=ORIENTED_EDGE('',*,*,#2357,.T.);
#3067=ORIENTED_EDGE('',*,*,#2358,.T.);
#3068=ORIENTED_EDGE('',*,*,#2344,.T.);
#3069=ORIENTED_EDGE('',*,*,#2358,.F.);
#3070=ORIENTED_EDGE('',*,*,#2359,.T.);
#3071=ORIENTED_EDGE('',*,*,#2347,.F.);
#3072=ORIENTED_EDGE('',*,*,#2360,.T.);
#3073=ORIENTED_EDGE('',*,*,#2300,.T.);
#3074=ORIENTED_EDGE('',*,*,#2346,.F.);
#3075=ORIENTED_EDGE('',*,*,#2272,.T.);
#3076=ORIENTED_EDGE('',*,*,#2361,.T.);
#3077=ORIENTED_EDGE('',*,*,#2360,.F.);
#3078=ORIENTED_EDGE('',*,*,#2271,.T.);
#3079=ORIENTED_EDGE('',*,*,#2278,.T.);
#3080=ORIENTED_EDGE('',*,*,#2350,.T.);
#3081=ORIENTED_EDGE('',*,*,#2293,.F.);
#3082=ORIENTED_EDGE('',*,*,#2301,.F.);
#3083=ORIENTED_EDGE('',*,*,#2361,.F.);
#3084=ORIENTED_EDGE('',*,*,#2349,.F.);
#3085=ORIENTED_EDGE('',*,*,#2353,.F.);
#3086=ORIENTED_EDGE('',*,*,#2362,.F.);
#3087=ORIENTED_EDGE('',*,*,#2363,.F.);
#3088=ORIENTED_EDGE('',*,*,#2364,.F.);
#3089=ORIENTED_EDGE('',*,*,#2365,.F.);
#3090=ORIENTED_EDGE('',*,*,#2366,.F.);
#3091=ORIENTED_EDGE('',*,*,#2367,.F.);
#3092=ORIENTED_EDGE('',*,*,#2368,.F.);
#3093=ORIENTED_EDGE('',*,*,#2369,.F.);
#3094=ORIENTED_EDGE('',*,*,#2370,.F.);
#3095=ORIENTED_EDGE('',*,*,#2371,.F.);
#3096=ORIENTED_EDGE('',*,*,#2372,.F.);
#3097=ORIENTED_EDGE('',*,*,#2373,.F.);
#3098=ORIENTED_EDGE('',*,*,#2374,.F.);
#3099=ORIENTED_EDGE('',*,*,#2375,.F.);
#3100=ORIENTED_EDGE('',*,*,#2376,.F.);
#3101=ORIENTED_EDGE('',*,*,#2377,.F.);
#3102=ORIENTED_EDGE('',*,*,#2378,.F.);
#3103=ORIENTED_EDGE('',*,*,#2379,.F.);
#3104=ORIENTED_EDGE('',*,*,#2380,.F.);
#3105=ORIENTED_EDGE('',*,*,#2381,.F.);
#3106=ORIENTED_EDGE('',*,*,#2382,.F.);
#3107=ORIENTED_EDGE('',*,*,#2383,.F.);
#3108=ORIENTED_EDGE('',*,*,#2384,.F.);
#3109=ORIENTED_EDGE('',*,*,#2385,.F.);
#3110=ORIENTED_EDGE('',*,*,#2386,.F.);
#3111=ORIENTED_EDGE('',*,*,#2387,.F.);
#3112=ORIENTED_EDGE('',*,*,#2388,.F.);
#3113=ORIENTED_EDGE('',*,*,#2389,.F.);
#3114=ORIENTED_EDGE('',*,*,#2390,.F.);
#3115=ORIENTED_EDGE('',*,*,#2391,.F.);
#3116=ORIENTED_EDGE('',*,*,#2392,.F.);
#3117=ORIENTED_EDGE('',*,*,#2393,.F.);
#3118=ORIENTED_EDGE('',*,*,#2394,.F.);
#3119=ORIENTED_EDGE('',*,*,#2395,.F.);
#3120=ORIENTED_EDGE('',*,*,#2396,.F.);
#3121=ORIENTED_EDGE('',*,*,#2397,.F.);
#3122=ORIENTED_EDGE('',*,*,#2398,.F.);
#3123=ORIENTED_EDGE('',*,*,#2399,.F.);
#3124=ORIENTED_EDGE('',*,*,#2400,.F.);
#3125=ORIENTED_EDGE('',*,*,#2284,.F.);
#3126=ORIENTED_EDGE('',*,*,#2289,.F.);
#3127=ORIENTED_EDGE('',*,*,#2401,.F.);
#3128=ORIENTED_EDGE('',*,*,#2247,.T.);
#3129=ORIENTED_EDGE('',*,*,#2402,.T.);
#3130=ORIENTED_EDGE('',*,*,#2341,.T.);
#3131=ORIENTED_EDGE('',*,*,#2403,.T.);
#3132=ORIENTED_EDGE('',*,*,#2251,.F.);
#3133=ORIENTED_EDGE('',*,*,#2404,.T.);
#3134=ORIENTED_EDGE('',*,*,#2364,.T.);
#3135=ORIENTED_EDGE('',*,*,#2405,.F.);
#3136=ORIENTED_EDGE('',*,*,#2406,.T.);
#3137=ORIENTED_EDGE('',*,*,#2407,.T.);
#3138=ORIENTED_EDGE('',*,*,#2365,.T.);
#3139=ORIENTED_EDGE('',*,*,#2404,.F.);
#3140=ORIENTED_EDGE('',*,*,#2250,.T.);
#3141=ORIENTED_EDGE('',*,*,#2408,.T.);
#3142=ORIENTED_EDGE('',*,*,#2409,.T.);
#3143=ORIENTED_EDGE('',*,*,#2407,.F.);
#3144=ORIENTED_EDGE('',*,*,#2410,.T.);
#3145=ORIENTED_EDGE('',*,*,#2339,.T.);
#3146=ORIENTED_EDGE('',*,*,#2408,.F.);
#3147=ORIENTED_EDGE('',*,*,#2411,.T.);
#3148=ORIENTED_EDGE('',*,*,#2412,.T.);
#3149=ORIENTED_EDGE('',*,*,#2340,.T.);
#3150=ORIENTED_EDGE('',*,*,#2412,.F.);
#3151=ORIENTED_EDGE('',*,*,#2413,.T.);
#3152=ORIENTED_EDGE('',*,*,#2403,.F.);
#3153=ORIENTED_EDGE('',*,*,#2414,.T.);
#3154=ORIENTED_EDGE('',*,*,#2415,.T.);
#3155=ORIENTED_EDGE('',*,*,#2402,.F.);
#3156=ORIENTED_EDGE('',*,*,#2246,.T.);
#3157=ORIENTED_EDGE('',*,*,#2363,.T.);
#3158=ORIENTED_EDGE('',*,*,#2414,.F.);
#3159=ORIENTED_EDGE('',*,*,#2245,.T.);
#3160=ORIENTED_EDGE('',*,*,#2252,.T.);
#3161=ORIENTED_EDGE('',*,*,#2405,.T.);
#3162=ORIENTED_EDGE('',*,*,#2355,.F.);
#3163=ORIENTED_EDGE('',*,*,#2342,.T.);
#3164=ORIENTED_EDGE('',*,*,#2415,.F.);
#3165=ORIENTED_EDGE('',*,*,#2362,.T.);
#3166=ORIENTED_EDGE('',*,*,#2234,.T.);
#3167=ORIENTED_EDGE('',*,*,#2416,.T.);
#3168=ORIENTED_EDGE('',*,*,#2337,.T.);
#3169=ORIENTED_EDGE('',*,*,#2417,.T.);
#3170=ORIENTED_EDGE('',*,*,#2238,.F.);
#3171=ORIENTED_EDGE('',*,*,#2418,.T.);
#3172=ORIENTED_EDGE('',*,*,#2368,.T.);
#3173=ORIENTED_EDGE('',*,*,#2419,.F.);
#3174=ORIENTED_EDGE('',*,*,#2420,.T.);
#3175=ORIENTED_EDGE('',*,*,#2421,.T.);
#3176=ORIENTED_EDGE('',*,*,#2369,.T.);
#3177=ORIENTED_EDGE('',*,*,#2418,.F.);
#3178=ORIENTED_EDGE('',*,*,#2237,.T.);
#3179=ORIENTED_EDGE('',*,*,#2422,.T.);
#3180=ORIENTED_EDGE('',*,*,#2423,.T.);
#3181=ORIENTED_EDGE('',*,*,#2421,.F.);
#3182=ORIENTED_EDGE('',*,*,#2424,.T.);
#3183=ORIENTED_EDGE('',*,*,#2335,.T.);
#3184=ORIENTED_EDGE('',*,*,#2422,.F.);
#3185=ORIENTED_EDGE('',*,*,#2425,.T.);
#3186=ORIENTED_EDGE('',*,*,#2426,.T.);
#3187=ORIENTED_EDGE('',*,*,#2336,.T.);
#3188=ORIENTED_EDGE('',*,*,#2426,.F.);
#3189=ORIENTED_EDGE('',*,*,#2427,.T.);
#3190=ORIENTED_EDGE('',*,*,#2417,.F.);
#3191=ORIENTED_EDGE('',*,*,#2428,.T.);
#3192=ORIENTED_EDGE('',*,*,#2429,.T.);
#3193=ORIENTED_EDGE('',*,*,#2416,.F.);
#3194=ORIENTED_EDGE('',*,*,#2233,.T.);
#3195=ORIENTED_EDGE('',*,*,#2367,.T.);
#3196=ORIENTED_EDGE('',*,*,#2428,.F.);
#3197=ORIENTED_EDGE('',*,*,#2232,.T.);
#3198=ORIENTED_EDGE('',*,*,#2239,.T.);
#3199=ORIENTED_EDGE('',*,*,#2419,.T.);
#3200=ORIENTED_EDGE('',*,*,#2409,.F.);
#3201=ORIENTED_EDGE('',*,*,#2338,.T.);
#3202=ORIENTED_EDGE('',*,*,#2429,.F.);
#3203=ORIENTED_EDGE('',*,*,#2366,.T.);
#3204=ORIENTED_EDGE('',*,*,#2221,.T.);
#3205=ORIENTED_EDGE('',*,*,#2430,.T.);
#3206=ORIENTED_EDGE('',*,*,#2333,.T.);
#3207=ORIENTED_EDGE('',*,*,#2431,.T.);
#3208=ORIENTED_EDGE('',*,*,#2225,.F.);
#3209=ORIENTED_EDGE('',*,*,#2432,.T.);
#3210=ORIENTED_EDGE('',*,*,#2372,.T.);
#3211=ORIENTED_EDGE('',*,*,#2433,.F.);
#3212=ORIENTED_EDGE('',*,*,#2434,.T.);
#3213=ORIENTED_EDGE('',*,*,#2435,.T.);
#3214=ORIENTED_EDGE('',*,*,#2373,.T.);
#3215=ORIENTED_EDGE('',*,*,#2432,.F.);
#3216=ORIENTED_EDGE('',*,*,#2224,.T.);
#3217=ORIENTED_EDGE('',*,*,#2436,.T.);
#3218=ORIENTED_EDGE('',*,*,#2437,.T.);
#3219=ORIENTED_EDGE('',*,*,#2435,.F.);
#3220=ORIENTED_EDGE('',*,*,#2438,.T.);
#3221=ORIENTED_EDGE('',*,*,#2331,.T.);
#3222=ORIENTED_EDGE('',*,*,#2436,.F.);
#3223=ORIENTED_EDGE('',*,*,#2439,.T.);
#3224=ORIENTED_EDGE('',*,*,#2440,.T.);
#3225=ORIENTED_EDGE('',*,*,#2332,.T.);
#3226=ORIENTED_EDGE('',*,*,#2440,.F.);
#3227=ORIENTED_EDGE('',*,*,#2441,.T.);
#3228=ORIENTED_EDGE('',*,*,#2431,.F.);
#3229=ORIENTED_EDGE('',*,*,#2442,.T.);
#3230=ORIENTED_EDGE('',*,*,#2443,.T.);
#3231=ORIENTED_EDGE('',*,*,#2430,.F.);
#3232=ORIENTED_EDGE('',*,*,#2220,.T.);
#3233=ORIENTED_EDGE('',*,*,#2371,.T.);
#3234=ORIENTED_EDGE('',*,*,#2442,.F.);
#3235=ORIENTED_EDGE('',*,*,#2219,.T.);
#3236=ORIENTED_EDGE('',*,*,#2226,.T.);
#3237=ORIENTED_EDGE('',*,*,#2433,.T.);
#3238=ORIENTED_EDGE('',*,*,#2423,.F.);
#3239=ORIENTED_EDGE('',*,*,#2334,.T.);
#3240=ORIENTED_EDGE('',*,*,#2443,.F.);
#3241=ORIENTED_EDGE('',*,*,#2370,.T.);
#3242=ORIENTED_EDGE('',*,*,#2217,.F.);
#3243=ORIENTED_EDGE('',*,*,#2222,.T.);
#3244=ORIENTED_EDGE('',*,*,#2441,.F.);
#3245=ORIENTED_EDGE('',*,*,#2444,.T.);
#3246=ORIENTED_EDGE('',*,*,#2230,.F.);
#3247=ORIENTED_EDGE('',*,*,#2235,.T.);
#3248=ORIENTED_EDGE('',*,*,#2427,.F.);
#3249=ORIENTED_EDGE('',*,*,#2445,.T.);
#3250=ORIENTED_EDGE('',*,*,#2243,.F.);
#3251=ORIENTED_EDGE('',*,*,#2248,.T.);
#3252=ORIENTED_EDGE('',*,*,#2413,.F.);
#3253=ORIENTED_EDGE('',*,*,#2446,.T.);
#3254=ORIENTED_EDGE('',*,*,#2269,.F.);
#3255=ORIENTED_EDGE('',*,*,#2274,.T.);
#3256=ORIENTED_EDGE('',*,*,#2359,.F.);
#3257=ORIENTED_EDGE('',*,*,#2447,.T.);
#3258=ORIENTED_EDGE('',*,*,#2256,.F.);
#3259=ORIENTED_EDGE('',*,*,#2261,.T.);
#3260=ORIENTED_EDGE('',*,*,#2286,.F.);
#3261=ORIENTED_EDGE('',*,*,#2448,.T.);
#3262=ORIENTED_EDGE('',*,*,#2253,.F.);
#3263=ORIENTED_EDGE('',*,*,#2448,.F.);
#3264=ORIENTED_EDGE('',*,*,#2298,.F.);
#3265=ORIENTED_EDGE('',*,*,#2296,.F.);
#3266=ORIENTED_EDGE('',*,*,#2291,.F.);
#3267=ORIENTED_EDGE('',*,*,#2262,.F.);
#3268=ORIENTED_EDGE('',*,*,#2283,.F.);
#3269=ORIENTED_EDGE('',*,*,#2400,.T.);
#3270=ORIENTED_EDGE('',*,*,#2449,.T.);
#3271=ORIENTED_EDGE('',*,*,#2302,.T.);
#3272=ORIENTED_EDGE('',*,*,#2214,.F.);
#3273=ORIENTED_EDGE('',*,*,#2444,.F.);
#3274=ORIENTED_EDGE('',*,*,#2439,.F.);
#3275=ORIENTED_EDGE('',*,*,#2438,.F.);
#3276=ORIENTED_EDGE('',*,*,#2434,.F.);
#3277=ORIENTED_EDGE('',*,*,#2223,.F.);
#3278=ORIENTED_EDGE('',*,*,#2437,.F.);
#3279=ORIENTED_EDGE('',*,*,#2330,.T.);
#3280=ORIENTED_EDGE('',*,*,#2450,.T.);
#3281=ORIENTED_EDGE('',*,*,#2374,.T.);
#3282=ORIENTED_EDGE('',*,*,#2266,.F.);
#3283=ORIENTED_EDGE('',*,*,#2447,.F.);
#3284=ORIENTED_EDGE('',*,*,#2357,.F.);
#3285=ORIENTED_EDGE('',*,*,#2356,.F.);
#3286=ORIENTED_EDGE('',*,*,#2351,.F.);
#3287=ORIENTED_EDGE('',*,*,#2275,.F.);
#3288=ORIENTED_EDGE('',*,*,#2227,.F.);
#3289=ORIENTED_EDGE('',*,*,#2445,.F.);
#3290=ORIENTED_EDGE('',*,*,#2425,.F.);
#3291=ORIENTED_EDGE('',*,*,#2424,.F.);
#3292=ORIENTED_EDGE('',*,*,#2420,.F.);
#3293=ORIENTED_EDGE('',*,*,#2236,.F.);
#3294=ORIENTED_EDGE('',*,*,#2240,.F.);
#3295=ORIENTED_EDGE('',*,*,#2446,.F.);
#3296=ORIENTED_EDGE('',*,*,#2411,.F.);
#3297=ORIENTED_EDGE('',*,*,#2410,.F.);
#3298=ORIENTED_EDGE('',*,*,#2406,.F.);
#3299=ORIENTED_EDGE('',*,*,#2249,.F.);
#3300=ORIENTED_EDGE('',*,*,#2451,.T.);
#3301=ORIENTED_EDGE('',*,*,#2452,.T.);
#3302=ORIENTED_EDGE('',*,*,#2453,.T.);
#3303=ORIENTED_EDGE('',*,*,#2320,.T.);
#3304=ORIENTED_EDGE('',*,*,#2454,.T.);
#3305=ORIENTED_EDGE('',*,*,#2308,.T.);
#3306=ORIENTED_EDGE('',*,*,#2455,.T.);
#3307=ORIENTED_EDGE('',*,*,#2456,.T.);
#3308=ORIENTED_EDGE('',*,*,#2457,.T.);
#3309=ORIENTED_EDGE('',*,*,#2324,.T.);
#3310=ORIENTED_EDGE('',*,*,#2458,.T.);
#3311=ORIENTED_EDGE('',*,*,#2459,.T.);
#3312=ORIENTED_EDGE('',*,*,#2460,.T.);
#3313=ORIENTED_EDGE('',*,*,#2461,.T.);
#3314=ORIENTED_EDGE('',*,*,#2462,.T.);
#3315=ORIENTED_EDGE('',*,*,#2463,.T.);
#3316=ORIENTED_EDGE('',*,*,#2464,.T.);
#3317=ORIENTED_EDGE('',*,*,#2465,.T.);
#3318=ORIENTED_EDGE('',*,*,#2466,.T.);
#3319=ORIENTED_EDGE('',*,*,#2467,.T.);
#3320=ORIENTED_EDGE('',*,*,#2468,.T.);
#3321=ORIENTED_EDGE('',*,*,#2469,.T.);
#3322=ORIENTED_EDGE('',*,*,#2470,.T.);
#3323=ORIENTED_EDGE('',*,*,#2304,.T.);
#3324=ORIENTED_EDGE('',*,*,#2471,.T.);
#3325=ORIENTED_EDGE('',*,*,#2472,.T.);
#3326=ORIENTED_EDGE('',*,*,#2473,.T.);
#3327=ORIENTED_EDGE('',*,*,#2474,.T.);
#3328=ORIENTED_EDGE('',*,*,#2475,.T.);
#3329=ORIENTED_EDGE('',*,*,#2476,.T.);
#3330=ORIENTED_EDGE('',*,*,#2477,.T.);
#3331=ORIENTED_EDGE('',*,*,#2328,.T.);
#3332=ORIENTED_EDGE('',*,*,#2478,.T.);
#3333=ORIENTED_EDGE('',*,*,#2312,.T.);
#3334=ORIENTED_EDGE('',*,*,#2479,.T.);
#3335=ORIENTED_EDGE('',*,*,#2480,.T.);
#3336=ORIENTED_EDGE('',*,*,#2481,.T.);
#3337=ORIENTED_EDGE('',*,*,#2482,.T.);
#3338=ORIENTED_EDGE('',*,*,#2483,.T.);
#3339=ORIENTED_EDGE('',*,*,#2316,.T.);
#3340=ORIENTED_EDGE('',*,*,#2484,.T.);
#3341=ORIENTED_EDGE('',*,*,#2469,.F.);
#3342=ORIENTED_EDGE('',*,*,#2485,.F.);
#3343=ORIENTED_EDGE('',*,*,#2486,.F.);
#3344=ORIENTED_EDGE('',*,*,#2487,.T.);
#3345=ORIENTED_EDGE('',*,*,#2488,.F.);
#3346=ORIENTED_EDGE('',*,*,#2489,.T.);
#3347=ORIENTED_EDGE('',*,*,#2452,.F.);
#3348=ORIENTED_EDGE('',*,*,#2490,.T.);
#3349=ORIENTED_EDGE('',*,*,#2456,.F.);
#3350=ORIENTED_EDGE('',*,*,#2491,.T.);
#3351=ORIENTED_EDGE('',*,*,#2492,.F.);
#3352=ORIENTED_EDGE('',*,*,#2493,.T.);
#3353=ORIENTED_EDGE('',*,*,#2459,.F.);
#3354=ORIENTED_EDGE('',*,*,#2494,.T.);
#3355=ORIENTED_EDGE('',*,*,#2495,.F.);
#3356=ORIENTED_EDGE('',*,*,#2496,.T.);
#3357=ORIENTED_EDGE('',*,*,#2497,.F.);
#3358=ORIENTED_EDGE('',*,*,#2498,.T.);
#3359=ORIENTED_EDGE('',*,*,#2461,.F.);
#3360=ORIENTED_EDGE('',*,*,#2499,.T.);
#3361=ORIENTED_EDGE('',*,*,#2480,.F.);
#3362=ORIENTED_EDGE('',*,*,#2500,.T.);
#3363=ORIENTED_EDGE('',*,*,#2501,.F.);
#3364=ORIENTED_EDGE('',*,*,#2502,.T.);
#3365=ORIENTED_EDGE('',*,*,#2503,.F.);
#3366=ORIENTED_EDGE('',*,*,#2504,.T.);
#3367=ORIENTED_EDGE('',*,*,#2482,.F.);
#3368=ORIENTED_EDGE('',*,*,#2505,.F.);
#3369=ORIENTED_EDGE('',*,*,#2506,.T.);
#3370=ORIENTED_EDGE('',*,*,#2507,.T.);
#3371=ORIENTED_EDGE('',*,*,#2508,.T.);
#3372=ORIENTED_EDGE('',*,*,#2509,.F.);
#3373=ORIENTED_EDGE('',*,*,#2508,.F.);
#3374=ORIENTED_EDGE('',*,*,#2510,.F.);
#3375=ORIENTED_EDGE('',*,*,#2511,.F.);
#3376=ORIENTED_EDGE('',*,*,#2512,.F.);
#3377=ORIENTED_EDGE('',*,*,#2513,.F.);
#3378=ORIENTED_EDGE('',*,*,#2514,.F.);
#3379=ORIENTED_EDGE('',*,*,#2515,.F.);
#3380=ORIENTED_EDGE('',*,*,#2516,.T.);
#3381=ORIENTED_EDGE('',*,*,#2517,.F.);
#3382=ORIENTED_EDGE('',*,*,#2518,.F.);
#3383=ORIENTED_EDGE('',*,*,#2519,.F.);
#3384=ORIENTED_EDGE('',*,*,#2520,.F.);
#3385=ORIENTED_EDGE('',*,*,#2521,.F.);
#3386=ORIENTED_EDGE('',*,*,#2522,.F.);
#3387=ORIENTED_EDGE('',*,*,#2506,.F.);
#3388=ORIENTED_EDGE('',*,*,#2523,.T.);
#3389=ORIENTED_EDGE('',*,*,#2511,.T.);
#3390=ORIENTED_EDGE('',*,*,#2524,.T.);
#3391=ORIENTED_EDGE('',*,*,#2521,.T.);
#3392=ORIENTED_EDGE('',*,*,#2525,.T.);
#3393=ORIENTED_EDGE('',*,*,#2526,.T.);
#3394=ORIENTED_EDGE('',*,*,#2401,.T.);
#3395=ORIENTED_EDGE('',*,*,#2526,.F.);
#3396=ORIENTED_EDGE('',*,*,#2527,.F.);
#3397=ORIENTED_EDGE('',*,*,#2528,.T.);
#3398=ORIENTED_EDGE('',*,*,#2525,.F.);
#3399=ORIENTED_EDGE('',*,*,#2528,.F.);
#3400=ORIENTED_EDGE('',*,*,#2529,.T.);
#3401=ORIENTED_EDGE('',*,*,#2530,.T.);
#3402=ORIENTED_EDGE('',*,*,#2531,.T.);
#3403=ORIENTED_EDGE('',*,*,#2532,.T.);
#3404=ORIENTED_EDGE('',*,*,#2530,.F.);
#3405=ORIENTED_EDGE('',*,*,#2527,.T.);
#3406=ORIENTED_EDGE('',*,*,#2529,.F.);
#3407=ORIENTED_EDGE('',*,*,#2533,.F.);
#3408=ORIENTED_EDGE('',*,*,#2534,.T.);
#3409=ORIENTED_EDGE('',*,*,#2531,.F.);
#3410=ORIENTED_EDGE('',*,*,#2532,.F.);
#3411=ORIENTED_EDGE('',*,*,#2534,.F.);
#3412=ORIENTED_EDGE('',*,*,#2535,.T.);
#3413=ORIENTED_EDGE('',*,*,#2536,.T.);
#3414=ORIENTED_EDGE('',*,*,#2533,.T.);
#3415=ORIENTED_EDGE('',*,*,#2536,.F.);
#3416=ORIENTED_EDGE('',*,*,#2537,.F.);
#3417=ORIENTED_EDGE('',*,*,#2538,.F.);
#3418=ORIENTED_EDGE('',*,*,#2539,.F.);
#3419=ORIENTED_EDGE('',*,*,#2540,.F.);
#3420=ORIENTED_EDGE('',*,*,#2541,.F.);
#3421=ORIENTED_EDGE('',*,*,#2542,.F.);
#3422=ORIENTED_EDGE('',*,*,#2543,.F.);
#3423=ORIENTED_EDGE('',*,*,#2544,.F.);
#3424=ORIENTED_EDGE('',*,*,#2545,.F.);
#3425=ORIENTED_EDGE('',*,*,#2546,.F.);
#3426=ORIENTED_EDGE('',*,*,#2547,.F.);
#3427=ORIENTED_EDGE('',*,*,#2548,.F.);
#3428=ORIENTED_EDGE('',*,*,#2549,.F.);
#3429=ORIENTED_EDGE('',*,*,#2550,.F.);
#3430=ORIENTED_EDGE('',*,*,#2551,.F.);
#3431=ORIENTED_EDGE('',*,*,#2552,.F.);
#3432=ORIENTED_EDGE('',*,*,#2553,.F.);
#3433=ORIENTED_EDGE('',*,*,#2554,.F.);
#3434=ORIENTED_EDGE('',*,*,#2555,.F.);
#3435=ORIENTED_EDGE('',*,*,#2556,.F.);
#3436=ORIENTED_EDGE('',*,*,#2557,.F.);
#3437=ORIENTED_EDGE('',*,*,#2558,.F.);
#3438=ORIENTED_EDGE('',*,*,#2559,.F.);
#3439=ORIENTED_EDGE('',*,*,#2560,.F.);
#3440=ORIENTED_EDGE('',*,*,#2561,.F.);
#3441=ORIENTED_EDGE('',*,*,#2562,.F.);
#3442=ORIENTED_EDGE('',*,*,#2535,.F.);
#3443=ORIENTED_EDGE('',*,*,#2524,.F.);
#3444=ORIENTED_EDGE('',*,*,#2510,.T.);
#3445=ORIENTED_EDGE('',*,*,#2507,.F.);
#3446=ORIENTED_EDGE('',*,*,#2522,.T.);
#3447=ORIENTED_EDGE('',*,*,#2563,.T.);
#3448=ORIENTED_EDGE('',*,*,#2564,.T.);
#3449=ORIENTED_EDGE('',*,*,#2565,.T.);
#3450=ORIENTED_EDGE('',*,*,#2566,.T.);
#3451=ORIENTED_EDGE('',*,*,#2388,.T.);
#3452=ORIENTED_EDGE('',*,*,#2567,.F.);
#3453=ORIENTED_EDGE('',*,*,#2568,.F.);
#3454=ORIENTED_EDGE('',*,*,#2569,.F.);
#3455=ORIENTED_EDGE('',*,*,#2386,.T.);
#3456=ORIENTED_EDGE('',*,*,#2570,.F.);
#3457=ORIENTED_EDGE('',*,*,#2571,.F.);
#3458=ORIENTED_EDGE('',*,*,#2572,.F.);
#3459=ORIENTED_EDGE('',*,*,#2573,.T.);
#3460=ORIENTED_EDGE('',*,*,#2574,.T.);
#3461=ORIENTED_EDGE('',*,*,#2570,.T.);
#3462=ORIENTED_EDGE('',*,*,#2385,.T.);
#3463=ORIENTED_EDGE('',*,*,#2575,.T.);
#3464=ORIENTED_EDGE('',*,*,#2515,.T.);
#3465=ORIENTED_EDGE('',*,*,#2571,.T.);
#3466=ORIENTED_EDGE('',*,*,#2576,.T.);
#3467=ORIENTED_EDGE('',*,*,#2567,.T.);
#3468=ORIENTED_EDGE('',*,*,#2387,.T.);
#3469=ORIENTED_EDGE('',*,*,#2572,.T.);
#3470=ORIENTED_EDGE('',*,*,#2514,.T.);
#3471=ORIENTED_EDGE('',*,*,#2577,.T.);
#3472=ORIENTED_EDGE('',*,*,#2578,.T.);
#3473=ORIENTED_EDGE('',*,*,#2568,.T.);
#3474=ORIENTED_EDGE('',*,*,#2513,.T.);
#3475=ORIENTED_EDGE('',*,*,#2579,.T.);
#3476=ORIENTED_EDGE('',*,*,#2389,.T.);
#3477=ORIENTED_EDGE('',*,*,#2569,.T.);
#3478=ORIENTED_EDGE('',*,*,#2580,.T.);
#3479=ORIENTED_EDGE('',*,*,#2573,.F.);
#3480=ORIENTED_EDGE('',*,*,#2581,.T.);
#3481=ORIENTED_EDGE('',*,*,#2563,.F.);
#3482=ORIENTED_EDGE('',*,*,#2582,.T.);
#3483=ORIENTED_EDGE('',*,*,#2583,.T.);
#3484=ORIENTED_EDGE('',*,*,#2584,.T.);
#3485=ORIENTED_EDGE('',*,*,#2585,.T.);
#3486=ORIENTED_EDGE('',*,*,#2582,.F.);
#3487=ORIENTED_EDGE('',*,*,#2586,.T.);
#3488=ORIENTED_EDGE('',*,*,#2579,.F.);
#3489=ORIENTED_EDGE('',*,*,#2581,.F.);
#3490=ORIENTED_EDGE('',*,*,#2384,.T.);
#3491=ORIENTED_EDGE('',*,*,#2587,.T.);
#3492=ORIENTED_EDGE('',*,*,#2588,.T.);
#3493=ORIENTED_EDGE('',*,*,#2586,.F.);
#3494=ORIENTED_EDGE('',*,*,#2589,.T.);
#3495=ORIENTED_EDGE('',*,*,#2590,.T.);
#3496=ORIENTED_EDGE('',*,*,#2390,.T.);
#3497=ORIENTED_EDGE('',*,*,#2591,.T.);
#3498=ORIENTED_EDGE('',*,*,#2564,.F.);
#3499=ORIENTED_EDGE('',*,*,#2588,.F.);
#3500=ORIENTED_EDGE('',*,*,#2592,.T.);
#3501=ORIENTED_EDGE('',*,*,#2474,.F.);
#3502=ORIENTED_EDGE('',*,*,#2593,.F.);
#3503=ORIENTED_EDGE('',*,*,#2589,.F.);
#3504=ORIENTED_EDGE('',*,*,#2585,.F.);
#3505=ORIENTED_EDGE('',*,*,#2594,.T.);
#3506=ORIENTED_EDGE('',*,*,#2595,.T.);
#3507=ORIENTED_EDGE('',*,*,#2596,.F.);
#3508=ORIENTED_EDGE('',*,*,#2597,.T.);
#3509=ORIENTED_EDGE('',*,*,#2598,.F.);
#3510=ORIENTED_EDGE('',*,*,#2599,.T.);
#3511=ORIENTED_EDGE('',*,*,#2600,.T.);
#3512=ORIENTED_EDGE('',*,*,#2601,.T.);
#3513=ORIENTED_EDGE('',*,*,#2602,.T.);
#3514=ORIENTED_EDGE('',*,*,#2603,.T.);
#3515=ORIENTED_EDGE('',*,*,#2604,.F.);
#3516=ORIENTED_EDGE('',*,*,#2605,.F.);
#3517=ORIENTED_EDGE('',*,*,#2606,.F.);
#3518=ORIENTED_EDGE('',*,*,#2607,.T.);
#3519=ORIENTED_EDGE('',*,*,#2608,.T.);
#3520=ORIENTED_EDGE('',*,*,#2605,.T.);
#3521=ORIENTED_EDGE('',*,*,#2609,.T.);
#3522=ORIENTED_EDGE('',*,*,#2610,.T.);
#3523=ORIENTED_EDGE('',*,*,#2557,.T.);
#3524=ORIENTED_EDGE('',*,*,#2606,.T.);
#3525=ORIENTED_EDGE('',*,*,#2611,.T.);
#3526=ORIENTED_EDGE('',*,*,#2612,.F.);
#3527=ORIENTED_EDGE('',*,*,#2613,.F.);
#3528=ORIENTED_EDGE('',*,*,#2614,.F.);
#3529=ORIENTED_EDGE('',*,*,#2615,.T.);
#3530=ORIENTED_EDGE('',*,*,#2616,.T.);
#3531=ORIENTED_EDGE('',*,*,#2613,.T.);
#3532=ORIENTED_EDGE('',*,*,#2551,.T.);
#3533=ORIENTED_EDGE('',*,*,#2617,.T.);
#3534=ORIENTED_EDGE('',*,*,#2618,.T.);
#3535=ORIENTED_EDGE('',*,*,#2614,.T.);
#3536=ORIENTED_EDGE('',*,*,#2619,.T.);
#3537=ORIENTED_EDGE('',*,*,#2620,.T.);
#3538=ORIENTED_EDGE('',*,*,#2552,.T.);
#3539=ORIENTED_EDGE('',*,*,#2612,.T.);
#3540=ORIENTED_EDGE('',*,*,#2621,.T.);
#3541=ORIENTED_EDGE('',*,*,#2620,.F.);
#3542=ORIENTED_EDGE('',*,*,#2622,.T.);
#3543=ORIENTED_EDGE('',*,*,#2623,.T.);
#3544=ORIENTED_EDGE('',*,*,#2553,.T.);
#3545=ORIENTED_EDGE('',*,*,#2624,.T.);
#3546=ORIENTED_EDGE('',*,*,#2554,.T.);
#3547=ORIENTED_EDGE('',*,*,#2623,.F.);
#3548=ORIENTED_EDGE('',*,*,#2518,.T.);
#3549=ORIENTED_EDGE('',*,*,#2624,.F.);
#3550=ORIENTED_EDGE('',*,*,#2625,.T.);
#3551=ORIENTED_EDGE('',*,*,#2626,.T.);
#3552=ORIENTED_EDGE('',*,*,#2555,.T.);
#3553=ORIENTED_EDGE('',*,*,#2626,.F.);
#3554=ORIENTED_EDGE('',*,*,#2627,.T.);
#3555=ORIENTED_EDGE('',*,*,#2604,.T.);
#3556=ORIENTED_EDGE('',*,*,#2556,.T.);
#3557=ORIENTED_EDGE('',*,*,#2628,.T.);
#3558=ORIENTED_EDGE('',*,*,#2617,.F.);
#3559=ORIENTED_EDGE('',*,*,#2629,.T.);
#3560=ORIENTED_EDGE('',*,*,#2603,.F.);
#3561=ORIENTED_EDGE('',*,*,#2601,.F.);
#3562=ORIENTED_EDGE('',*,*,#2630,.T.);
#3563=ORIENTED_EDGE('',*,*,#2631,.T.);
#3564=ORIENTED_EDGE('',*,*,#2632,.T.);
#3565=ORIENTED_EDGE('',*,*,#2633,.T.);
#3566=ORIENTED_EDGE('',*,*,#2631,.F.);
#3567=ORIENTED_EDGE('',*,*,#2634,.T.);
#3568=ORIENTED_EDGE('',*,*,#2635,.F.);
#3569=ORIENTED_EDGE('',*,*,#2636,.T.);
#3570=ORIENTED_EDGE('',*,*,#2607,.F.);
#3571=ORIENTED_EDGE('',*,*,#2637,.T.);
#3572=ORIENTED_EDGE('',*,*,#2635,.T.);
#3573=ORIENTED_EDGE('',*,*,#2638,.T.);
#3574=ORIENTED_EDGE('',*,*,#2549,.T.);
#3575=ORIENTED_EDGE('',*,*,#2639,.T.);
#3576=ORIENTED_EDGE('',*,*,#2640,.T.);
#3577=ORIENTED_EDGE('',*,*,#2638,.F.);
#3578=ORIENTED_EDGE('',*,*,#2641,.T.);
#3579=ORIENTED_EDGE('',*,*,#2615,.F.);
#3580=ORIENTED_EDGE('',*,*,#2550,.T.);
#3581=ORIENTED_EDGE('',*,*,#2642,.T.);
#3582=ORIENTED_EDGE('',*,*,#2643,.T.);
#3583=ORIENTED_EDGE('',*,*,#2644,.T.);
#3584=ORIENTED_EDGE('',*,*,#2547,.T.);
#3585=ORIENTED_EDGE('',*,*,#2644,.F.);
#3586=ORIENTED_EDGE('',*,*,#2645,.T.);
#3587=ORIENTED_EDGE('',*,*,#2639,.F.);
#3588=ORIENTED_EDGE('',*,*,#2548,.T.);
#3589=ORIENTED_EDGE('',*,*,#2646,.T.);
#3590=ORIENTED_EDGE('',*,*,#2545,.T.);
#3591=ORIENTED_EDGE('',*,*,#2647,.T.);
#3592=ORIENTED_EDGE('',*,*,#2648,.T.);
#3593=ORIENTED_EDGE('',*,*,#2646,.F.);
#3594=ORIENTED_EDGE('',*,*,#2649,.T.);
#3595=ORIENTED_EDGE('',*,*,#2642,.F.);
#3596=ORIENTED_EDGE('',*,*,#2546,.T.);
#3597=ORIENTED_EDGE('',*,*,#2650,.T.);
#3598=ORIENTED_EDGE('',*,*,#2651,.T.);
#3599=ORIENTED_EDGE('',*,*,#2652,.T.);
#3600=ORIENTED_EDGE('',*,*,#2543,.T.);
#3601=ORIENTED_EDGE('',*,*,#2652,.F.);
#3602=ORIENTED_EDGE('',*,*,#2653,.T.);
#3603=ORIENTED_EDGE('',*,*,#2647,.F.);
#3604=ORIENTED_EDGE('',*,*,#2544,.T.);
#3605=ORIENTED_EDGE('',*,*,#2654,.T.);
#3606=ORIENTED_EDGE('',*,*,#2541,.T.);
#3607=ORIENTED_EDGE('',*,*,#2655,.T.);
#3608=ORIENTED_EDGE('',*,*,#2656,.T.);
#3609=ORIENTED_EDGE('',*,*,#2654,.F.);
#3610=ORIENTED_EDGE('',*,*,#2657,.T.);
#3611=ORIENTED_EDGE('',*,*,#2650,.F.);
#3612=ORIENTED_EDGE('',*,*,#2542,.T.);
#3613=ORIENTED_EDGE('',*,*,#2658,.T.);
#3614=ORIENTED_EDGE('',*,*,#2659,.T.);
#3615=ORIENTED_EDGE('',*,*,#2660,.T.);
#3616=ORIENTED_EDGE('',*,*,#2539,.T.);
#3617=ORIENTED_EDGE('',*,*,#2660,.F.);
#3618=ORIENTED_EDGE('',*,*,#2661,.T.);
#3619=ORIENTED_EDGE('',*,*,#2655,.F.);
#3620=ORIENTED_EDGE('',*,*,#2540,.T.);
#3621=ORIENTED_EDGE('',*,*,#2662,.T.);
#3622=ORIENTED_EDGE('',*,*,#2537,.T.);
#3623=ORIENTED_EDGE('',*,*,#2663,.T.);
#3624=ORIENTED_EDGE('',*,*,#2664,.T.);
#3625=ORIENTED_EDGE('',*,*,#2662,.F.);
#3626=ORIENTED_EDGE('',*,*,#2665,.T.);
#3627=ORIENTED_EDGE('',*,*,#2658,.F.);
#3628=ORIENTED_EDGE('',*,*,#2538,.T.);
#3629=ORIENTED_EDGE('',*,*,#2610,.F.);
#3630=ORIENTED_EDGE('',*,*,#2666,.T.);
#3631=ORIENTED_EDGE('',*,*,#2663,.F.);
#3632=ORIENTED_EDGE('',*,*,#2558,.T.);
#3633=ORIENTED_EDGE('',*,*,#2609,.F.);
#3634=ORIENTED_EDGE('',*,*,#2627,.F.);
#3635=ORIENTED_EDGE('',*,*,#2667,.F.);
#3636=ORIENTED_EDGE('',*,*,#2668,.F.);
#3637=ORIENTED_EDGE('',*,*,#2599,.F.);
#3638=ORIENTED_EDGE('',*,*,#2669,.F.);
#3639=ORIENTED_EDGE('',*,*,#2625,.F.);
#3640=ORIENTED_EDGE('',*,*,#2517,.T.);
#3641=ORIENTED_EDGE('',*,*,#2670,.T.);
#3642=ORIENTED_EDGE('',*,*,#2667,.T.);
#3643=ORIENTED_EDGE('',*,*,#2622,.F.);
#3644=ORIENTED_EDGE('',*,*,#2671,.T.);
#3645=ORIENTED_EDGE('',*,*,#2672,.T.);
#3646=ORIENTED_EDGE('',*,*,#2519,.T.);
#3647=ORIENTED_EDGE('',*,*,#2621,.F.);
#3648=ORIENTED_EDGE('',*,*,#2618,.F.);
#3649=ORIENTED_EDGE('',*,*,#2673,.F.);
#3650=ORIENTED_EDGE('',*,*,#2595,.F.);
#3651=ORIENTED_EDGE('',*,*,#2674,.F.);
#3652=ORIENTED_EDGE('',*,*,#2671,.F.);
#3653=ORIENTED_EDGE('',*,*,#2645,.F.);
#3654=ORIENTED_EDGE('',*,*,#2643,.F.);
#3655=ORIENTED_EDGE('',*,*,#2649,.F.);
#3656=ORIENTED_EDGE('',*,*,#2675,.F.);
#3657=ORIENTED_EDGE('',*,*,#2676,.F.);
#3658=ORIENTED_EDGE('',*,*,#2677,.T.);
#3659=ORIENTED_EDGE('',*,*,#2678,.F.);
#3660=ORIENTED_EDGE('',*,*,#2679,.F.);
#3661=ORIENTED_EDGE('',*,*,#2648,.F.);
#3662=ORIENTED_EDGE('',*,*,#2680,.T.);
#3663=ORIENTED_EDGE('',*,*,#2681,.T.);
#3664=ORIENTED_EDGE('',*,*,#2675,.T.);
#3665=ORIENTED_EDGE('',*,*,#2682,.T.);
#3666=ORIENTED_EDGE('',*,*,#2683,.T.);
#3667=ORIENTED_EDGE('',*,*,#2684,.T.);
#3668=ORIENTED_EDGE('',*,*,#2501,.T.);
#3669=ORIENTED_EDGE('',*,*,#2685,.T.);
#3670=ORIENTED_EDGE('',*,*,#2686,.T.);
#3671=ORIENTED_EDGE('',*,*,#2687,.T.);
#3672=ORIENTED_EDGE('',*,*,#2492,.T.);
#3673=ORIENTED_EDGE('',*,*,#2688,.T.);
#3674=ORIENTED_EDGE('',*,*,#2689,.T.);
#3675=ORIENTED_EDGE('',*,*,#2690,.T.);
#3676=ORIENTED_EDGE('',*,*,#2486,.T.);
#3677=ORIENTED_EDGE('',*,*,#2691,.F.);
#3678=ORIENTED_EDGE('',*,*,#2680,.F.);
#3679=ORIENTED_EDGE('',*,*,#2653,.F.);
#3680=ORIENTED_EDGE('',*,*,#2651,.F.);
#3681=ORIENTED_EDGE('',*,*,#2657,.F.);
#3682=ORIENTED_EDGE('',*,*,#2692,.F.);
#3683=ORIENTED_EDGE('',*,*,#2693,.F.);
#3684=ORIENTED_EDGE('',*,*,#2497,.T.);
#3685=ORIENTED_EDGE('',*,*,#2694,.T.);
#3686=ORIENTED_EDGE('',*,*,#2695,.T.);
#3687=ORIENTED_EDGE('',*,*,#2696,.T.);
#3688=ORIENTED_EDGE('',*,*,#2495,.T.);
#3689=ORIENTED_EDGE('',*,*,#2697,.T.);
#3690=ORIENTED_EDGE('',*,*,#2698,.T.);
#3691=ORIENTED_EDGE('',*,*,#2699,.T.);
#3692=ORIENTED_EDGE('',*,*,#2488,.T.);
#3693=ORIENTED_EDGE('',*,*,#2700,.T.);
#3694=ORIENTED_EDGE('',*,*,#2701,.T.);
#3695=ORIENTED_EDGE('',*,*,#2702,.T.);
#3696=ORIENTED_EDGE('',*,*,#2503,.T.);
#3697=ORIENTED_EDGE('',*,*,#2656,.F.);
#3698=ORIENTED_EDGE('',*,*,#2703,.T.);
#3699=ORIENTED_EDGE('',*,*,#2704,.T.);
#3700=ORIENTED_EDGE('',*,*,#2692,.T.);
#3701=ORIENTED_EDGE('',*,*,#2661,.F.);
#3702=ORIENTED_EDGE('',*,*,#2659,.F.);
#3703=ORIENTED_EDGE('',*,*,#2665,.F.);
#3704=ORIENTED_EDGE('',*,*,#2705,.F.);
#3705=ORIENTED_EDGE('',*,*,#2706,.F.);
#3706=ORIENTED_EDGE('',*,*,#2707,.T.);
#3707=ORIENTED_EDGE('',*,*,#2708,.F.);
#3708=ORIENTED_EDGE('',*,*,#2703,.F.);
#3709=ORIENTED_EDGE('',*,*,#2664,.F.);
#3710=ORIENTED_EDGE('',*,*,#2709,.T.);
#3711=ORIENTED_EDGE('',*,*,#2710,.F.);
#3712=ORIENTED_EDGE('',*,*,#2705,.T.);
#3713=ORIENTED_EDGE('',*,*,#2562,.T.);
#3714=ORIENTED_EDGE('',*,*,#2711,.T.);
#3715=ORIENTED_EDGE('',*,*,#2712,.T.);
#3716=ORIENTED_EDGE('',*,*,#2713,.T.);
#3717=ORIENTED_EDGE('',*,*,#2711,.F.);
#3718=ORIENTED_EDGE('',*,*,#2712,.F.);
#3719=ORIENTED_EDGE('',*,*,#2713,.F.);
#3720=ORIENTED_EDGE('',*,*,#2714,.T.);
#3721=ORIENTED_EDGE('',*,*,#2715,.T.);
#3722=ORIENTED_EDGE('',*,*,#2714,.F.);
#3723=ORIENTED_EDGE('',*,*,#2559,.T.);
#3724=ORIENTED_EDGE('',*,*,#2716,.T.);
#3725=ORIENTED_EDGE('',*,*,#2717,.T.);
#3726=ORIENTED_EDGE('',*,*,#2718,.T.);
#3727=ORIENTED_EDGE('',*,*,#2716,.F.);
#3728=ORIENTED_EDGE('',*,*,#2717,.F.);
#3729=ORIENTED_EDGE('',*,*,#2718,.F.);
#3730=ORIENTED_EDGE('',*,*,#2719,.T.);
#3731=ORIENTED_EDGE('',*,*,#2720,.T.);
#3732=ORIENTED_EDGE('',*,*,#2719,.F.);
#3733=ORIENTED_EDGE('',*,*,#2561,.T.);
#3734=ORIENTED_EDGE('',*,*,#2721,.T.);
#3735=ORIENTED_EDGE('',*,*,#2722,.T.);
#3736=ORIENTED_EDGE('',*,*,#2723,.T.);
#3737=ORIENTED_EDGE('',*,*,#2721,.F.);
#3738=ORIENTED_EDGE('',*,*,#2722,.F.);
#3739=ORIENTED_EDGE('',*,*,#2723,.F.);
#3740=ORIENTED_EDGE('',*,*,#2724,.T.);
#3741=ORIENTED_EDGE('',*,*,#2725,.T.);
#3742=ORIENTED_EDGE('',*,*,#2724,.F.);
#3743=ORIENTED_EDGE('',*,*,#2560,.T.);
#3744=ORIENTED_EDGE('',*,*,#2726,.T.);
#3745=ORIENTED_EDGE('',*,*,#2727,.T.);
#3746=ORIENTED_EDGE('',*,*,#2728,.T.);
#3747=ORIENTED_EDGE('',*,*,#2726,.F.);
#3748=ORIENTED_EDGE('',*,*,#2727,.F.);
#3749=ORIENTED_EDGE('',*,*,#2728,.F.);
#3750=ORIENTED_EDGE('',*,*,#2729,.T.);
#3751=ORIENTED_EDGE('',*,*,#2730,.T.);
#3752=ORIENTED_EDGE('',*,*,#2729,.F.);
#3753=ORIENTED_EDGE('',*,*,#2566,.F.);
#3754=ORIENTED_EDGE('',*,*,#2731,.F.);
#3755=ORIENTED_EDGE('',*,*,#2576,.F.);
#3756=ORIENTED_EDGE('',*,*,#2574,.F.);
#3757=ORIENTED_EDGE('',*,*,#2575,.F.);
#3758=ORIENTED_EDGE('',*,*,#2731,.T.);
#3759=ORIENTED_EDGE('',*,*,#2565,.F.);
#3760=ORIENTED_EDGE('',*,*,#2591,.F.);
#3761=ORIENTED_EDGE('',*,*,#2668,.T.);
#3762=ORIENTED_EDGE('',*,*,#2670,.F.);
#3763=ORIENTED_EDGE('',*,*,#2516,.F.);
#3764=ORIENTED_EDGE('',*,*,#2505,.T.);
#3765=ORIENTED_EDGE('',*,*,#2509,.T.);
#3766=ORIENTED_EDGE('',*,*,#2578,.F.);
#3767=ORIENTED_EDGE('',*,*,#2732,.F.);
#3768=ORIENTED_EDGE('',*,*,#2583,.F.);
#3769=ORIENTED_EDGE('',*,*,#2580,.F.);
#3770=ORIENTED_EDGE('',*,*,#2577,.F.);
#3771=ORIENTED_EDGE('',*,*,#2512,.T.);
#3772=ORIENTED_EDGE('',*,*,#2523,.F.);
#3773=ORIENTED_EDGE('',*,*,#2520,.T.);
#3774=ORIENTED_EDGE('',*,*,#2672,.F.);
#3775=ORIENTED_EDGE('',*,*,#2674,.T.);
#3776=ORIENTED_EDGE('',*,*,#2594,.F.);
#3777=ORIENTED_EDGE('',*,*,#2584,.F.);
#3778=ORIENTED_EDGE('',*,*,#2732,.T.);
#3779=ORIENTED_EDGE('',*,*,#2637,.F.);
#3780=ORIENTED_EDGE('',*,*,#2669,.T.);
#3781=ORIENTED_EDGE('',*,*,#2598,.T.);
#3782=ORIENTED_EDGE('',*,*,#2733,.T.);
#3783=ORIENTED_EDGE('',*,*,#2633,.F.);
#3784=ORIENTED_EDGE('',*,*,#2632,.F.);
#3785=ORIENTED_EDGE('',*,*,#2733,.F.);
#3786=ORIENTED_EDGE('',*,*,#2597,.F.);
#3787=ORIENTED_EDGE('',*,*,#2734,.F.);
#3788=ORIENTED_EDGE('',*,*,#2602,.F.);
#3789=ORIENTED_EDGE('',*,*,#2734,.T.);
#3790=ORIENTED_EDGE('',*,*,#2596,.T.);
#3791=ORIENTED_EDGE('',*,*,#2673,.T.);
#3792=ORIENTED_EDGE('',*,*,#2628,.F.);
#3793=ORIENTED_EDGE('',*,*,#2636,.F.);
#3794=ORIENTED_EDGE('',*,*,#2735,.T.);
#3795=ORIENTED_EDGE('',*,*,#2736,.F.);
#3796=ORIENTED_EDGE('',*,*,#2709,.F.);
#3797=ORIENTED_EDGE('',*,*,#2666,.F.);
#3798=ORIENTED_EDGE('',*,*,#2611,.F.);
#3799=ORIENTED_EDGE('',*,*,#2608,.F.);
#3800=ORIENTED_EDGE('',*,*,#2641,.F.);
#3801=ORIENTED_EDGE('',*,*,#2737,.F.);
#3802=ORIENTED_EDGE('',*,*,#2738,.F.);
#3803=ORIENTED_EDGE('',*,*,#2739,.T.);
#3804=ORIENTED_EDGE('',*,*,#2629,.F.);
#3805=ORIENTED_EDGE('',*,*,#2619,.F.);
#3806=ORIENTED_EDGE('',*,*,#2616,.F.);
#3807=ORIENTED_EDGE('',*,*,#2730,.F.);
#3808=ORIENTED_EDGE('',*,*,#2740,.T.);
#3809=ORIENTED_EDGE('',*,*,#2740,.F.);
#3810=ORIENTED_EDGE('',*,*,#2741,.T.);
#3811=ORIENTED_EDGE('',*,*,#2742,.F.);
#3812=ORIENTED_EDGE('',*,*,#2741,.F.);
#3813=ORIENTED_EDGE('',*,*,#2715,.F.);
#3814=ORIENTED_EDGE('',*,*,#2743,.T.);
#3815=ORIENTED_EDGE('',*,*,#2743,.F.);
#3816=ORIENTED_EDGE('',*,*,#2744,.T.);
#3817=ORIENTED_EDGE('',*,*,#2745,.F.);
#3818=ORIENTED_EDGE('',*,*,#2744,.F.);
#3819=ORIENTED_EDGE('',*,*,#2720,.F.);
#3820=ORIENTED_EDGE('',*,*,#2746,.T.);
#3821=ORIENTED_EDGE('',*,*,#2746,.F.);
#3822=ORIENTED_EDGE('',*,*,#2747,.T.);
#3823=ORIENTED_EDGE('',*,*,#2748,.F.);
#3824=ORIENTED_EDGE('',*,*,#2747,.F.);
#3825=ORIENTED_EDGE('',*,*,#2725,.F.);
#3826=ORIENTED_EDGE('',*,*,#2749,.T.);
#3827=ORIENTED_EDGE('',*,*,#2749,.F.);
#3828=ORIENTED_EDGE('',*,*,#2750,.T.);
#3829=ORIENTED_EDGE('',*,*,#2751,.F.);
#3830=ORIENTED_EDGE('',*,*,#2750,.F.);
#3831=ORIENTED_EDGE('',*,*,#2307,.F.);
#3832=ORIENTED_EDGE('',*,*,#2752,.F.);
#3833=ORIENTED_EDGE('',*,*,#2688,.F.);
#3834=ORIENTED_EDGE('',*,*,#2491,.F.);
#3835=ORIENTED_EDGE('',*,*,#2455,.F.);
#3836=ORIENTED_EDGE('',*,*,#2305,.F.);
#3837=ORIENTED_EDGE('',*,*,#2470,.F.);
#3838=ORIENTED_EDGE('',*,*,#2484,.F.);
#3839=ORIENTED_EDGE('',*,*,#2690,.F.);
#3840=ORIENTED_EDGE('',*,*,#2753,.T.);
#3841=ORIENTED_EDGE('',*,*,#2306,.F.);
#3842=ORIENTED_EDGE('',*,*,#2753,.F.);
#3843=ORIENTED_EDGE('',*,*,#2689,.F.);
#3844=ORIENTED_EDGE('',*,*,#2752,.T.);
#3845=ORIENTED_EDGE('',*,*,#2319,.F.);
#3846=ORIENTED_EDGE('',*,*,#2754,.F.);
#3847=ORIENTED_EDGE('',*,*,#2700,.F.);
#3848=ORIENTED_EDGE('',*,*,#2487,.F.);
#3849=ORIENTED_EDGE('',*,*,#2451,.F.);
#3850=ORIENTED_EDGE('',*,*,#2317,.F.);
#3851=ORIENTED_EDGE('',*,*,#2483,.F.);
#3852=ORIENTED_EDGE('',*,*,#2504,.F.);
#3853=ORIENTED_EDGE('',*,*,#2702,.F.);
#3854=ORIENTED_EDGE('',*,*,#2755,.T.);
#3855=ORIENTED_EDGE('',*,*,#2318,.F.);
#3856=ORIENTED_EDGE('',*,*,#2755,.F.);
#3857=ORIENTED_EDGE('',*,*,#2701,.F.);
#3858=ORIENTED_EDGE('',*,*,#2754,.T.);
#3859=ORIENTED_EDGE('',*,*,#2311,.F.);
#3860=ORIENTED_EDGE('',*,*,#2756,.F.);
#3861=ORIENTED_EDGE('',*,*,#2685,.F.);
#3862=ORIENTED_EDGE('',*,*,#2500,.F.);
#3863=ORIENTED_EDGE('',*,*,#2479,.F.);
#3864=ORIENTED_EDGE('',*,*,#2309,.F.);
#3865=ORIENTED_EDGE('',*,*,#2454,.F.);
#3866=ORIENTED_EDGE('',*,*,#2490,.F.);
#3867=ORIENTED_EDGE('',*,*,#2687,.F.);
#3868=ORIENTED_EDGE('',*,*,#2757,.T.);
#3869=ORIENTED_EDGE('',*,*,#2310,.F.);
#3870=ORIENTED_EDGE('',*,*,#2757,.F.);
#3871=ORIENTED_EDGE('',*,*,#2686,.F.);
#3872=ORIENTED_EDGE('',*,*,#2756,.T.);
#3873=ORIENTED_EDGE('',*,*,#2327,.F.);
#3874=ORIENTED_EDGE('',*,*,#2758,.F.);
#3875=ORIENTED_EDGE('',*,*,#2694,.F.);
#3876=ORIENTED_EDGE('',*,*,#2496,.F.);
#3877=ORIENTED_EDGE('',*,*,#2460,.F.);
#3878=ORIENTED_EDGE('',*,*,#2325,.F.);
#3879=ORIENTED_EDGE('',*,*,#2457,.F.);
#3880=ORIENTED_EDGE('',*,*,#2493,.F.);
#3881=ORIENTED_EDGE('',*,*,#2696,.F.);
#3882=ORIENTED_EDGE('',*,*,#2759,.T.);
#3883=ORIENTED_EDGE('',*,*,#2326,.F.);
#3884=ORIENTED_EDGE('',*,*,#2759,.F.);
#3885=ORIENTED_EDGE('',*,*,#2695,.F.);
#3886=ORIENTED_EDGE('',*,*,#2758,.T.);
#3887=ORIENTED_EDGE('',*,*,#2323,.F.);
#3888=ORIENTED_EDGE('',*,*,#2760,.F.);
#3889=ORIENTED_EDGE('',*,*,#2697,.F.);
#3890=ORIENTED_EDGE('',*,*,#2494,.F.);
#3891=ORIENTED_EDGE('',*,*,#2458,.F.);
#3892=ORIENTED_EDGE('',*,*,#2321,.F.);
#3893=ORIENTED_EDGE('',*,*,#2453,.F.);
#3894=ORIENTED_EDGE('',*,*,#2489,.F.);
#3895=ORIENTED_EDGE('',*,*,#2699,.F.);
#3896=ORIENTED_EDGE('',*,*,#2761,.T.);
#3897=ORIENTED_EDGE('',*,*,#2322,.F.);
#3898=ORIENTED_EDGE('',*,*,#2761,.F.);
#3899=ORIENTED_EDGE('',*,*,#2698,.F.);
#3900=ORIENTED_EDGE('',*,*,#2760,.T.);
#3901=ORIENTED_EDGE('',*,*,#2315,.F.);
#3902=ORIENTED_EDGE('',*,*,#2762,.F.);
#3903=ORIENTED_EDGE('',*,*,#2682,.F.);
#3904=ORIENTED_EDGE('',*,*,#2502,.F.);
#3905=ORIENTED_EDGE('',*,*,#2481,.F.);
#3906=ORIENTED_EDGE('',*,*,#2313,.F.);
#3907=ORIENTED_EDGE('',*,*,#2478,.F.);
#3908=ORIENTED_EDGE('',*,*,#2499,.F.);
#3909=ORIENTED_EDGE('',*,*,#2684,.F.);
#3910=ORIENTED_EDGE('',*,*,#2763,.T.);
#3911=ORIENTED_EDGE('',*,*,#2314,.F.);
#3912=ORIENTED_EDGE('',*,*,#2763,.F.);
#3913=ORIENTED_EDGE('',*,*,#2683,.F.);
#3914=ORIENTED_EDGE('',*,*,#2762,.T.);
#3915=ORIENTED_EDGE('',*,*,#2764,.F.);
#3916=ORIENTED_EDGE('',*,*,#2765,.F.);
#3917=ORIENTED_EDGE('',*,*,#2766,.F.);
#3918=ORIENTED_EDGE('',*,*,#2767,.F.);
#3919=ORIENTED_EDGE('',*,*,#2768,.F.);
#3920=ORIENTED_EDGE('',*,*,#2769,.F.);
#3921=ORIENTED_EDGE('',*,*,#2745,.T.);
#3922=ORIENTED_EDGE('',*,*,#2770,.F.);
#3923=ORIENTED_EDGE('',*,*,#2771,.F.);
#3924=ORIENTED_EDGE('',*,*,#2772,.F.);
#3925=ORIENTED_EDGE('',*,*,#2773,.F.);
#3926=ORIENTED_EDGE('',*,*,#2774,.F.);
#3927=ORIENTED_EDGE('',*,*,#2775,.F.);
#3928=ORIENTED_EDGE('',*,*,#2751,.T.);
#3929=ORIENTED_EDGE('',*,*,#2776,.F.);
#3930=ORIENTED_EDGE('',*,*,#2777,.F.);
#3931=ORIENTED_EDGE('',*,*,#2778,.F.);
#3932=ORIENTED_EDGE('',*,*,#2779,.F.);
#3933=ORIENTED_EDGE('',*,*,#2780,.F.);
#3934=ORIENTED_EDGE('',*,*,#2781,.F.);
#3935=ORIENTED_EDGE('',*,*,#2748,.T.);
#3936=ORIENTED_EDGE('',*,*,#2782,.F.);
#3937=ORIENTED_EDGE('',*,*,#2783,.F.);
#3938=ORIENTED_EDGE('',*,*,#2784,.F.);
#3939=ORIENTED_EDGE('',*,*,#2785,.F.);
#3940=ORIENTED_EDGE('',*,*,#2786,.F.);
#3941=ORIENTED_EDGE('',*,*,#2787,.F.);
#3942=ORIENTED_EDGE('',*,*,#2742,.T.);
#3943=ORIENTED_EDGE('',*,*,#2766,.T.);
#3944=ORIENTED_EDGE('',*,*,#2788,.T.);
#3945=ORIENTED_EDGE('',*,*,#2789,.F.);
#3946=ORIENTED_EDGE('',*,*,#2790,.F.);
#3947=ORIENTED_EDGE('',*,*,#2765,.T.);
#3948=ORIENTED_EDGE('',*,*,#2791,.T.);
#3949=ORIENTED_EDGE('',*,*,#2792,.F.);
#3950=ORIENTED_EDGE('',*,*,#2788,.F.);
#3951=ORIENTED_EDGE('',*,*,#2764,.T.);
#3952=ORIENTED_EDGE('',*,*,#2793,.F.);
#3953=ORIENTED_EDGE('',*,*,#2794,.F.);
#3954=ORIENTED_EDGE('',*,*,#2791,.F.);
#3955=ORIENTED_EDGE('',*,*,#2769,.T.);
#3956=ORIENTED_EDGE('',*,*,#2795,.T.);
#3957=ORIENTED_EDGE('',*,*,#2796,.T.);
#3958=ORIENTED_EDGE('',*,*,#2793,.T.);
#3959=ORIENTED_EDGE('',*,*,#2772,.T.);
#3960=ORIENTED_EDGE('',*,*,#2797,.T.);
#3961=ORIENTED_EDGE('',*,*,#2798,.T.);
#3962=ORIENTED_EDGE('',*,*,#2799,.T.);
#3963=ORIENTED_EDGE('',*,*,#2771,.T.);
#3964=ORIENTED_EDGE('',*,*,#2800,.T.);
#3965=ORIENTED_EDGE('',*,*,#2801,.F.);
#3966=ORIENTED_EDGE('',*,*,#2797,.F.);
#3967=ORIENTED_EDGE('',*,*,#2770,.T.);
#3968=ORIENTED_EDGE('',*,*,#2802,.T.);
#3969=ORIENTED_EDGE('',*,*,#2803,.F.);
#3970=ORIENTED_EDGE('',*,*,#2800,.F.);
#3971=ORIENTED_EDGE('',*,*,#2778,.T.);
#3972=ORIENTED_EDGE('',*,*,#2804,.T.);
#3973=ORIENTED_EDGE('',*,*,#2805,.F.);
#3974=ORIENTED_EDGE('',*,*,#2806,.F.);
#3975=ORIENTED_EDGE('',*,*,#2777,.T.);
#3976=ORIENTED_EDGE('',*,*,#2807,.T.);
#3977=ORIENTED_EDGE('',*,*,#2808,.F.);
#3978=ORIENTED_EDGE('',*,*,#2804,.F.);
#3979=ORIENTED_EDGE('',*,*,#2776,.T.);
#3980=ORIENTED_EDGE('',*,*,#2809,.F.);
#3981=ORIENTED_EDGE('',*,*,#2810,.F.);
#3982=ORIENTED_EDGE('',*,*,#2807,.F.);
#3983=ORIENTED_EDGE('',*,*,#2781,.T.);
#3984=ORIENTED_EDGE('',*,*,#2811,.T.);
#3985=ORIENTED_EDGE('',*,*,#2812,.T.);
#3986=ORIENTED_EDGE('',*,*,#2809,.T.);
#3987=ORIENTED_EDGE('',*,*,#2784,.T.);
#3988=ORIENTED_EDGE('',*,*,#2813,.T.);
#3989=ORIENTED_EDGE('',*,*,#2814,.T.);
#3990=ORIENTED_EDGE('',*,*,#2815,.T.);
#3991=ORIENTED_EDGE('',*,*,#2783,.T.);
#3992=ORIENTED_EDGE('',*,*,#2816,.T.);
#3993=ORIENTED_EDGE('',*,*,#2817,.F.);
#3994=ORIENTED_EDGE('',*,*,#2813,.F.);
#3995=ORIENTED_EDGE('',*,*,#2782,.T.);
#3996=ORIENTED_EDGE('',*,*,#2818,.T.);
#3997=ORIENTED_EDGE('',*,*,#2819,.F.);
#3998=ORIENTED_EDGE('',*,*,#2816,.F.);
#3999=ORIENTED_EDGE('',*,*,#2820,.F.);
#4000=ORIENTED_EDGE('',*,*,#2821,.F.);
#4001=ORIENTED_EDGE('',*,*,#2587,.F.);
#4002=ORIENTED_EDGE('',*,*,#2592,.F.);
#4003=ORIENTED_EDGE('',*,*,#2821,.T.);
#4004=ORIENTED_EDGE('',*,*,#2822,.T.);
#4005=ORIENTED_EDGE('',*,*,#2475,.F.);
#4006=ORIENTED_EDGE('',*,*,#2590,.F.);
#4007=ORIENTED_EDGE('',*,*,#2823,.F.);
#4008=ORIENTED_EDGE('',*,*,#2824,.F.);
#4009=ORIENTED_EDGE('',*,*,#2825,.F.);
#4010=ORIENTED_EDGE('',*,*,#2823,.T.);
#4011=ORIENTED_EDGE('',*,*,#2593,.T.);
#4012=ORIENTED_EDGE('',*,*,#2473,.F.);
#4013=ORIENTED_EDGE('',*,*,#2826,.F.);
#4014=ORIENTED_EDGE('',*,*,#2827,.F.);
#4015=ORIENTED_EDGE('',*,*,#2828,.F.);
#4016=ORIENTED_EDGE('',*,*,#2786,.T.);
#4017=ORIENTED_EDGE('',*,*,#2829,.T.);
#4018=ORIENTED_EDGE('',*,*,#2827,.T.);
#4019=ORIENTED_EDGE('',*,*,#2830,.T.);
#4020=ORIENTED_EDGE('',*,*,#2820,.T.);
#4021=ORIENTED_EDGE('',*,*,#2383,.T.);
#4022=ORIENTED_EDGE('',*,*,#2828,.T.);
#4023=ORIENTED_EDGE('',*,*,#2831,.T.);
#4024=ORIENTED_EDGE('',*,*,#2832,.F.);
#4025=ORIENTED_EDGE('',*,*,#2833,.F.);
#4026=ORIENTED_EDGE('',*,*,#2834,.F.);
#4027=ORIENTED_EDGE('',*,*,#2779,.T.);
#4028=ORIENTED_EDGE('',*,*,#2806,.T.);
#4029=ORIENTED_EDGE('',*,*,#2833,.T.);
#4030=ORIENTED_EDGE('',*,*,#2835,.T.);
#4031=ORIENTED_EDGE('',*,*,#2836,.F.);
#4032=ORIENTED_EDGE('',*,*,#2814,.F.);
#4033=ORIENTED_EDGE('',*,*,#2837,.F.);
#4034=ORIENTED_EDGE('',*,*,#2838,.T.);
#4035=ORIENTED_EDGE('',*,*,#2380,.T.);
#4036=ORIENTED_EDGE('',*,*,#2837,.T.);
#4037=ORIENTED_EDGE('',*,*,#2817,.T.);
#4038=ORIENTED_EDGE('',*,*,#2839,.T.);
#4039=ORIENTED_EDGE('',*,*,#2381,.T.);
#4040=ORIENTED_EDGE('',*,*,#2838,.F.);
#4041=ORIENTED_EDGE('',*,*,#2819,.T.);
#4042=ORIENTED_EDGE('',*,*,#2826,.T.);
#4043=ORIENTED_EDGE('',*,*,#2382,.T.);
#4044=ORIENTED_EDGE('',*,*,#2839,.F.);
#4045=ORIENTED_EDGE('',*,*,#2840,.T.);
#4046=ORIENTED_EDGE('',*,*,#2841,.F.);
#4047=ORIENTED_EDGE('',*,*,#2812,.F.);
#4048=ORIENTED_EDGE('',*,*,#2842,.F.);
#4049=ORIENTED_EDGE('',*,*,#2843,.F.);
#4050=ORIENTED_EDGE('',*,*,#2844,.F.);
#4051=ORIENTED_EDGE('',*,*,#2845,.F.);
#4052=ORIENTED_EDGE('',*,*,#2774,.T.);
#4053=ORIENTED_EDGE('',*,*,#2846,.T.);
#4054=ORIENTED_EDGE('',*,*,#2844,.T.);
#4055=ORIENTED_EDGE('',*,*,#2847,.T.);
#4056=ORIENTED_EDGE('',*,*,#2836,.T.);
#4057=ORIENTED_EDGE('',*,*,#2379,.T.);
#4058=ORIENTED_EDGE('',*,*,#2845,.T.);
#4059=ORIENTED_EDGE('',*,*,#2848,.T.);
#4060=ORIENTED_EDGE('',*,*,#2849,.F.);
#4061=ORIENTED_EDGE('',*,*,#2850,.F.);
#4062=ORIENTED_EDGE('',*,*,#2851,.F.);
#4063=ORIENTED_EDGE('',*,*,#2767,.T.);
#4064=ORIENTED_EDGE('',*,*,#2790,.T.);
#4065=ORIENTED_EDGE('',*,*,#2850,.T.);
#4066=ORIENTED_EDGE('',*,*,#2852,.T.);
#4067=ORIENTED_EDGE('',*,*,#2853,.F.);
#4068=ORIENTED_EDGE('',*,*,#2798,.F.);
#4069=ORIENTED_EDGE('',*,*,#2854,.F.);
#4070=ORIENTED_EDGE('',*,*,#2855,.T.);
#4071=ORIENTED_EDGE('',*,*,#2376,.T.);
#4072=ORIENTED_EDGE('',*,*,#2854,.T.);
#4073=ORIENTED_EDGE('',*,*,#2801,.T.);
#4074=ORIENTED_EDGE('',*,*,#2856,.T.);
#4075=ORIENTED_EDGE('',*,*,#2377,.T.);
#4076=ORIENTED_EDGE('',*,*,#2855,.F.);
#4077=ORIENTED_EDGE('',*,*,#2803,.T.);
#4078=ORIENTED_EDGE('',*,*,#2843,.T.);
#4079=ORIENTED_EDGE('',*,*,#2378,.T.);
#4080=ORIENTED_EDGE('',*,*,#2856,.F.);
#4081=ORIENTED_EDGE('',*,*,#2857,.T.);
#4082=ORIENTED_EDGE('',*,*,#2858,.F.);
#4083=ORIENTED_EDGE('',*,*,#2796,.F.);
#4084=ORIENTED_EDGE('',*,*,#2859,.F.);
#4085=ORIENTED_EDGE('',*,*,#2450,.F.);
#4086=ORIENTED_EDGE('',*,*,#2860,.F.);
#4087=ORIENTED_EDGE('',*,*,#2861,.F.);
#4088=ORIENTED_EDGE('',*,*,#2862,.F.);
#4089=ORIENTED_EDGE('',*,*,#2860,.T.);
#4090=ORIENTED_EDGE('',*,*,#2329,.T.);
#4091=ORIENTED_EDGE('',*,*,#2477,.F.);
#4092=ORIENTED_EDGE('',*,*,#2853,.T.);
#4093=ORIENTED_EDGE('',*,*,#2375,.T.);
#4094=ORIENTED_EDGE('',*,*,#2861,.T.);
#4095=ORIENTED_EDGE('',*,*,#2863,.T.);
#4096=ORIENTED_EDGE('',*,*,#2864,.F.);
#4097=ORIENTED_EDGE('',*,*,#2865,.F.);
#4098=ORIENTED_EDGE('',*,*,#2449,.F.);
#4099=ORIENTED_EDGE('',*,*,#2303,.F.);
#4100=ORIENTED_EDGE('',*,*,#2865,.T.);
#4101=ORIENTED_EDGE('',*,*,#2866,.T.);
#4102=ORIENTED_EDGE('',*,*,#2471,.F.);
#4103=ORIENTED_EDGE('',*,*,#2864,.T.);
#4104=ORIENTED_EDGE('',*,*,#2399,.T.);
#4105=ORIENTED_EDGE('',*,*,#2859,.T.);
#4106=ORIENTED_EDGE('',*,*,#2867,.T.);
#4107=ORIENTED_EDGE('',*,*,#2868,.T.);
#4108=ORIENTED_EDGE('',*,*,#2396,.T.);
#4109=ORIENTED_EDGE('',*,*,#2851,.T.);
#4110=ORIENTED_EDGE('',*,*,#2789,.T.);
#4111=ORIENTED_EDGE('',*,*,#2869,.T.);
#4112=ORIENTED_EDGE('',*,*,#2397,.T.);
#4113=ORIENTED_EDGE('',*,*,#2868,.F.);
#4114=ORIENTED_EDGE('',*,*,#2792,.T.);
#4115=ORIENTED_EDGE('',*,*,#2858,.T.);
#4116=ORIENTED_EDGE('',*,*,#2398,.T.);
#4117=ORIENTED_EDGE('',*,*,#2869,.F.);
#4118=ORIENTED_EDGE('',*,*,#2794,.T.);
#4119=ORIENTED_EDGE('',*,*,#2849,.T.);
#4120=ORIENTED_EDGE('',*,*,#2395,.T.);
#4121=ORIENTED_EDGE('',*,*,#2842,.T.);
#4122=ORIENTED_EDGE('',*,*,#2870,.T.);
#4123=ORIENTED_EDGE('',*,*,#2871,.T.);
#4124=ORIENTED_EDGE('',*,*,#2392,.T.);
#4125=ORIENTED_EDGE('',*,*,#2834,.T.);
#4126=ORIENTED_EDGE('',*,*,#2805,.T.);
#4127=ORIENTED_EDGE('',*,*,#2872,.T.);
#4128=ORIENTED_EDGE('',*,*,#2393,.T.);
#4129=ORIENTED_EDGE('',*,*,#2871,.F.);
#4130=ORIENTED_EDGE('',*,*,#2808,.T.);
#4131=ORIENTED_EDGE('',*,*,#2841,.T.);
#4132=ORIENTED_EDGE('',*,*,#2394,.T.);
#4133=ORIENTED_EDGE('',*,*,#2872,.F.);
#4134=ORIENTED_EDGE('',*,*,#2810,.T.);
#4135=ORIENTED_EDGE('',*,*,#2832,.T.);
#4136=ORIENTED_EDGE('',*,*,#2391,.T.);
#4137=ORIENTED_EDGE('',*,*,#2824,.T.);
#4138=ORIENTED_EDGE('',*,*,#2873,.T.);
#4139=ORIENTED_EDGE('',*,*,#2787,.T.);
#4140=ORIENTED_EDGE('',*,*,#2830,.F.);
#4141=ORIENTED_EDGE('',*,*,#2840,.F.);
#4142=ORIENTED_EDGE('',*,*,#2818,.F.);
#4143=ORIENTED_EDGE('',*,*,#2775,.T.);
#4144=ORIENTED_EDGE('',*,*,#2847,.F.);
#4145=ORIENTED_EDGE('',*,*,#2857,.F.);
#4146=ORIENTED_EDGE('',*,*,#2802,.F.);
#4147=ORIENTED_EDGE('',*,*,#2799,.F.);
#4148=ORIENTED_EDGE('',*,*,#2863,.F.);
#4149=ORIENTED_EDGE('',*,*,#2862,.T.);
#4150=ORIENTED_EDGE('',*,*,#2476,.F.);
#4151=ORIENTED_EDGE('',*,*,#2822,.F.);
#4152=ORIENTED_EDGE('',*,*,#2831,.F.);
#4153=ORIENTED_EDGE('',*,*,#2829,.F.);
#4154=ORIENTED_EDGE('',*,*,#2785,.T.);
#4155=ORIENTED_EDGE('',*,*,#2815,.F.);
#4156=ORIENTED_EDGE('',*,*,#2848,.F.);
#4157=ORIENTED_EDGE('',*,*,#2846,.F.);
#4158=ORIENTED_EDGE('',*,*,#2773,.T.);
#4159=ORIENTED_EDGE('',*,*,#2874,.F.);
#4160=ORIENTED_EDGE('',*,*,#2676,.T.);
#4161=ORIENTED_EDGE('',*,*,#2681,.F.);
#4162=ORIENTED_EDGE('',*,*,#2691,.T.);
#4163=ORIENTED_EDGE('',*,*,#2485,.T.);
#4164=ORIENTED_EDGE('',*,*,#2468,.F.);
#4165=ORIENTED_EDGE('',*,*,#2874,.T.);
#4166=ORIENTED_EDGE('',*,*,#2467,.F.);
#4167=ORIENTED_EDGE('',*,*,#2875,.F.);
#4168=ORIENTED_EDGE('',*,*,#2677,.F.);
#4169=ORIENTED_EDGE('',*,*,#2876,.F.);
#4170=ORIENTED_EDGE('',*,*,#2738,.T.);
#4171=ORIENTED_EDGE('',*,*,#2877,.T.);
#4172=ORIENTED_EDGE('',*,*,#2678,.T.);
#4173=ORIENTED_EDGE('',*,*,#2875,.T.);
#4174=ORIENTED_EDGE('',*,*,#2466,.F.);
#4175=ORIENTED_EDGE('',*,*,#2640,.F.);
#4176=ORIENTED_EDGE('',*,*,#2679,.T.);
#4177=ORIENTED_EDGE('',*,*,#2877,.F.);
#4178=ORIENTED_EDGE('',*,*,#2737,.T.);
#4179=ORIENTED_EDGE('',*,*,#2600,.F.);
#4180=ORIENTED_EDGE('',*,*,#2739,.F.);
#4181=ORIENTED_EDGE('',*,*,#2876,.T.);
#4182=ORIENTED_EDGE('',*,*,#2465,.F.);
#4183=ORIENTED_EDGE('',*,*,#2878,.F.);
#4184=ORIENTED_EDGE('',*,*,#2735,.F.);
#4185=ORIENTED_EDGE('',*,*,#2634,.F.);
#4186=ORIENTED_EDGE('',*,*,#2630,.F.);
#4187=ORIENTED_EDGE('',*,*,#2879,.F.);
#4188=ORIENTED_EDGE('',*,*,#2706,.T.);
#4189=ORIENTED_EDGE('',*,*,#2710,.T.);
#4190=ORIENTED_EDGE('',*,*,#2736,.T.);
#4191=ORIENTED_EDGE('',*,*,#2878,.T.);
#4192=ORIENTED_EDGE('',*,*,#2464,.F.);
#4193=ORIENTED_EDGE('',*,*,#2879,.T.);
#4194=ORIENTED_EDGE('',*,*,#2463,.F.);
#4195=ORIENTED_EDGE('',*,*,#2880,.F.);
#4196=ORIENTED_EDGE('',*,*,#2707,.F.);
#4197=ORIENTED_EDGE('',*,*,#2498,.F.);
#4198=ORIENTED_EDGE('',*,*,#2693,.T.);
#4199=ORIENTED_EDGE('',*,*,#2704,.F.);
#4200=ORIENTED_EDGE('',*,*,#2708,.T.);
#4201=ORIENTED_EDGE('',*,*,#2880,.T.);
#4202=ORIENTED_EDGE('',*,*,#2462,.F.);
#4203=ORIENTED_EDGE('',*,*,#2825,.T.);
#4204=ORIENTED_EDGE('',*,*,#2472,.F.);
#4205=ORIENTED_EDGE('',*,*,#2866,.F.);
#4206=ORIENTED_EDGE('',*,*,#2867,.F.);
#4207=ORIENTED_EDGE('',*,*,#2795,.F.);
#4208=ORIENTED_EDGE('',*,*,#2768,.T.);
#4209=ORIENTED_EDGE('',*,*,#2852,.F.);
#4210=ORIENTED_EDGE('',*,*,#2870,.F.);
#4211=ORIENTED_EDGE('',*,*,#2811,.F.);
#4212=ORIENTED_EDGE('',*,*,#2780,.T.);
#4213=ORIENTED_EDGE('',*,*,#2835,.F.);
#4214=ORIENTED_EDGE('',*,*,#2873,.F.);
#4215=CYLINDRICAL_SURFACE('',#4597,0.5);
#4216=CYLINDRICAL_SURFACE('',#4605,0.5);
#4217=CYLINDRICAL_SURFACE('',#4613,0.5);
#4218=CYLINDRICAL_SURFACE('',#4621,0.5);
#4219=CYLINDRICAL_SURFACE('',#4629,0.5);
#4220=CYLINDRICAL_SURFACE('',#4637,0.5);
#4221=CYLINDRICAL_SURFACE('',#4642,0.5);
#4222=CYLINDRICAL_SURFACE('',#4644,0.5);
#4223=CYLINDRICAL_SURFACE('',#4646,0.5);
#4224=CYLINDRICAL_SURFACE('',#4648,0.5);
#4225=CYLINDRICAL_SURFACE('',#4653,0.5);
#4226=CYLINDRICAL_SURFACE('',#4654,1.);
#4227=CYLINDRICAL_SURFACE('',#4657,0.5);
#4228=CYLINDRICAL_SURFACE('',#4660,0.5);
#4229=CYLINDRICAL_SURFACE('',#4663,0.5);
#4230=CYLINDRICAL_SURFACE('',#4668,0.5);
#4231=CYLINDRICAL_SURFACE('',#4670,0.5);
#4232=CYLINDRICAL_SURFACE('',#4672,0.5);
#4233=CYLINDRICAL_SURFACE('',#4681,0.5);
#4234=CYLINDRICAL_SURFACE('',#4684,0.5);
#4235=CYLINDRICAL_SURFACE('',#4687,0.5);
#4236=CYLINDRICAL_SURFACE('',#4692,0.5);
#4237=CYLINDRICAL_SURFACE('',#4694,0.5);
#4238=CYLINDRICAL_SURFACE('',#4697,0.5);
#4239=CYLINDRICAL_SURFACE('',#4698,1.);
#4240=CYLINDRICAL_SURFACE('',#4699,0.5);
#4241=CYLINDRICAL_SURFACE('',#4702,0.5);
#4242=CYLINDRICAL_SURFACE('',#4705,0.5);
#4243=CYLINDRICAL_SURFACE('',#4710,0.5);
#4244=CYLINDRICAL_SURFACE('',#4712,0.5);
#4245=CYLINDRICAL_SURFACE('',#4715,0.5);
#4246=CYLINDRICAL_SURFACE('',#4716,1.);
#4247=CYLINDRICAL_SURFACE('',#4717,0.5);
#4248=CYLINDRICAL_SURFACE('',#4720,0.5);
#4249=CYLINDRICAL_SURFACE('',#4723,0.5);
#4250=CYLINDRICAL_SURFACE('',#4728,0.5);
#4251=CYLINDRICAL_SURFACE('',#4730,0.5);
#4252=CYLINDRICAL_SURFACE('',#4733,0.5);
#4253=CYLINDRICAL_SURFACE('',#4734,1.);
#4254=CYLINDRICAL_SURFACE('',#4741,1.);
#4255=CYLINDRICAL_SURFACE('',#4744,1.);
#4256=CYLINDRICAL_SURFACE('',#4770,1.5);
#4257=CYLINDRICAL_SURFACE('',#4777,1.5);
#4258=CYLINDRICAL_SURFACE('',#4781,4.);
#4259=CYLINDRICAL_SURFACE('',#4788,2.);
#4260=CYLINDRICAL_SURFACE('',#4800,1.);
#4261=CYLINDRICAL_SURFACE('',#4811,1.);
#4262=CYLINDRICAL_SURFACE('',#4813,1.);
#4263=CYLINDRICAL_SURFACE('',#4815,1.);
#4264=CYLINDRICAL_SURFACE('',#4816,1.);
#4265=CYLINDRICAL_SURFACE('',#4818,1.);
#4266=CYLINDRICAL_SURFACE('',#4822,1.);
#4267=CYLINDRICAL_SURFACE('',#4827,1.);
#4268=CYLINDRICAL_SURFACE('',#4829,1.);
#4269=CYLINDRICAL_SURFACE('',#4858,1.);
#4270=CYLINDRICAL_SURFACE('',#4860,1.);
#4271=CYLINDRICAL_SURFACE('',#4866,3.);
#4272=CYLINDRICAL_SURFACE('',#4871,3.);
#4273=CYLINDRICAL_SURFACE('',#4876,3.);
#4274=CYLINDRICAL_SURFACE('',#4881,3.25);
#4275=CYLINDRICAL_SURFACE('',#4886,3.25);
#4276=CYLINDRICAL_SURFACE('',#4891,3.25);
#4277=CYLINDRICAL_SURFACE('',#4896,3.25);
#4278=CYLINDRICAL_SURFACE('',#4902,2.);
#4279=CYLINDRICAL_SURFACE('',#4904,2.);
#4280=CYLINDRICAL_SURFACE('',#4911,1.7);
#4281=CYLINDRICAL_SURFACE('',#4915,1.7);
#4282=CYLINDRICAL_SURFACE('',#4919,1.7);
#4283=CYLINDRICAL_SURFACE('',#4923,1.7);
#4284=CYLINDRICAL_SURFACE('',#4960,4.);
#4285=CYLINDRICAL_SURFACE('',#4963,1.);
#4286=CYLINDRICAL_SURFACE('',#4965,1.);
#4287=CYLINDRICAL_SURFACE('',#4968,4.);
#4288=CYLINDRICAL_SURFACE('',#4971,4.);
#4289=CYLINDRICAL_SURFACE('',#4974,1.);
#4290=CYLINDRICAL_SURFACE('',#4976,1.);
#4291=CYLINDRICAL_SURFACE('',#4979,4.);
#4292=CYLINDRICAL_SURFACE('',#4984,1.);
#4293=CYLINDRICAL_SURFACE('',#4988,1.);
#4294=CYLINDRICAL_SURFACE('',#4993,1.);
#4295=CYLINDRICAL_SURFACE('',#4994,1.);
#4296=CYLINDRICAL_SURFACE('',#4999,1.);
#4297=CYLINDRICAL_SURFACE('',#5003,1.);
#4298=CYLINDRICAL_SURFACE('',#5007,1.);
#4299=CYLINDRICAL_SURFACE('',#5015,1.);
#4300=CYLINDRICAL_SURFACE('',#5016,1.);
#4301=CYLINDRICAL_SURFACE('',#5021,1.);
#4302=CYLINDRICAL_SURFACE('',#5025,1.);
#4303=CYLINDRICAL_SURFACE('',#5029,1.);
#4304=CYLINDRICAL_SURFACE('',#5036,1.);
#4305=CYLINDRICAL_SURFACE('',#5037,1.);
#4306=CYLINDRICAL_SURFACE('',#5041,1.);
#4307=CYLINDRICAL_SURFACE('',#5042,1.);
#4308=CYLINDRICAL_SURFACE('',#5043,1.);
#4309=CYLINDRICAL_SURFACE('',#5047,1.);
#4310=CYLINDRICAL_SURFACE('',#5048,1.);
#4311=CYLINDRICAL_SURFACE('',#5049,1.);
#4312=CYLINDRICAL_SURFACE('',#5053,1.);
#4313=CYLINDRICAL_SURFACE('',#5054,1.);
#4314=CYLINDRICAL_SURFACE('',#5058,3.);
#4315=CYLINDRICAL_SURFACE('',#5060,3.);
#4316=CYLINDRICAL_SURFACE('',#5062,3.);
#4317=CYLINDRICAL_SURFACE('',#5064,3.);
#4318=CYLINDRICAL_SURFACE('',#5066,3.);
#4319=ADVANCED_FACE('',(#262),#4215,.T.);
#4320=ADVANCED_FACE('',(#263),#157,.T.);
#4321=ADVANCED_FACE('',(#264),#158,.T.);
#4322=ADVANCED_FACE('',(#265),#4216,.T.);
#4323=ADVANCED_FACE('',(#266),#159,.T.);
#4324=ADVANCED_FACE('',(#267),#160,.T.);
#4325=ADVANCED_FACE('',(#268),#4217,.T.);
#4326=ADVANCED_FACE('',(#269),#161,.T.);
#4327=ADVANCED_FACE('',(#270),#162,.T.);
#4328=ADVANCED_FACE('',(#271),#4218,.T.);
#4329=ADVANCED_FACE('',(#272),#163,.T.);
#4330=ADVANCED_FACE('',(#273),#164,.T.);
#4331=ADVANCED_FACE('',(#274),#4219,.T.);
#4332=ADVANCED_FACE('',(#275),#165,.T.);
#4333=ADVANCED_FACE('',(#276),#166,.T.);
#4334=ADVANCED_FACE('',(#277),#4220,.F.);
#4335=ADVANCED_FACE('',(#278),#105,.T.);
#4336=ADVANCED_FACE('',(#279),#4221,.F.);
#4337=ADVANCED_FACE('',(#280),#4222,.F.);
#4338=ADVANCED_FACE('',(#281),#4223,.F.);
#4339=ADVANCED_FACE('',(#282),#4224,.F.);
#4340=ADVANCED_FACE('',(#283),#106,.T.);
#4341=ADVANCED_FACE('',(#284),#4225,.F.);
#4342=ADVANCED_FACE('',(#285),#4226,.F.);
#4343=ADVANCED_FACE('',(#286),#167,.T.);
#4344=ADVANCED_FACE('',(#287),#4227,.F.);
#4345=ADVANCED_FACE('',(#288),#4228,.F.);
#4346=ADVANCED_FACE('',(#289),#4229,.F.);
#4347=ADVANCED_FACE('',(#290),#107,.T.);
#4348=ADVANCED_FACE('',(#291),#4230,.F.);
#4349=ADVANCED_FACE('',(#292),#4231,.F.);
#4350=ADVANCED_FACE('',(#293),#108,.T.);
#4351=ADVANCED_FACE('',(#294),#4232,.F.);
#4352=ADVANCED_FACE('',(#295,#90),#168,.F.);
#4353=ADVANCED_FACE('',(#296),#4233,.F.);
#4354=ADVANCED_FACE('',(#297),#4234,.F.);
#4355=ADVANCED_FACE('',(#298),#4235,.F.);
#4356=ADVANCED_FACE('',(#299),#109,.T.);
#4357=ADVANCED_FACE('',(#300),#4236,.F.);
#4358=ADVANCED_FACE('',(#301),#4237,.F.);
#4359=ADVANCED_FACE('',(#302),#110,.T.);
#4360=ADVANCED_FACE('',(#303),#4238,.F.);
#4361=ADVANCED_FACE('',(#304),#4239,.F.);
#4362=ADVANCED_FACE('',(#305),#4240,.F.);
#4363=ADVANCED_FACE('',(#306),#4241,.F.);
#4364=ADVANCED_FACE('',(#307),#4242,.F.);
#4365=ADVANCED_FACE('',(#308),#111,.T.);
#4366=ADVANCED_FACE('',(#309),#4243,.F.);
#4367=ADVANCED_FACE('',(#310),#4244,.F.);
#4368=ADVANCED_FACE('',(#311),#112,.T.);
#4369=ADVANCED_FACE('',(#312),#4245,.F.);
#4370=ADVANCED_FACE('',(#313),#4246,.F.);
#4371=ADVANCED_FACE('',(#314),#4247,.F.);
#4372=ADVANCED_FACE('',(#315),#4248,.F.);
#4373=ADVANCED_FACE('',(#316),#4249,.F.);
#4374=ADVANCED_FACE('',(#317),#113,.T.);
#4375=ADVANCED_FACE('',(#318),#4250,.F.);
#4376=ADVANCED_FACE('',(#319),#4251,.F.);
#4377=ADVANCED_FACE('',(#320),#114,.T.);
#4378=ADVANCED_FACE('',(#321),#4252,.F.);
#4379=ADVANCED_FACE('',(#322),#4253,.F.);
#4380=ADVANCED_FACE('',(#323),#169,.T.);
#4381=ADVANCED_FACE('',(#324),#170,.T.);
#4382=ADVANCED_FACE('',(#325),#171,.T.);
#4383=ADVANCED_FACE('',(#326),#172,.T.);
#4384=ADVANCED_FACE('',(#327),#173,.T.);
#4385=ADVANCED_FACE('',(#328),#174,.T.);
#4386=ADVANCED_FACE('',(#329),#4254,.F.);
#4387=ADVANCED_FACE('',(#330),#175,.T.);
#4388=ADVANCED_FACE('',(#331),#4255,.F.);
#4389=ADVANCED_FACE('',(#332),#176,.T.);
#4390=ADVANCED_FACE('',(#333),#177,.T.);
#4391=ADVANCED_FACE('',(#334),#178,.T.);
#4392=ADVANCED_FACE('',(#335),#179,.F.);
#4393=ADVANCED_FACE('',(#336),#180,.F.);
#4394=ADVANCED_FACE('',(#337),#181,.F.);
#4395=ADVANCED_FACE('',(#338),#182,.F.);
#4396=ADVANCED_FACE('',(#339),#183,.F.);
#4397=ADVANCED_FACE('',(#340),#184,.F.);
#4398=ADVANCED_FACE('',(#341),#185,.T.);
#4399=ADVANCED_FACE('',(#342),#186,.T.);
#4400=ADVANCED_FACE('',(#343),#187,.T.);
#4401=ADVANCED_FACE('',(#344),#188,.T.);
#4402=ADVANCED_FACE('',(#345),#189,.T.);
#4403=ADVANCED_FACE('',(#346),#190,.T.);
#4404=ADVANCED_FACE('',(#347),#191,.T.);
#4405=ADVANCED_FACE('',(#348),#4256,.F.);
#4406=ADVANCED_FACE('',(#349),#192,.T.);
#4407=ADVANCED_FACE('',(#350),#193,.F.);
#4408=ADVANCED_FACE('',(#351),#4257,.F.);
#4409=ADVANCED_FACE('',(#352),#83,.F.);
#4410=ADVANCED_FACE('',(#353),#4258,.T.);
#4411=ADVANCED_FACE('',(#354),#73,.F.);
#4412=ADVANCED_FACE('',(#355,#91),#194,.F.);
#4413=ADVANCED_FACE('',(#356),#4259,.F.);
#4414=ADVANCED_FACE('',(#357),#74,.F.);
#4415=ADVANCED_FACE('',(#358,#92,#93,#94,#95,#96),#195,.T.);
#4416=ADVANCED_FACE('',(#359),#196,.F.);
#4417=ADVANCED_FACE('',(#360),#4260,.F.);
#4418=ADVANCED_FACE('',(#361),#84,.F.);
#4419=ADVANCED_FACE('',(#362),#85,.F.);
#4420=ADVANCED_FACE('',(#363),#4261,.F.);
#4421=ADVANCED_FACE('',(#364),#4262,.T.);
#4422=ADVANCED_FACE('',(#365),#4263,.F.);
#4423=ADVANCED_FACE('',(#366),#4264,.T.);
#4424=ADVANCED_FACE('',(#367),#4265,.F.);
#4425=ADVANCED_FACE('',(#368),#29,.F.);
#4426=ADVANCED_FACE('',(#369),#4266,.F.);
#4427=ADVANCED_FACE('',(#370),#30,.F.);
#4428=ADVANCED_FACE('',(#371),#4267,.F.);
#4429=ADVANCED_FACE('',(#372),#4268,.F.);
#4430=ADVANCED_FACE('',(#373),#197,.T.);
#4431=ADVANCED_FACE('',(#374),#75,.F.);
#4432=ADVANCED_FACE('',(#375),#198,.T.);
#4433=ADVANCED_FACE('',(#376),#199,.T.);
#4434=ADVANCED_FACE('',(#377),#200,.T.);
#4435=ADVANCED_FACE('',(#378),#201,.T.);
#4436=ADVANCED_FACE('',(#379),#202,.T.);
#4437=ADVANCED_FACE('',(#380),#203,.T.);
#4438=ADVANCED_FACE('',(#381),#204,.T.);
#4439=ADVANCED_FACE('',(#382),#76,.F.);
#4440=ADVANCED_FACE('',(#383),#205,.T.);
#4441=ADVANCED_FACE('',(#384),#77,.F.);
#4442=ADVANCED_FACE('',(#385),#206,.T.);
#4443=ADVANCED_FACE('',(#386),#15,.T.);
#4444=ADVANCED_FACE('',(#387),#207,.T.);
#4445=ADVANCED_FACE('',(#388),#78,.F.);
#4446=ADVANCED_FACE('',(#389),#16,.T.);
#4447=ADVANCED_FACE('',(#390),#17,.T.);
#4448=ADVANCED_FACE('',(#391),#18,.T.);
#4449=ADVANCED_FACE('',(#392),#208,.T.);
#4450=ADVANCED_FACE('',(#393),#19,.T.);
#4451=ADVANCED_FACE('',(#394),#20,.T.);
#4452=ADVANCED_FACE('',(#395),#21,.T.);
#4453=ADVANCED_FACE('',(#396),#209,.T.);
#4454=ADVANCED_FACE('',(#397),#22,.T.);
#4455=ADVANCED_FACE('',(#398),#23,.T.);
#4456=ADVANCED_FACE('',(#399),#24,.T.);
#4457=ADVANCED_FACE('',(#400),#210,.T.);
#4458=ADVANCED_FACE('',(#401),#25,.T.);
#4459=ADVANCED_FACE('',(#402),#26,.T.);
#4460=ADVANCED_FACE('',(#403),#27,.T.);
#4461=ADVANCED_FACE('',(#404),#28,.T.);
#4462=ADVANCED_FACE('',(#405),#211,.F.);
#4463=ADVANCED_FACE('',(#406),#4269,.F.);
#4464=ADVANCED_FACE('',(#407),#4270,.F.);
#4465=ADVANCED_FACE('',(#408),#212,.F.);
#4466=ADVANCED_FACE('',(#409),#213,.T.);
#4467=ADVANCED_FACE('',(#410),#4271,.T.);
#4468=ADVANCED_FACE('',(#411),#214,.T.);
#4469=ADVANCED_FACE('',(#412),#4272,.T.);
#4470=ADVANCED_FACE('',(#413),#215,.T.);
#4471=ADVANCED_FACE('',(#414),#4273,.T.);
#4472=ADVANCED_FACE('',(#415),#79,.F.);
#4473=ADVANCED_FACE('',(#416),#4274,.F.);
#4474=ADVANCED_FACE('',(#417),#80,.F.);
#4475=ADVANCED_FACE('',(#418),#4275,.F.);
#4476=ADVANCED_FACE('',(#419),#81,.F.);
#4477=ADVANCED_FACE('',(#420),#4276,.F.);
#4478=ADVANCED_FACE('',(#421),#82,.F.);
#4479=ADVANCED_FACE('',(#422),#4277,.F.);
#4480=ADVANCED_FACE('',(#423),#216,.T.);
#4481=ADVANCED_FACE('',(#424),#217,.F.);
#4482=ADVANCED_FACE('',(#425),#218,.T.);
#4483=ADVANCED_FACE('',(#426),#219,.F.);
#4484=ADVANCED_FACE('',(#427),#4278,.F.);
#4485=ADVANCED_FACE('',(#428),#220,.F.);
#4486=ADVANCED_FACE('',(#429),#4279,.F.);
#4487=ADVANCED_FACE('',(#430),#221,.T.);
#4488=ADVANCED_FACE('',(#431),#222,.T.);
#4489=ADVANCED_FACE('',(#432,#97),#223,.F.);
#4490=ADVANCED_FACE('',(#433),#4280,.F.);
#4491=ADVANCED_FACE('',(#434,#98),#224,.F.);
#4492=ADVANCED_FACE('',(#435),#4281,.F.);
#4493=ADVANCED_FACE('',(#436,#99),#225,.F.);
#4494=ADVANCED_FACE('',(#437),#4282,.F.);
#4495=ADVANCED_FACE('',(#438,#100),#226,.F.);
#4496=ADVANCED_FACE('',(#439),#4283,.F.);
#4497=ADVANCED_FACE('',(#440),#227,.F.);
#4498=ADVANCED_FACE('',(#441),#228,.F.);
#4499=ADVANCED_FACE('',(#442),#229,.F.);
#4500=ADVANCED_FACE('',(#443),#230,.F.);
#4501=ADVANCED_FACE('',(#444),#231,.F.);
#4502=ADVANCED_FACE('',(#445),#232,.F.);
#4503=ADVANCED_FACE('',(#446),#233,.F.);
#4504=ADVANCED_FACE('',(#447),#234,.F.);
#4505=ADVANCED_FACE('',(#448),#235,.F.);
#4506=ADVANCED_FACE('',(#449),#236,.F.);
#4507=ADVANCED_FACE('',(#450),#237,.F.);
#4508=ADVANCED_FACE('',(#451),#238,.F.);
#4509=ADVANCED_FACE('',(#452),#239,.F.);
#4510=ADVANCED_FACE('',(#453),#240,.F.);
#4511=ADVANCED_FACE('',(#454),#241,.F.);
#4512=ADVANCED_FACE('',(#455),#242,.F.);
#4513=ADVANCED_FACE('',(#456),#243,.F.);
#4514=ADVANCED_FACE('',(#457),#244,.F.);
#4515=ADVANCED_FACE('',(#458,#101),#245,.T.);
#4516=ADVANCED_FACE('',(#459,#102),#246,.T.);
#4517=ADVANCED_FACE('',(#460,#103),#247,.T.);
#4518=ADVANCED_FACE('',(#461,#104),#248,.T.);
#4519=ADVANCED_FACE('',(#462),#249,.T.);
#4520=ADVANCED_FACE('',(#463),#4284,.T.);
#4521=ADVANCED_FACE('',(#464),#250,.T.);
#4522=ADVANCED_FACE('',(#465),#4285,.F.);
#4523=ADVANCED_FACE('',(#466),#4286,.F.);
#4524=ADVANCED_FACE('',(#467),#251,.T.);
#4525=ADVANCED_FACE('',(#468),#4287,.T.);
#4526=ADVANCED_FACE('',(#469),#252,.T.);
#4527=ADVANCED_FACE('',(#470),#4288,.T.);
#4528=ADVANCED_FACE('',(#471),#253,.T.);
#4529=ADVANCED_FACE('',(#472),#4289,.F.);
#4530=ADVANCED_FACE('',(#473),#4290,.F.);
#4531=ADVANCED_FACE('',(#474),#254,.T.);
#4532=ADVANCED_FACE('',(#475),#4291,.T.);
#4533=ADVANCED_FACE('',(#476),#31,.F.);
#4534=ADVANCED_FACE('',(#477),#4292,.F.);
#4535=ADVANCED_FACE('',(#478),#32,.F.);
#4536=ADVANCED_FACE('',(#479),#4293,.F.);
#4537=ADVANCED_FACE('',(#480),#33,.F.);
#4538=ADVANCED_FACE('',(#481),#4294,.F.);
#4539=ADVANCED_FACE('',(#482),#4295,.F.);
#4540=ADVANCED_FACE('',(#483),#34,.F.);
#4541=ADVANCED_FACE('',(#484),#4296,.F.);
#4542=ADVANCED_FACE('',(#485),#35,.F.);
#4543=ADVANCED_FACE('',(#486),#4297,.F.);
#4544=ADVANCED_FACE('',(#487),#86,.F.);
#4545=ADVANCED_FACE('',(#488),#4298,.F.);
#4546=ADVANCED_FACE('',(#489),#36,.F.);
#4547=ADVANCED_FACE('',(#490),#37,.F.);
#4548=ADVANCED_FACE('',(#491),#4299,.F.);
#4549=ADVANCED_FACE('',(#492),#4300,.F.);
#4550=ADVANCED_FACE('',(#493),#38,.F.);
#4551=ADVANCED_FACE('',(#494),#4301,.F.);
#4552=ADVANCED_FACE('',(#495),#39,.F.);
#4553=ADVANCED_FACE('',(#496),#4302,.F.);
#4554=ADVANCED_FACE('',(#497),#87,.F.);
#4555=ADVANCED_FACE('',(#498),#4303,.F.);
#4556=ADVANCED_FACE('',(#499),#40,.F.);
#4557=ADVANCED_FACE('',(#500),#41,.F.);
#4558=ADVANCED_FACE('',(#501),#4304,.F.);
#4559=ADVANCED_FACE('',(#502),#4305,.F.);
#4560=ADVANCED_FACE('',(#503),#42,.F.);
#4561=ADVANCED_FACE('',(#504),#4306,.F.);
#4562=ADVANCED_FACE('',(#505),#4307,.F.);
#4563=ADVANCED_FACE('',(#506),#4308,.F.);
#4564=ADVANCED_FACE('',(#507),#88,.F.);
#4565=ADVANCED_FACE('',(#508),#4309,.F.);
#4566=ADVANCED_FACE('',(#509),#4310,.F.);
#4567=ADVANCED_FACE('',(#510),#4311,.F.);
#4568=ADVANCED_FACE('',(#511),#89,.F.);
#4569=ADVANCED_FACE('',(#512),#4312,.F.);
#4570=ADVANCED_FACE('',(#513),#4313,.F.);
#4571=ADVANCED_FACE('',(#514),#255,.T.);
#4572=ADVANCED_FACE('',(#515),#256,.T.);
#4573=ADVANCED_FACE('',(#516),#257,.T.);
#4574=ADVANCED_FACE('',(#517),#4314,.T.);
#4575=ADVANCED_FACE('',(#518),#258,.T.);
#4576=ADVANCED_FACE('',(#519),#4315,.T.);
#4577=ADVANCED_FACE('',(#520),#4316,.T.);
#4578=ADVANCED_FACE('',(#521),#259,.T.);
#4579=ADVANCED_FACE('',(#522),#4317,.T.);
#4580=ADVANCED_FACE('',(#523),#260,.T.);
#4581=ADVANCED_FACE('',(#524),#4318,.T.);
#4582=ADVANCED_FACE('',(#525),#261,.T.);
#4583=CLOSED_SHELL('',(#4319,#4320,#4321,#4322,#4323,#4324,#4325,#4326,
#4327,#4328,#4329,#4330,#4331,#4332,#4333,#4334,#4335,#4336,#4337,#4338,
#4339,#4340,#4341,#4342,#4343,#4344,#4345,#4346,#4347,#4348,#4349,#4350,
#4351,#4352,#4353,#4354,#4355,#4356,#4357,#4358,#4359,#4360,#4361,#4362,
#4363,#4364,#4365,#4366,#4367,#4368,#4369,#4370,#4371,#4372,#4373,#4374,
#4375,#4376,#4377,#4378,#4379,#4380,#4381,#4382,#4383,#4384,#4385,#4386,
#4387,#4388,#4389,#4390,#4391,#4392,#4393,#4394,#4395,#4396,#4397,#4398,
#4399,#4400,#4401,#4402,#4403,#4404,#4405,#4406,#4407,#4408,#4409,#4410,
#4411,#4412,#4413,#4414,#4415,#4416,#4417,#4418,#4419,#4420,#4421,#4422,
#4423,#4424,#4425,#4426,#4427,#4428,#4429,#4430,#4431,#4432,#4433,#4434,
#4435,#4436,#4437,#4438,#4439,#4440,#4441,#4442,#4443,#4444,#4445,#4446,
#4447,#4448,#4449,#4450,#4451,#4452,#4453,#4454,#4455,#4456,#4457,#4458,
#4459,#4460,#4461,#4462,#4463,#4464,#4465,#4466,#4467,#4468,#4469,#4470,
#4471,#4472,#4473,#4474,#4475,#4476,#4477,#4478,#4479,#4480,#4481,#4482,
#4483,#4484,#4485,#4486,#4487,#4488,#4489,#4490,#4491,#4492,#4493,#4494,
#4495,#4496,#4497,#4498,#4499,#4500,#4501,#4502,#4503,#4504,#4505,#4506,
#4507,#4508,#4509,#4510,#4511,#4512,#4513,#4514,#4515,#4516,#4517,#4518,
#4519,#4520,#4521,#4522,#4523,#4524,#4525,#4526,#4527,#4528,#4529,#4530,
#4531,#4532,#4533,#4534,#4535,#4536,#4537,#4538,#4539,#4540,#4541,#4542,
#4543,#4544,#4545,#4546,#4547,#4548,#4549,#4550,#4551,#4552,#4553,#4554,
#4555,#4556,#4557,#4558,#4559,#4560,#4561,#4562,#4563,#4564,#4565,#4566,
#4567,#4568,#4569,#4570,#4571,#4572,#4573,#4574,#4575,#4576,#4577,#4578,
#4579,#4580,#4581,#4582));
#4584=DERIVED_UNIT_ELEMENT(#4586,1.);
#4585=DERIVED_UNIT_ELEMENT(#8173,-3.);
#4586=(
MASS_UNIT()
NAMED_UNIT(*)
SI_UNIT(.KILO.,.GRAM.)
);
#4587=DERIVED_UNIT((#4584,#4585));
#4588=MEASURE_REPRESENTATION_ITEM('density measure',
POSITIVE_RATIO_MEASURE(7850.),#4587);
#4589=PROPERTY_DEFINITION_REPRESENTATION(#4594,#4591);
#4590=PROPERTY_DEFINITION_REPRESENTATION(#4595,#4592);
#4591=REPRESENTATION('material name',(#4593),#8170);
#4592=REPRESENTATION('density',(#4588),#8170);
#4593=DESCRIPTIVE_REPRESENTATION_ITEM('Steel','Steel');
#4594=PROPERTY_DEFINITION('material property','material name',#8180);
#4595=PROPERTY_DEFINITION('material property','density of part',#8180);
#4596=AXIS2_PLACEMENT_3D('',#6418,#5068,#5069);
#4597=AXIS2_PLACEMENT_3D('',#6419,#5070,#5071);
#4598=AXIS2_PLACEMENT_3D('',#6422,#5072,#5073);
#4599=AXIS2_PLACEMENT_3D('',#6426,#5075,#5076);
#4600=AXIS2_PLACEMENT_3D('',#6428,#5078,#5079);
#4601=AXIS2_PLACEMENT_3D('',#6434,#5082,#5083);
#4602=AXIS2_PLACEMENT_3D('',#6438,#5086,#5087);
#4603=AXIS2_PLACEMENT_3D('',#6442,#5089,#5090);
#4604=AXIS2_PLACEMENT_3D('',#6445,#5092,#5093);
#4605=AXIS2_PLACEMENT_3D('',#6446,#5094,#5095);
#4606=AXIS2_PLACEMENT_3D('',#6449,#5096,#5097);
#4607=AXIS2_PLACEMENT_3D('',#6453,#5099,#5100);
#4608=AXIS2_PLACEMENT_3D('',#6455,#5102,#5103);
#4609=AXIS2_PLACEMENT_3D('',#6461,#5106,#5107);
#4610=AXIS2_PLACEMENT_3D('',#6465,#5110,#5111);
#4611=AXIS2_PLACEMENT_3D('',#6469,#5113,#5114);
#4612=AXIS2_PLACEMENT_3D('',#6472,#5116,#5117);
#4613=AXIS2_PLACEMENT_3D('',#6473,#5118,#5119);
#4614=AXIS2_PLACEMENT_3D('',#6476,#5120,#5121);
#4615=AXIS2_PLACEMENT_3D('',#6480,#5123,#5124);
#4616=AXIS2_PLACEMENT_3D('',#6482,#5126,#5127);
#4617=AXIS2_PLACEMENT_3D('',#6488,#5130,#5131);
#4618=AXIS2_PLACEMENT_3D('',#6492,#5134,#5135);
#4619=AXIS2_PLACEMENT_3D('',#6496,#5137,#5138);
#4620=AXIS2_PLACEMENT_3D('',#6499,#5140,#5141);
#4621=AXIS2_PLACEMENT_3D('',#6500,#5142,#5143);
#4622=AXIS2_PLACEMENT_3D('',#6503,#5144,#5145);
#4623=AXIS2_PLACEMENT_3D('',#6507,#5147,#5148);
#4624=AXIS2_PLACEMENT_3D('',#6509,#5150,#5151);
#4625=AXIS2_PLACEMENT_3D('',#6515,#5154,#5155);
#4626=AXIS2_PLACEMENT_3D('',#6519,#5158,#5159);
#4627=AXIS2_PLACEMENT_3D('',#6523,#5161,#5162);
#4628=AXIS2_PLACEMENT_3D('',#6526,#5164,#5165);
#4629=AXIS2_PLACEMENT_3D('',#6527,#5166,#5167);
#4630=AXIS2_PLACEMENT_3D('',#6530,#5168,#5169);
#4631=AXIS2_PLACEMENT_3D('',#6534,#5171,#5172);
#4632=AXIS2_PLACEMENT_3D('',#6536,#5174,#5175);
#4633=AXIS2_PLACEMENT_3D('',#6542,#5178,#5179);
#4634=AXIS2_PLACEMENT_3D('',#6546,#5182,#5183);
#4635=AXIS2_PLACEMENT_3D('',#6550,#5185,#5186);
#4636=AXIS2_PLACEMENT_3D('',#6553,#5188,#5189);
#4637=AXIS2_PLACEMENT_3D('',#6554,#5190,#5191);
#4638=AXIS2_PLACEMENT_3D('',#6556,#5192,#5193);
#4639=AXIS2_PLACEMENT_3D('',#6559,#5195,#5196);
#4640=AXIS2_PLACEMENT_3D('',#6570,#5197,#5198);
#4641=AXIS2_PLACEMENT_3D('',#6571,#5199,#5200);
#4642=AXIS2_PLACEMENT_3D('',#6572,#5201,#5202);
#4643=AXIS2_PLACEMENT_3D('',#6575,#5204,#5205);
#4644=AXIS2_PLACEMENT_3D('',#6576,#5206,#5207);
#4645=AXIS2_PLACEMENT_3D('',#6581,#5210,#5211);
#4646=AXIS2_PLACEMENT_3D('',#6582,#5212,#5213);
#4647=AXIS2_PLACEMENT_3D('',#6585,#5215,#5216);
#4648=AXIS2_PLACEMENT_3D('',#6586,#5217,#5218);
#4649=AXIS2_PLACEMENT_3D('',#6590,#5220,#5221);
#4650=AXIS2_PLACEMENT_3D('',#6603,#5223,#5224);
#4651=AXIS2_PLACEMENT_3D('',#6604,#5225,#5226);
#4652=AXIS2_PLACEMENT_3D('',#6605,#5227,#5228);
#4653=AXIS2_PLACEMENT_3D('',#6606,#5229,#5230);
#4654=AXIS2_PLACEMENT_3D('',#6609,#5233,#5234);
#4655=AXIS2_PLACEMENT_3D('',#6613,#5236,#5237);
#4656=AXIS2_PLACEMENT_3D('',#6615,#5239,#5240);
#4657=AXIS2_PLACEMENT_3D('',#6703,#5285,#5286);
#4658=AXIS2_PLACEMENT_3D('',#6704,#5287,#5288);
#4659=AXIS2_PLACEMENT_3D('',#6705,#5289,#5290);
#4660=AXIS2_PLACEMENT_3D('',#6706,#5291,#5292);
#4661=AXIS2_PLACEMENT_3D('',#6708,#5293,#5294);
#4662=AXIS2_PLACEMENT_3D('',#6711,#5296,#5297);
#4663=AXIS2_PLACEMENT_3D('',#6712,#5298,#5299);
#4664=AXIS2_PLACEMENT_3D('',#6716,#5301,#5302);
#4665=AXIS2_PLACEMENT_3D('',#6728,#5304,#5305);
#4666=AXIS2_PLACEMENT_3D('',#6729,#5306,#5307);
#4667=AXIS2_PLACEMENT_3D('',#6730,#5308,#5309);
#4668=AXIS2_PLACEMENT_3D('',#6731,#5310,#5311);
#4669=AXIS2_PLACEMENT_3D('',#6734,#5313,#5314);
#4670=AXIS2_PLACEMENT_3D('',#6735,#5315,#5316);
#4671=AXIS2_PLACEMENT_3D('',#6746,#5318,#5319);
#4672=AXIS2_PLACEMENT_3D('',#6747,#5320,#5321);
#4673=AXIS2_PLACEMENT_3D('',#6749,#5323,#5324);
#4674=AXIS2_PLACEMENT_3D('',#6781,#5340,#5341);
#4675=AXIS2_PLACEMENT_3D('',#6789,#5345,#5346);
#4676=AXIS2_PLACEMENT_3D('',#6799,#5351,#5352);
#4677=AXIS2_PLACEMENT_3D('',#6803,#5354,#5355);
#4678=AXIS2_PLACEMENT_3D('',#6813,#5360,#5361);
#4679=AXIS2_PLACEMENT_3D('',#6821,#5365,#5366);
#4680=AXIS2_PLACEMENT_3D('',#6828,#5370,#5371);
#4681=AXIS2_PLACEMENT_3D('',#6829,#5372,#5373);
#4682=AXIS2_PLACEMENT_3D('',#6830,#5374,#5375);
#4683=AXIS2_PLACEMENT_3D('',#6831,#5376,#5377);
#4684=AXIS2_PLACEMENT_3D('',#6832,#5378,#5379);
#4685=AXIS2_PLACEMENT_3D('',#6833,#5380,#5381);
#4686=AXIS2_PLACEMENT_3D('',#6834,#5382,#5383);
#4687=AXIS2_PLACEMENT_3D('',#6835,#5384,#5385);
#4688=AXIS2_PLACEMENT_3D('',#6838,#5387,#5388);
#4689=AXIS2_PLACEMENT_3D('',#6849,#5389,#5390);
#4690=AXIS2_PLACEMENT_3D('',#6850,#5391,#5392);
#4691=AXIS2_PLACEMENT_3D('',#6851,#5393,#5394);
#4692=AXIS2_PLACEMENT_3D('',#6852,#5395,#5396);
#4693=AXIS2_PLACEMENT_3D('',#6855,#5398,#5399);
#4694=AXIS2_PLACEMENT_3D('',#6856,#5400,#5401);
#4695=AXIS2_PLACEMENT_3D('',#6867,#5403,#5404);
#4696=AXIS2_PLACEMENT_3D('',#6868,#5405,#5406);
#4697=AXIS2_PLACEMENT_3D('',#6869,#5407,#5408);
#4698=AXIS2_PLACEMENT_3D('',#6870,#5409,#5410);
#4699=AXIS2_PLACEMENT_3D('',#6871,#5411,#5412);
#4700=AXIS2_PLACEMENT_3D('',#6872,#5413,#5414);
#4701=AXIS2_PLACEMENT_3D('',#6873,#5415,#5416);
#4702=AXIS2_PLACEMENT_3D('',#6874,#5417,#5418);
#4703=AXIS2_PLACEMENT_3D('',#6875,#5419,#5420);
#4704=AXIS2_PLACEMENT_3D('',#6876,#5421,#5422);
#4705=AXIS2_PLACEMENT_3D('',#6877,#5423,#5424);
#4706=AXIS2_PLACEMENT_3D('',#6880,#5426,#5427);
#4707=AXIS2_PLACEMENT_3D('',#6891,#5428,#5429);
#4708=AXIS2_PLACEMENT_3D('',#6892,#5430,#5431);
#4709=AXIS2_PLACEMENT_3D('',#6893,#5432,#5433);
#4710=AXIS2_PLACEMENT_3D('',#6894,#5434,#5435);
#4711=AXIS2_PLACEMENT_3D('',#6897,#5437,#5438);
#4712=AXIS2_PLACEMENT_3D('',#6898,#5439,#5440);
#4713=AXIS2_PLACEMENT_3D('',#6909,#5442,#5443);
#4714=AXIS2_PLACEMENT_3D('',#6910,#5444,#5445);
#4715=AXIS2_PLACEMENT_3D('',#6911,#5446,#5447);
#4716=AXIS2_PLACEMENT_3D('',#6912,#5448,#5449);
#4717=AXIS2_PLACEMENT_3D('',#6913,#5450,#5451);
#4718=AXIS2_PLACEMENT_3D('',#6914,#5452,#5453);
#4719=AXIS2_PLACEMENT_3D('',#6915,#5454,#5455);
#4720=AXIS2_PLACEMENT_3D('',#6916,#5456,#5457);
#4721=AXIS2_PLACEMENT_3D('',#6917,#5458,#5459);
#4722=AXIS2_PLACEMENT_3D('',#6918,#5460,#5461);
#4723=AXIS2_PLACEMENT_3D('',#6919,#5462,#5463);
#4724=AXIS2_PLACEMENT_3D('',#6922,#5465,#5466);
#4725=AXIS2_PLACEMENT_3D('',#6933,#5467,#5468);
#4726=AXIS2_PLACEMENT_3D('',#6934,#5469,#5470);
#4727=AXIS2_PLACEMENT_3D('',#6935,#5471,#5472);
#4728=AXIS2_PLACEMENT_3D('',#6936,#5473,#5474);
#4729=AXIS2_PLACEMENT_3D('',#6939,#5476,#5477);
#4730=AXIS2_PLACEMENT_3D('',#6940,#5478,#5479);
#4731=AXIS2_PLACEMENT_3D('',#6951,#5481,#5482);
#4732=AXIS2_PLACEMENT_3D('',#6952,#5483,#5484);
#4733=AXIS2_PLACEMENT_3D('',#6953,#5485,#5486);
#4734=AXIS2_PLACEMENT_3D('',#6954,#5487,#5488);
#4735=AXIS2_PLACEMENT_3D('',#6955,#5489,#5490);
#4736=AXIS2_PLACEMENT_3D('',#6957,#5492,#5493);
#4737=AXIS2_PLACEMENT_3D('',#6959,#5495,#5496);
#4738=AXIS2_PLACEMENT_3D('',#6961,#5498,#5499);
#4739=AXIS2_PLACEMENT_3D('',#6963,#5501,#5502);
#4740=AXIS2_PLACEMENT_3D('',#6965,#5504,#5505);
#4741=AXIS2_PLACEMENT_3D('',#6966,#5506,#5507);
#4742=AXIS2_PLACEMENT_3D('',#6967,#5508,#5509);
#4743=AXIS2_PLACEMENT_3D('',#6968,#5510,#5511);
#4744=AXIS2_PLACEMENT_3D('',#6969,#5512,#5513);
#4745=AXIS2_PLACEMENT_3D('',#6970,#5514,#5515);
#4746=AXIS2_PLACEMENT_3D('',#6971,#5516,#5517);
#4747=AXIS2_PLACEMENT_3D('',#6972,#5518,#5519);
#4748=AXIS2_PLACEMENT_3D('',#6973,#5520,#5521);
#4749=AXIS2_PLACEMENT_3D('',#6974,#5522,#5523);
#4750=AXIS2_PLACEMENT_3D('',#6980,#5527,#5528);
#4751=AXIS2_PLACEMENT_3D('',#6986,#5532,#5533);
#4752=AXIS2_PLACEMENT_3D('',#6992,#5537,#5538);
#4753=AXIS2_PLACEMENT_3D('',#6998,#5541,#5542);
#4754=AXIS2_PLACEMENT_3D('',#7002,#5544,#5545);
#4755=AXIS2_PLACEMENT_3D('',#7006,#5547,#5548);
#4756=AXIS2_PLACEMENT_3D('',#7010,#5550,#5551);
#4757=AXIS2_PLACEMENT_3D('',#7015,#5554,#5555);
#4758=AXIS2_PLACEMENT_3D('',#7019,#5557,#5558);
#4759=AXIS2_PLACEMENT_3D('',#7023,#5560,#5561);
#4760=AXIS2_PLACEMENT_3D('',#7026,#5563,#5564);
#4761=AXIS2_PLACEMENT_3D('',#7027,#5565,#5566);
#4762=AXIS2_PLACEMENT_3D('',#7033,#5570,#5571);
#4763=AXIS2_PLACEMENT_3D('',#7039,#5575,#5576);
#4764=AXIS2_PLACEMENT_3D('',#7045,#5580,#5581);
#4765=AXIS2_PLACEMENT_3D('',#7051,#5585,#5586);
#4766=AXIS2_PLACEMENT_3D('',#7057,#5590,#5591);
#4767=AXIS2_PLACEMENT_3D('',#7063,#5595,#5596);
#4768=AXIS2_PLACEMENT_3D('',#7069,#5600,#5601);
#4769=AXIS2_PLACEMENT_3D('',#7075,#5605,#5606);
#4770=AXIS2_PLACEMENT_3D('',#7081,#5610,#5611);
#4771=AXIS2_PLACEMENT_3D('',#7086,#5613,#5614);
#4772=AXIS2_PLACEMENT_3D('',#7089,#5616,#5617);
#4773=AXIS2_PLACEMENT_3D('',#7090,#5618,#5619);
#4774=AXIS2_PLACEMENT_3D('',#7096,#5622,#5623);
#4775=AXIS2_PLACEMENT_3D('',#7104,#5628,#5629);
#4776=AXIS2_PLACEMENT_3D('',#7116,#5635,#5636);
#4777=AXIS2_PLACEMENT_3D('',#7118,#5638,#5639);
#4778=AXIS2_PLACEMENT_3D('',#7121,#5642,#5643);
#4779=AXIS2_PLACEMENT_3D('',#7123,#5644,#5645);
#4780=AXIS2_PLACEMENT_3D('',#7124,#5646,#5647);
#4781=AXIS2_PLACEMENT_3D('',#7125,#5648,#5649);
#4782=AXIS2_PLACEMENT_3D('',#7127,#5650,#5651);
#4783=AXIS2_PLACEMENT_3D('',#7129,#5653,#5654);
#4784=AXIS2_PLACEMENT_3D('',#7131,#5655,#5656);
#4785=AXIS2_PLACEMENT_3D('',#7135,#5658,#5659);
#4786=AXIS2_PLACEMENT_3D('',#7136,#5660,#5661);
#4787=AXIS2_PLACEMENT_3D('',#7137,#5662,#5663);
#4788=AXIS2_PLACEMENT_3D('',#7138,#5664,#5665);
#4789=AXIS2_PLACEMENT_3D('',#7140,#5666,#5667);
#4790=AXIS2_PLACEMENT_3D('',#7142,#5669,#5670);
#4791=AXIS2_PLACEMENT_3D('',#7144,#5671,#5672);
#4792=AXIS2_PLACEMENT_3D('',#7146,#5674,#5675);
#4793=AXIS2_PLACEMENT_3D('',#7218,#5681,#5682);
#4794=AXIS2_PLACEMENT_3D('',#7222,#5684,#5685);
#4795=AXIS2_PLACEMENT_3D('',#7232,#5688,#5689);
#4796=AXIS2_PLACEMENT_3D('',#7234,#5690,#5691);
#4797=AXIS2_PLACEMENT_3D('',#7236,#5692,#5693);
#4798=AXIS2_PLACEMENT_3D('',#7238,#5694,#5695);
#4799=AXIS2_PLACEMENT_3D('',#7239,#5696,#5697);
#4800=AXIS2_PLACEMENT_3D('',#7240,#5698,#5699);
#4801=AXIS2_PLACEMENT_3D('',#7243,#5700,#5701);
#4802=AXIS2_PLACEMENT_3D('',#7247,#5703,#5704);
#4803=AXIS2_PLACEMENT_3D('',#7249,#5706,#5707);
#4804=AXIS2_PLACEMENT_3D('',#7250,#5708,#5709);
#4805=AXIS2_PLACEMENT_3D('',#7252,#5710,#5711);
#4806=AXIS2_PLACEMENT_3D('',#7253,#5712,#5713);
#4807=AXIS2_PLACEMENT_3D('',#7254,#5714,#5715);
#4808=AXIS2_PLACEMENT_3D('',#7256,#5716,#5717);
#4809=AXIS2_PLACEMENT_3D('',#7257,#5718,#5719);
#4810=AXIS2_PLACEMENT_3D('',#7258,#5720,#5721);
#4811=AXIS2_PLACEMENT_3D('',#7259,#5722,#5723);
#4812=AXIS2_PLACEMENT_3D('',#7260,#5724,#5725);
#4813=AXIS2_PLACEMENT_3D('',#7262,#5727,#5728);
#4814=AXIS2_PLACEMENT_3D('',#7264,#5729,#5730);
#4815=AXIS2_PLACEMENT_3D('',#7266,#5732,#5733);
#4816=AXIS2_PLACEMENT_3D('',#7267,#5734,#5735);
#4817=AXIS2_PLACEMENT_3D('',#7269,#5736,#5737);
#4818=AXIS2_PLACEMENT_3D('',#7271,#5739,#5740);
#4819=AXIS2_PLACEMENT_3D('',#7273,#5741,#5742);
#4820=AXIS2_PLACEMENT_3D('',#7275,#5744,#5745);
#4821=AXIS2_PLACEMENT_3D('',#7276,#5746,#5747);
#4822=AXIS2_PLACEMENT_3D('',#7277,#5748,#5749);
#4823=AXIS2_PLACEMENT_3D('',#7279,#5750,#5751);
#4824=AXIS2_PLACEMENT_3D('',#7283,#5753,#5754);
#4825=AXIS2_PLACEMENT_3D('',#7285,#5756,#5757);
#4826=AXIS2_PLACEMENT_3D('',#7286,#5758,#5759);
#4827=AXIS2_PLACEMENT_3D('',#7287,#5760,#5761);
#4828=AXIS2_PLACEMENT_3D('',#7289,#5762,#5763);
#4829=AXIS2_PLACEMENT_3D('',#7291,#5765,#5766);
#4830=AXIS2_PLACEMENT_3D('',#7294,#5768,#5769);
#4831=AXIS2_PLACEMENT_3D('',#7295,#5770,#5771);
#4832=AXIS2_PLACEMENT_3D('',#7305,#5777,#5778);
#4833=AXIS2_PLACEMENT_3D('',#7309,#5780,#5781);
#4834=AXIS2_PLACEMENT_3D('',#7311,#5783,#5784);
#4835=AXIS2_PLACEMENT_3D('',#7314,#5785,#5786);
#4836=AXIS2_PLACEMENT_3D('',#7318,#5788,#5789);
#4837=AXIS2_PLACEMENT_3D('',#7326,#5790,#5791);
#4838=AXIS2_PLACEMENT_3D('',#7332,#5795,#5796);
#4839=AXIS2_PLACEMENT_3D('',#7338,#5800,#5801);
#4840=AXIS2_PLACEMENT_3D('',#7342,#5804,#5805);
#4841=AXIS2_PLACEMENT_3D('',#7348,#5809,#5810);
#4842=AXIS2_PLACEMENT_3D('',#7352,#5813,#5814);
#4843=AXIS2_PLACEMENT_3D('',#7358,#5818,#5819);
#4844=AXIS2_PLACEMENT_3D('',#7362,#5822,#5823);
#4845=AXIS2_PLACEMENT_3D('',#7363,#5824,#5825);
#4846=AXIS2_PLACEMENT_3D('',#7365,#5827,#5828);
#4847=AXIS2_PLACEMENT_3D('',#7367,#5830,#5831);
#4848=AXIS2_PLACEMENT_3D('',#7369,#5832,#5833);
#4849=AXIS2_PLACEMENT_3D('',#7371,#5835,#5836);
#4850=AXIS2_PLACEMENT_3D('',#7397,#5838,#5839);
#4851=AXIS2_PLACEMENT_3D('',#7403,#5843,#5844);
#4852=AXIS2_PLACEMENT_3D('',#7405,#5845,#5846);
#4853=AXIS2_PLACEMENT_3D('',#7407,#5847,#5848);
#4854=AXIS2_PLACEMENT_3D('',#7488,#5851,#5852);
#4855=AXIS2_PLACEMENT_3D('',#7563,#5858,#5859);
#4856=AXIS2_PLACEMENT_3D('',#7638,#5865,#5866);
#4857=AXIS2_PLACEMENT_3D('',#7733,#5872,#5873);
#4858=AXIS2_PLACEMENT_3D('',#7738,#5877,#5878);
#4859=AXIS2_PLACEMENT_3D('',#7739,#5879,#5880);
#4860=AXIS2_PLACEMENT_3D('',#7740,#5881,#5882);
#4861=AXIS2_PLACEMENT_3D('',#7743,#5884,#5885);
#4862=AXIS2_PLACEMENT_3D('',#7744,#5886,#5887);
#4863=AXIS2_PLACEMENT_3D('',#7747,#5890,#5891);
#4864=AXIS2_PLACEMENT_3D('',#7751,#5893,#5894);
#4865=AXIS2_PLACEMENT_3D('',#7755,#5896,#5897);
#4866=AXIS2_PLACEMENT_3D('',#7757,#5899,#5900);
#4867=AXIS2_PLACEMENT_3D('',#7760,#5902,#5903);
#4868=AXIS2_PLACEMENT_3D('',#7761,#5904,#5905);
#4869=AXIS2_PLACEMENT_3D('',#7777,#5915,#5916);
#4870=AXIS2_PLACEMENT_3D('',#7780,#5918,#5919);
#4871=AXIS2_PLACEMENT_3D('',#7796,#5929,#5930);
#4872=AXIS2_PLACEMENT_3D('',#7799,#5932,#5933);
#4873=AXIS2_PLACEMENT_3D('',#7800,#5934,#5935);
#4874=AXIS2_PLACEMENT_3D('',#7804,#5937,#5938);
#4875=AXIS2_PLACEMENT_3D('',#7807,#5940,#5941);
#4876=AXIS2_PLACEMENT_3D('',#7808,#5942,#5943);
#4877=AXIS2_PLACEMENT_3D('',#7811,#5945,#5946);
#4878=AXIS2_PLACEMENT_3D('',#7812,#5947,#5948);
#4879=AXIS2_PLACEMENT_3D('',#7816,#5950,#5951);
#4880=AXIS2_PLACEMENT_3D('',#7817,#5952,#5953);
#4881=AXIS2_PLACEMENT_3D('',#7818,#5954,#5955);
#4882=AXIS2_PLACEMENT_3D('',#7821,#5957,#5958);
#4883=AXIS2_PLACEMENT_3D('',#7822,#5959,#5960);
#4884=AXIS2_PLACEMENT_3D('',#7826,#5962,#5963);
#4885=AXIS2_PLACEMENT_3D('',#7827,#5964,#5965);
#4886=AXIS2_PLACEMENT_3D('',#7828,#5966,#5967);
#4887=AXIS2_PLACEMENT_3D('',#7831,#5969,#5970);
#4888=AXIS2_PLACEMENT_3D('',#7832,#5971,#5972);
#4889=AXIS2_PLACEMENT_3D('',#7836,#5974,#5975);
#4890=AXIS2_PLACEMENT_3D('',#7837,#5976,#5977);
#4891=AXIS2_PLACEMENT_3D('',#7838,#5978,#5979);
#4892=AXIS2_PLACEMENT_3D('',#7841,#5981,#5982);
#4893=AXIS2_PLACEMENT_3D('',#7842,#5983,#5984);
#4894=AXIS2_PLACEMENT_3D('',#7846,#5986,#5987);
#4895=AXIS2_PLACEMENT_3D('',#7847,#5988,#5989);
#4896=AXIS2_PLACEMENT_3D('',#7848,#5990,#5991);
#4897=AXIS2_PLACEMENT_3D('',#7851,#5993,#5994);
#4898=AXIS2_PLACEMENT_3D('',#7852,#5995,#5996);
#4899=AXIS2_PLACEMENT_3D('',#7854,#5998,#5999);
#4900=AXIS2_PLACEMENT_3D('',#7855,#6000,#6001);
#4901=AXIS2_PLACEMENT_3D('',#7857,#6003,#6004);
#4902=AXIS2_PLACEMENT_3D('',#7858,#6005,#6006);
#4903=AXIS2_PLACEMENT_3D('',#7860,#6008,#6009);
#4904=AXIS2_PLACEMENT_3D('',#7862,#6011,#6012);
#4905=AXIS2_PLACEMENT_3D('',#7863,#6013,#6014);
#4906=AXIS2_PLACEMENT_3D('',#7866,#6016,#6017);
#4907=AXIS2_PLACEMENT_3D('',#7867,#6018,#6019);
#4908=AXIS2_PLACEMENT_3D('',#7871,#6021,#6022);
#4909=AXIS2_PLACEMENT_3D('',#7873,#6024,#6025);
#4910=AXIS2_PLACEMENT_3D('',#7875,#6026,#6027);
#4911=AXIS2_PLACEMENT_3D('',#7876,#6028,#6029);
#4912=AXIS2_PLACEMENT_3D('',#7879,#6031,#6032);
#4913=AXIS2_PLACEMENT_3D('',#7880,#6033,#6034);
#4914=AXIS2_PLACEMENT_3D('',#7882,#6035,#6036);
#4915=AXIS2_PLACEMENT_3D('',#7883,#6037,#6038);
#4916=AXIS2_PLACEMENT_3D('',#7886,#6040,#6041);
#4917=AXIS2_PLACEMENT_3D('',#7887,#6042,#6043);
#4918=AXIS2_PLACEMENT_3D('',#7889,#6044,#6045);
#4919=AXIS2_PLACEMENT_3D('',#7890,#6046,#6047);
#4920=AXIS2_PLACEMENT_3D('',#7893,#6049,#6050);
#4921=AXIS2_PLACEMENT_3D('',#7894,#6051,#6052);
#4922=AXIS2_PLACEMENT_3D('',#7896,#6053,#6054);
#4923=AXIS2_PLACEMENT_3D('',#7897,#6055,#6056);
#4924=AXIS2_PLACEMENT_3D('',#7900,#6058,#6059);
#4925=AXIS2_PLACEMENT_3D('',#7901,#6060,#6061);
#4926=AXIS2_PLACEMENT_3D('',#7903,#6063,#6064);
#4927=AXIS2_PLACEMENT_3D('',#7905,#6066,#6067);
#4928=AXIS2_PLACEMENT_3D('',#7906,#6068,#6069);
#4929=AXIS2_PLACEMENT_3D('',#7908,#6071,#6072);
#4930=AXIS2_PLACEMENT_3D('',#7910,#6074,#6075);
#4931=AXIS2_PLACEMENT_3D('',#7911,#6076,#6077);
#4932=AXIS2_PLACEMENT_3D('',#7913,#6079,#6080);
#4933=AXIS2_PLACEMENT_3D('',#7915,#6082,#6083);
#4934=AXIS2_PLACEMENT_3D('',#7916,#6084,#6085);
#4935=AXIS2_PLACEMENT_3D('',#7918,#6087,#6088);
#4936=AXIS2_PLACEMENT_3D('',#7920,#6090,#6091);
#4937=AXIS2_PLACEMENT_3D('',#7921,#6092,#6093);
#4938=AXIS2_PLACEMENT_3D('',#7923,#6095,#6096);
#4939=AXIS2_PLACEMENT_3D('',#7925,#6098,#6099);
#4940=AXIS2_PLACEMENT_3D('',#7926,#6100,#6101);
#4941=AXIS2_PLACEMENT_3D('',#7928,#6103,#6104);
#4942=AXIS2_PLACEMENT_3D('',#7930,#6106,#6107);
#4943=AXIS2_PLACEMENT_3D('',#7931,#6108,#6109);
#4944=AXIS2_PLACEMENT_3D('',#7936,#6111,#6112);
#4945=AXIS2_PLACEMENT_3D('',#7940,#6114,#6115);
#4946=AXIS2_PLACEMENT_3D('',#7943,#6117,#6118);
#4947=AXIS2_PLACEMENT_3D('',#7944,#6119,#6120);
#4948=AXIS2_PLACEMENT_3D('',#7947,#6121,#6122);
#4949=AXIS2_PLACEMENT_3D('',#7951,#6124,#6125);
#4950=AXIS2_PLACEMENT_3D('',#7955,#6127,#6128);
#4951=AXIS2_PLACEMENT_3D('',#7957,#6130,#6131);
#4952=AXIS2_PLACEMENT_3D('',#7962,#6133,#6134);
#4953=AXIS2_PLACEMENT_3D('',#7966,#6136,#6137);
#4954=AXIS2_PLACEMENT_3D('',#7969,#6139,#6140);
#4955=AXIS2_PLACEMENT_3D('',#7970,#6141,#6142);
#4956=AXIS2_PLACEMENT_3D('',#7973,#6143,#6144);
#4957=AXIS2_PLACEMENT_3D('',#7977,#6146,#6147);
#4958=AXIS2_PLACEMENT_3D('',#7981,#6149,#6150);
#4959=AXIS2_PLACEMENT_3D('',#7983,#6152,#6153);
#4960=AXIS2_PLACEMENT_3D('',#7989,#6157,#6158);
#4961=AXIS2_PLACEMENT_3D('',#7992,#6160,#6161);
#4962=AXIS2_PLACEMENT_3D('',#7993,#6162,#6163);
#4963=AXIS2_PLACEMENT_3D('',#7997,#6166,#6167);
#4964=AXIS2_PLACEMENT_3D('',#8000,#6169,#6170);
#4965=AXIS2_PLACEMENT_3D('',#8001,#6171,#6172);
#4966=AXIS2_PLACEMENT_3D('',#8005,#6174,#6175);
#4967=AXIS2_PLACEMENT_3D('',#8007,#6177,#6178);
#4968=AXIS2_PLACEMENT_3D('',#8011,#6181,#6182);
#4969=AXIS2_PLACEMENT_3D('',#8014,#6184,#6185);
#4970=AXIS2_PLACEMENT_3D('',#8015,#6186,#6187);
#4971=AXIS2_PLACEMENT_3D('',#8021,#6191,#6192);
#4972=AXIS2_PLACEMENT_3D('',#8024,#6194,#6195);
#4973=AXIS2_PLACEMENT_3D('',#8025,#6196,#6197);
#4974=AXIS2_PLACEMENT_3D('',#8029,#6200,#6201);
#4975=AXIS2_PLACEMENT_3D('',#8032,#6203,#6204);
#4976=AXIS2_PLACEMENT_3D('',#8033,#6205,#6206);
#4977=AXIS2_PLACEMENT_3D('',#8037,#6208,#6209);
#4978=AXIS2_PLACEMENT_3D('',#8039,#6211,#6212);
#4979=AXIS2_PLACEMENT_3D('',#8043,#6215,#6216);
#4980=AXIS2_PLACEMENT_3D('',#8046,#6218,#6219);
#4981=AXIS2_PLACEMENT_3D('',#8047,#6220,#6221);
#4982=AXIS2_PLACEMENT_3D('',#8049,#6222,#6223);
#4983=AXIS2_PLACEMENT_3D('',#8050,#6224,#6225);
#4984=AXIS2_PLACEMENT_3D('',#8051,#6226,#6227);
#4985=AXIS2_PLACEMENT_3D('',#8053,#6229,#6230);
#4986=AXIS2_PLACEMENT_3D('',#8055,#6231,#6232);
#4987=AXIS2_PLACEMENT_3D('',#8056,#6233,#6234);
#4988=AXIS2_PLACEMENT_3D('',#8057,#6235,#6236);
#4989=AXIS2_PLACEMENT_3D('',#8059,#6238,#6239);
#4990=AXIS2_PLACEMENT_3D('',#8061,#6240,#6241);
#4991=AXIS2_PLACEMENT_3D('',#8063,#6242,#6243);
#4992=AXIS2_PLACEMENT_3D('',#8064,#6244,#6245);
#4993=AXIS2_PLACEMENT_3D('',#8065,#6246,#6247);
#4994=AXIS2_PLACEMENT_3D('',#8068,#6250,#6251);
#4995=AXIS2_PLACEMENT_3D('',#8070,#6253,#6254);
#4996=AXIS2_PLACEMENT_3D('',#8072,#6255,#6256);
#4997=AXIS2_PLACEMENT_3D('',#8073,#6257,#6258);
#4998=AXIS2_PLACEMENT_3D('',#8074,#6259,#6260);
#4999=AXIS2_PLACEMENT_3D('',#8075,#6261,#6262);
#5000=AXIS2_PLACEMENT_3D('',#8077,#6264,#6265);
#5001=AXIS2_PLACEMENT_3D('',#8078,#6266,#6267);
#5002=AXIS2_PLACEMENT_3D('',#8079,#6268,#6269);
#5003=AXIS2_PLACEMENT_3D('',#8080,#6270,#6271);
#5004=AXIS2_PLACEMENT_3D('',#8081,#6272,#6273);
#5005=AXIS2_PLACEMENT_3D('',#8082,#6274,#6275);
#5006=AXIS2_PLACEMENT_3D('',#8083,#6276,#6277);
#5007=AXIS2_PLACEMENT_3D('',#8084,#6278,#6279);
#5008=AXIS2_PLACEMENT_3D('',#8086,#6281,#6282);
#5009=AXIS2_PLACEMENT_3D('',#8087,#6283,#6284);
#5010=AXIS2_PLACEMENT_3D('',#8088,#6285,#6286);
#5011=AXIS2_PLACEMENT_3D('',#8089,#6287,#6288);
#5012=AXIS2_PLACEMENT_3D('',#8091,#6289,#6290);
#5013=AXIS2_PLACEMENT_3D('',#8093,#6291,#6292);
#5014=AXIS2_PLACEMENT_3D('',#8094,#6293,#6294);
#5015=AXIS2_PLACEMENT_3D('',#8095,#6295,#6296);
#5016=AXIS2_PLACEMENT_3D('',#8098,#6299,#6300);
#5017=AXIS2_PLACEMENT_3D('',#8100,#6302,#6303);
#5018=AXIS2_PLACEMENT_3D('',#8102,#6304,#6305);
#5019=AXIS2_PLACEMENT_3D('',#8103,#6306,#6307);
#5020=AXIS2_PLACEMENT_3D('',#8104,#6308,#6309);
#5021=AXIS2_PLACEMENT_3D('',#8105,#6310,#6311);
#5022=AXIS2_PLACEMENT_3D('',#8107,#6313,#6314);
#5023=AXIS2_PLACEMENT_3D('',#8108,#6315,#6316);
#5024=AXIS2_PLACEMENT_3D('',#8109,#6317,#6318);
#5025=AXIS2_PLACEMENT_3D('',#8110,#6319,#6320);
#5026=AXIS2_PLACEMENT_3D('',#8111,#6321,#6322);
#5027=AXIS2_PLACEMENT_3D('',#8112,#6323,#6324);
#5028=AXIS2_PLACEMENT_3D('',#8113,#6325,#6326);
#5029=AXIS2_PLACEMENT_3D('',#8114,#6327,#6328);
#5030=AXIS2_PLACEMENT_3D('',#8116,#6330,#6331);
#5031=AXIS2_PLACEMENT_3D('',#8117,#6332,#6333);
#5032=AXIS2_PLACEMENT_3D('',#8118,#6334,#6335);
#5033=AXIS2_PLACEMENT_3D('',#8119,#6336,#6337);
#5034=AXIS2_PLACEMENT_3D('',#8121,#6338,#6339);
#5035=AXIS2_PLACEMENT_3D('',#8122,#6340,#6341);
#5036=AXIS2_PLACEMENT_3D('',#8123,#6342,#6343);
#5037=AXIS2_PLACEMENT_3D('',#8125,#6345,#6346);
#5038=AXIS2_PLACEMENT_3D('',#8127,#6348,#6349);
#5039=AXIS2_PLACEMENT_3D('',#8129,#6350,#6351);
#5040=AXIS2_PLACEMENT_3D('',#8130,#6352,#6353);
#5041=AXIS2_PLACEMENT_3D('',#8131,#6354,#6355);
#5042=AXIS2_PLACEMENT_3D('',#8133,#6357,#6358);
#5043=AXIS2_PLACEMENT_3D('',#8135,#6360,#6361);
#5044=AXIS2_PLACEMENT_3D('',#8136,#6362,#6363);
#5045=AXIS2_PLACEMENT_3D('',#8137,#6364,#6365);
#5046=AXIS2_PLACEMENT_3D('',#8138,#6366,#6367);
#5047=AXIS2_PLACEMENT_3D('',#8139,#6368,#6369);
#5048=AXIS2_PLACEMENT_3D('',#8140,#6370,#6371);
#5049=AXIS2_PLACEMENT_3D('',#8142,#6373,#6374);
#5050=AXIS2_PLACEMENT_3D('',#8143,#6375,#6376);
#5051=AXIS2_PLACEMENT_3D('',#8144,#6377,#6378);
#5052=AXIS2_PLACEMENT_3D('',#8145,#6379,#6380);
#5053=AXIS2_PLACEMENT_3D('',#8146,#6381,#6382);
#5054=AXIS2_PLACEMENT_3D('',#8147,#6383,#6384);
#5055=AXIS2_PLACEMENT_3D('',#8149,#6386,#6387);
#5056=AXIS2_PLACEMENT_3D('',#8150,#6388,#6389);
#5057=AXIS2_PLACEMENT_3D('',#8151,#6390,#6391);
#5058=AXIS2_PLACEMENT_3D('',#8152,#6392,#6393);
#5059=AXIS2_PLACEMENT_3D('',#8154,#6395,#6396);
#5060=AXIS2_PLACEMENT_3D('',#8156,#6398,#6399);
#5061=AXIS2_PLACEMENT_3D('',#8158,#6401,#6402);
#5062=AXIS2_PLACEMENT_3D('',#8159,#6403,#6404);
#5063=AXIS2_PLACEMENT_3D('',#8160,#6405,#6406);
#5064=AXIS2_PLACEMENT_3D('',#8162,#6408,#6409);
#5065=AXIS2_PLACEMENT_3D('',#8164,#6411,#6412);
#5066=AXIS2_PLACEMENT_3D('',#8166,#6414,#6415);
#5067=AXIS2_PLACEMENT_3D('',#8167,#6416,#6417);
#5068=DIRECTION('axis',(0.,0.,1.));
#5069=DIRECTION('refdir',(1.,0.,0.));
#5070=DIRECTION('center_axis',(-1.15417252086382E-29,-1.,2.01858731750028E-16));
#5071=DIRECTION('ref_axis',(-0.573697192303269,0.,-0.819067476795011));
#5072=DIRECTION('center_axis',(-1.11022302462516E-16,1.,-2.01858731750028E-16));
#5073=DIRECTION('ref_axis',(-0.573697192303269,0.,-0.819067476795011));
#5074=DIRECTION('',(1.15417252086382E-29,1.,-2.01858731750028E-16));
#5075=DIRECTION('center_axis',(-2.22044604925031E-16,-1.,2.01858731750028E-16));
#5076=DIRECTION('ref_axis',(-0.573697192303269,0.,-0.819067476795011));
#5077=DIRECTION('',(-1.15417252086382E-29,-1.,2.01858731750028E-16));
#5078=DIRECTION('center_axis',(2.22044604925031E-16,1.,-2.01858731750028E-16));
#5079=DIRECTION('ref_axis',(1.,-2.22044604925031E-16,-1.92746830201895E-16));
#5080=DIRECTION('',(0.341743063086703,-2.6558771200135E-16,-0.939793423488438));
#5081=DIRECTION('',(-1.,2.22044604925031E-16,0.));
#5082=DIRECTION('center_axis',(-2.22044604925031E-16,-1.,2.01858731750028E-16));
#5083=DIRECTION('ref_axis',(0.707106781186548,-1.42735678062161E-17,0.707106781186547));
#5084=DIRECTION('',(0.,2.01858731750028E-16,1.));
#5085=DIRECTION('',(1.,-2.22044604925031E-16,-1.92746830201895E-16));
#5086=DIRECTION('center_axis',(-0.939793423488438,-6.89838212990409E-17,
-0.341743063086703));
#5087=DIRECTION('ref_axis',(-0.341743063086703,0.,0.939793423488438));
#5088=DIRECTION('',(-0.341743063086703,1.51764406857915E-16,0.939793423488438));
#5089=DIRECTION('center_axis',(-0.939793423488438,-6.89838212990409E-17,
-0.341743063086703));
#5090=DIRECTION('ref_axis',(-0.341743063086703,3.91267611430562E-16,0.939793423488438));
#5091=DIRECTION('',(-7.34031751818165E-17,1.,0.));
#5092=DIRECTION('center_axis',(-0.939793423488438,-6.89838212990409E-17,
-0.341743063086703));
#5093=DIRECTION('ref_axis',(-0.341743063086703,-3.91267611430562E-16,0.939793423488438));
#5094=DIRECTION('center_axis',(-9.18091777959859E-31,-1.,4.03717463500057E-16));
#5095=DIRECTION('ref_axis',(-0.573697192303256,0.,-0.819067476795021));
#5096=DIRECTION('center_axis',(-2.22044604925031E-16,1.,-4.03717463500057E-16));
#5097=DIRECTION('ref_axis',(-0.573697192303256,0.,-0.819067476795021));
#5098=DIRECTION('',(9.18091777959859E-31,1.,-4.03717463500057E-16));
#5099=DIRECTION('center_axis',(2.22044604925031E-16,-1.,4.03717463500057E-16));
#5100=DIRECTION('ref_axis',(-0.573697192303256,0.,-0.819067476795021));
#5101=DIRECTION('',(-9.18091777959859E-31,-1.,4.03717463500057E-16));
#5102=DIRECTION('center_axis',(-2.22044604925031E-16,1.,-4.03717463500057E-16));
#5103=DIRECTION('ref_axis',(1.,2.22044604925031E-16,-1.92746830201895E-16));
#5104=DIRECTION('',(0.341743063086705,-3.03528813715829E-16,-0.939793423488437));
#5105=DIRECTION('',(-1.,-2.22044604925031E-16,0.));
#5106=DIRECTION('center_axis',(2.22044604925031E-16,-1.,4.03717463500057E-16));
#5107=DIRECTION('ref_axis',(0.707106781186548,4.424806019927E-16,0.707106781186548));
#5108=DIRECTION('',(0.,4.03717463500057E-16,1.));
#5109=DIRECTION('',(1.,2.22044604925031E-16,-1.92746830201895E-16));
#5110=DIRECTION('center_axis',(-0.939793423488437,-1.37967642598103E-16,
-0.341743063086705));
#5111=DIRECTION('ref_axis',(-0.341743063086705,0.,0.939793423488437));
#5112=DIRECTION('',(-0.341743063086705,3.03528813715829E-16,0.939793423488437));
#5113=DIRECTION('center_axis',(-0.939793423488437,-1.37967642598103E-16,
-0.341743063086705));
#5114=DIRECTION('ref_axis',(-0.341743063086705,6.52112685717602E-16,0.939793423488437));
#5115=DIRECTION('',(-1.46806350363656E-16,1.,0.));
#5116=DIRECTION('center_axis',(-0.939793423488437,-1.37967642598103E-16,
-0.341743063086705));
#5117=DIRECTION('ref_axis',(-0.341743063086705,3.26056342858801E-16,0.939793423488437));
#5118=DIRECTION('center_axis',(1.30714986990809E-30,-1.,0.));
#5119=DIRECTION('ref_axis',(-0.573697192303257,0.,-0.81906747679502));
#5120=DIRECTION('center_axis',(5.02781775759654E-32,1.,0.));
#5121=DIRECTION('ref_axis',(-0.573697192303257,0.,-0.81906747679502));
#5122=DIRECTION('',(-1.30714986990809E-30,1.,0.));
#5123=DIRECTION('center_axis',(1.4394987884339E-31,-1.,0.));
#5124=DIRECTION('ref_axis',(-0.573697192303257,0.,-0.81906747679502));
#5125=DIRECTION('',(1.30714986990809E-30,-1.,0.));
#5126=DIRECTION('center_axis',(-1.4394987884339E-31,1.,0.));
#5127=DIRECTION('ref_axis',(1.,1.4394987884339E-31,6.59069122216449E-16));
#5128=DIRECTION('',(0.341743063086705,4.91938725269E-32,-0.939793423488437));
#5129=DIRECTION('',(-1.,-1.4394987884339E-31,0.));
#5130=DIRECTION('center_axis',(1.4394987884339E-31,-1.,0.));
#5131=DIRECTION('ref_axis',(0.707106781186548,1.01787935481143E-31,0.707106781186548));
#5132=DIRECTION('',(0.,0.,1.));
#5133=DIRECTION('',(1.,1.4394987884339E-31,6.59069122216449E-16));
#5134=DIRECTION('center_axis',(-0.939793423488437,-1.22845085125339E-30,
-0.341743063086705));
#5135=DIRECTION('ref_axis',(-0.341743063086705,0.,0.939793423488437));
#5136=DIRECTION('',(-0.341743063086705,1.71822184112277E-32,0.939793423488437));
#5137=DIRECTION('center_axis',(-0.939793423488437,-1.22845085125339E-30,
-0.341743063086705));
#5138=DIRECTION('ref_axis',(-0.341743063086705,2.60845074287041E-16,0.939793423488437));
#5139=DIRECTION('',(-1.30714986990809E-30,1.,0.));
#5140=DIRECTION('center_axis',(-0.939793423488437,-1.22845085125339E-30,
-0.341743063086705));
#5141=DIRECTION('ref_axis',(-0.341743063086705,-2.60845074287041E-16,0.939793423488437));
#5142=DIRECTION('center_axis',(1.5095567171395E-30,-1.,0.));
#5143=DIRECTION('ref_axis',(-0.573697192303258,0.,-0.819067476795019));
#5144=DIRECTION('center_axis',(5.02781775759654E-32,1.,0.));
#5145=DIRECTION('ref_axis',(-0.573697192303258,0.,-0.819067476795019));
#5146=DIRECTION('',(-1.5095567171395E-30,1.,0.));
#5147=DIRECTION('center_axis',(1.73880392066076E-31,-1.,0.));
#5148=DIRECTION('ref_axis',(-0.573697192303258,0.,-0.819067476795019));
#5149=DIRECTION('',(1.5095567171395E-30,-1.,0.));
#5150=DIRECTION('center_axis',(-1.73880392066076E-31,1.,0.));
#5151=DIRECTION('ref_axis',(1.,1.73880392066076E-31,7.90333827723805E-16));
#5152=DIRECTION('',(0.341743063086705,5.94224177953781E-32,-0.939793423488437));
#5153=DIRECTION('',(-1.,-1.73880392066076E-31,0.));
#5154=DIRECTION('center_axis',(1.73880392066076E-31,-1.,0.));
#5155=DIRECTION('ref_axis',(0.707106781186548,1.22952004345298E-31,0.707106781186548));
#5156=DIRECTION('',(0.,0.,1.));
#5157=DIRECTION('',(1.,1.73880392066076E-31,7.90333827723805E-16));
#5158=DIRECTION('center_axis',(-0.939793423488437,-1.4186714751505E-30,
-0.341743063086705));
#5159=DIRECTION('ref_axis',(-0.341743063086705,0.,0.939793423488437));
#5160=DIRECTION('',(-0.341743063086705,1.71822184112277E-32,0.939793423488437));
#5161=DIRECTION('center_axis',(-0.939793423488437,-1.4186714751505E-30,
-0.341743063086705));
#5162=DIRECTION('ref_axis',(-0.341743063086705,2.60845074287041E-16,0.939793423488437));
#5163=DIRECTION('',(-1.5095567171395E-30,1.,0.));
#5164=DIRECTION('center_axis',(-0.939793423488437,-1.4186714751505E-30,
-0.341743063086705));
#5165=DIRECTION('ref_axis',(-0.341743063086705,-2.60845074287041E-16,0.939793423488437));
#5166=DIRECTION('center_axis',(-6.3287280442671E-33,-1.,0.));
#5167=DIRECTION('ref_axis',(-0.573697192303256,0.,-0.819067476795021));
#5168=DIRECTION('center_axis',(-4.44089209850063E-16,1.,0.));
#5169=DIRECTION('ref_axis',(-0.573697192303256,0.,-0.819067476795021));
#5170=DIRECTION('',(6.3287280442671E-33,1.,0.));
#5171=DIRECTION('center_axis',(-5.02781775759654E-32,-1.,0.));
#5172=DIRECTION('ref_axis',(-0.573697192303256,0.,-0.819067476795021));
#5173=DIRECTION('',(-6.3287280442671E-33,-1.,0.));
#5174=DIRECTION('center_axis',(5.02781775759654E-32,1.,0.));
#5175=DIRECTION('ref_axis',(1.,-5.02781775759654E-32,-1.92746830201895E-16));
#5176=DIRECTION('',(0.341743063086705,-1.71822184112277E-32,-0.939793423488437));
#5177=DIRECTION('',(-1.,5.02781775759654E-32,0.));
#5178=DIRECTION('center_axis',(-5.02781775759654E-32,-1.,0.));
#5179=DIRECTION('ref_axis',(0.707106781186548,-3.55520403096665E-32,0.707106781186548));
#5180=DIRECTION('',(0.,0.,1.));
#5181=DIRECTION('',(1.,-5.02781775759654E-32,-1.92746830201895E-16));
#5182=DIRECTION('center_axis',(-0.939793423488437,5.94769699504906E-33,
-0.341743063086705));
#5183=DIRECTION('ref_axis',(-0.341743063086705,0.,0.939793423488437));
#5184=DIRECTION('',(-0.341743063086705,-1.51764406857915E-16,0.939793423488437));
#5185=DIRECTION('center_axis',(-0.939793423488437,5.94769699504906E-33,
-0.341743063086705));
#5186=DIRECTION('ref_axis',(-0.341743063086704,-1.63028171429401E-15,0.939793423488437));
#5187=DIRECTION('',(6.3287280442671E-33,1.,0.));
#5188=DIRECTION('center_axis',(-0.939793423488437,5.94769699504906E-33,
-0.341743063086705));
#5189=DIRECTION('ref_axis',(-0.341743063086704,-3.26056342858801E-16,0.939793423488437));
#5190=DIRECTION('center_axis',(0.,0.,1.));
#5191=DIRECTION('ref_axis',(0.707106781186548,-0.707106781186548,0.));
#5192=DIRECTION('center_axis',(0.,0.,1.));
#5193=DIRECTION('ref_axis',(0.,-1.,0.));
#5194=DIRECTION('',(0.,0.,-1.));
#5195=DIRECTION('center_axis',(0.,-0.70710678118654,-0.707106781186555));
#5196=DIRECTION('ref_axis',(0.,0.707106781186555,-0.70710678118654));
#5197=DIRECTION('center_axis',(-1.,0.,0.));
#5198=DIRECTION('ref_axis',(0.,-1.,0.));
#5199=DIRECTION('center_axis',(-1.73880392066076E-31,1.,0.));
#5200=DIRECTION('ref_axis',(0.707106781186548,0.,0.707106781186548));
#5201=DIRECTION('center_axis',(-1.,-1.73880392066076E-31,0.));
#5202=DIRECTION('ref_axis',(0.,-0.707106781186554,0.707106781186541));
#5203=DIRECTION('',(1.,1.73880392066076E-31,0.));
#5204=DIRECTION('center_axis',(-0.707106781186554,-0.707106781186541,0.));
#5205=DIRECTION('ref_axis',(0.707106781186541,-0.707106781186554,0.));
#5206=DIRECTION('center_axis',(0.,1.,0.));
#5207=DIRECTION('ref_axis',(0.707106781186553,0.,0.707106781186542));
#5208=DIRECTION('',(0.,1.,0.));
#5209=DIRECTION('',(0.,-1.,0.));
#5210=DIRECTION('center_axis',(0.,0.707106781186543,-0.707106781186552));
#5211=DIRECTION('ref_axis',(0.,0.707106781186552,0.707106781186543));
#5212=DIRECTION('center_axis',(1.5095567171395E-30,-1.,0.));
#5213=DIRECTION('ref_axis',(0.57369719230327,0.,0.819067476795011));
#5214=DIRECTION('',(-1.5095567171395E-30,1.,0.));
#5215=DIRECTION('center_axis',(0.707106781186554,-0.707106781186541,0.));
#5216=DIRECTION('ref_axis',(0.707106781186541,0.707106781186554,0.));
#5217=DIRECTION('center_axis',(1.,-5.02781775759654E-32,0.));
#5218=DIRECTION('ref_axis',(0.,0.707106781186554,0.707106781186541));
#5219=DIRECTION('',(1.,-5.02781775759654E-32,0.));
#5220=DIRECTION('center_axis',(1.,0.,0.));
#5221=DIRECTION('ref_axis',(0.,1.,0.));
#5222=DIRECTION('',(-1.,5.02781775759654E-32,0.));
#5223=DIRECTION('center_axis',(0.,0.,-1.));
#5224=DIRECTION('ref_axis',(0.,1.,0.));
#5225=DIRECTION('center_axis',(-5.02781775759654E-32,-1.,0.));
#5226=DIRECTION('ref_axis',(0.707106781186548,0.,0.707106781186548));
#5227=DIRECTION('center_axis',(5.02781775759654E-32,1.,0.));
#5228=DIRECTION('ref_axis',(0.707106781186548,-3.55520403096665E-32,0.707106781186548));
#5229=DIRECTION('center_axis',(0.,0.,-1.));
#5230=DIRECTION('ref_axis',(0.707106781186548,0.707106781186548,0.));
#5231=DIRECTION('',(0.,0.,1.));
#5232=DIRECTION('',(0.,0.,-1.));
#5233=DIRECTION('center_axis',(0.,-1.,0.));
#5234=DIRECTION('ref_axis',(0.70710678118654,0.,0.707106781186555));
#5235=DIRECTION('',(0.,-1.,0.));
#5236=DIRECTION('center_axis',(5.02781775759654E-32,1.,0.));
#5237=DIRECTION('ref_axis',(0.707106781186548,0.,0.707106781186548));
#5238=DIRECTION('',(0.,1.,0.));
#5239=DIRECTION('center_axis',(-1.,0.,0.));
#5240=DIRECTION('ref_axis',(0.,-1.,0.));
#5241=DIRECTION('',(0.,-1.,0.));
#5242=DIRECTION('',(0.,0.,-1.));
#5243=DIRECTION('',(0.,1.,0.));
#5244=DIRECTION('',(0.,2.28016458095123E-16,1.));
#5245=DIRECTION('',(0.,-1.,0.));
#5246=DIRECTION('',(0.,0.,-1.));
#5247=DIRECTION('',(0.,1.,0.));
#5248=DIRECTION('',(0.,2.28016458095123E-16,1.));
#5249=DIRECTION('',(0.,-1.,0.));
#5250=DIRECTION('',(0.,0.,-1.));
#5251=DIRECTION('',(0.,1.,0.));
#5252=DIRECTION('',(0.,2.28016458095123E-16,1.));
#5253=DIRECTION('',(0.,-1.,0.));
#5254=DIRECTION('',(0.,0.,-1.));
#5255=DIRECTION('',(0.,1.,0.));
#5256=DIRECTION('',(0.,2.28016458095123E-16,1.));
#5257=DIRECTION('',(0.,-1.,0.));
#5258=DIRECTION('',(0.,0.,-1.));
#5259=DIRECTION('',(0.,1.,0.));
#5260=DIRECTION('',(0.,2.28016458095123E-16,1.));
#5261=DIRECTION('',(0.,-1.,0.));
#5262=DIRECTION('',(0.,0.,-1.));
#5263=DIRECTION('',(0.,1.,0.));
#5264=DIRECTION('',(0.,2.28016458095123E-16,1.));
#5265=DIRECTION('',(0.,-1.,0.));
#5266=DIRECTION('',(0.,6.85322869150532E-17,-1.));
#5267=DIRECTION('',(0.,1.,0.));
#5268=DIRECTION('',(0.,0.,-1.));
#5269=DIRECTION('',(0.,-1.,0.));
#5270=DIRECTION('',(0.,2.01858731750028E-16,1.));
#5271=DIRECTION('',(0.,-1.,2.01858731750028E-16));
#5272=DIRECTION('',(0.,-2.01858731750028E-16,-1.));
#5273=DIRECTION('',(0.,-1.,0.));
#5274=DIRECTION('',(0.,4.03717463500057E-16,1.));
#5275=DIRECTION('',(0.,-1.,4.03717463500057E-16));
#5276=DIRECTION('',(0.,-4.03717463500057E-16,-1.));
#5277=DIRECTION('',(0.,-1.,0.));
#5278=DIRECTION('',(0.,0.,1.));
#5279=DIRECTION('',(0.,-1.,0.));
#5280=DIRECTION('',(0.,0.,-1.));
#5281=DIRECTION('',(0.,-1.,0.));
#5282=DIRECTION('',(0.,0.,1.));
#5283=DIRECTION('',(0.,-1.,0.));
#5284=DIRECTION('',(0.,0.,-1.));
#5285=DIRECTION('center_axis',(0.,0.,1.));
#5286=DIRECTION('ref_axis',(0.70710678118656,-0.707106781186535,0.));
#5287=DIRECTION('center_axis',(0.,0.,1.));
#5288=DIRECTION('ref_axis',(0.,-1.,0.));
#5289=DIRECTION('center_axis',(0.,-0.707106781186549,-0.707106781186546));
#5290=DIRECTION('ref_axis',(0.,0.707106781186546,-0.707106781186549));
#5291=DIRECTION('center_axis',(-6.3287280442671E-33,-1.,0.));
#5292=DIRECTION('ref_axis',(0.573697192303255,0.,0.819067476795021));
#5293=DIRECTION('center_axis',(0.707106781186554,-0.707106781186541,0.));
#5294=DIRECTION('ref_axis',(0.707106781186541,0.707106781186554,0.));
#5295=DIRECTION('',(6.3287280442671E-33,1.,0.));
#5296=DIRECTION('center_axis',(-0.707106781186554,-0.707106781186541,0.));
#5297=DIRECTION('ref_axis',(0.707106781186541,-0.707106781186554,0.));
#5298=DIRECTION('center_axis',(1.,4.44089209850063E-16,0.));
#5299=DIRECTION('ref_axis',(0.,0.707106781186541,0.707106781186554));
#5300=DIRECTION('',(1.,4.44089209850063E-16,0.));
#5301=DIRECTION('center_axis',(1.,0.,0.));
#5302=DIRECTION('ref_axis',(0.,1.,0.));
#5303=DIRECTION('',(-1.,-4.44089209850063E-16,0.));
#5304=DIRECTION('center_axis',(0.,0.,-1.));
#5305=DIRECTION('ref_axis',(0.,1.,0.));
#5306=DIRECTION('center_axis',(4.44089209850063E-16,-1.,0.));
#5307=DIRECTION('ref_axis',(0.707106781186548,3.46944695195362E-16,0.707106781186547));
#5308=DIRECTION('center_axis',(-4.44089209850063E-16,1.,0.));
#5309=DIRECTION('ref_axis',(0.707106781186548,3.14018491736755E-16,0.707106781186547));
#5310=DIRECTION('center_axis',(0.,0.,-1.));
#5311=DIRECTION('ref_axis',(0.707106781186548,0.707106781186548,0.));
#5312=DIRECTION('',(0.,0.,-1.));
#5313=DIRECTION('center_axis',(0.,0.707106781186549,-0.707106781186546));
#5314=DIRECTION('ref_axis',(0.,0.707106781186546,0.707106781186549));
#5315=DIRECTION('center_axis',(0.,1.,0.));
#5316=DIRECTION('ref_axis',(0.707106781186553,0.,0.707106781186542));
#5317=DIRECTION('',(0.,1.,0.));
#5318=DIRECTION('center_axis',(-1.,0.,0.));
#5319=DIRECTION('ref_axis',(0.,-1.,0.));
#5320=DIRECTION('center_axis',(-1.,5.02781775759654E-32,0.));
#5321=DIRECTION('ref_axis',(0.,-0.707106781186541,0.707106781186554));
#5322=DIRECTION('',(1.,-5.02781775759654E-32,0.));
#5323=DIRECTION('center_axis',(0.,0.,1.));
#5324=DIRECTION('ref_axis',(-1.,0.,0.));
#5325=DIRECTION('',(0.,1.,0.));
#5326=DIRECTION('',(1.,1.4394987884339E-31,0.));
#5327=DIRECTION('',(-1.30714986990809E-30,1.,0.));
#5328=DIRECTION('',(-1.,5.02781775759654E-32,0.));
#5329=DIRECTION('',(0.,1.,0.));
#5330=DIRECTION('',(1.,2.22044604925031E-16,0.));
#5331=DIRECTION('',(-1.46806350363656E-16,1.,0.));
#5332=DIRECTION('',(-1.,-2.22044604925031E-16,0.));
#5333=DIRECTION('',(0.,1.,0.));
#5334=DIRECTION('',(1.,-2.22044604925031E-16,0.));
#5335=DIRECTION('',(-7.34031751818165E-17,1.,0.));
#5336=DIRECTION('',(-1.,-1.11022302462516E-16,0.));
#5337=DIRECTION('',(0.,1.,0.));
#5338=DIRECTION('',(1.,-1.00143959589757E-16,0.));
#5339=DIRECTION('',(0.,-1.,0.));
#5340=DIRECTION('center_axis',(0.,0.,-1.));
#5341=DIRECTION('ref_axis',(0.,1.,0.));
#5342=DIRECTION('',(0.,1.,0.));
#5343=DIRECTION('',(1.,-1.00143959589757E-16,0.));
#5344=DIRECTION('',(0.,-1.,0.));
#5345=DIRECTION('center_axis',(0.,0.,-1.));
#5346=DIRECTION('ref_axis',(-5.55111512312578E-16,1.,0.));
#5347=DIRECTION('',(-1.37403666145883E-16,1.,0.));
#5348=DIRECTION('',(1.,-1.00143959589757E-16,0.));
#5349=DIRECTION('',(0.,-1.,0.));
#5350=DIRECTION('',(-1.,0.,0.));
#5351=DIRECTION('center_axis',(0.,0.,-1.));
#5352=DIRECTION('ref_axis',(0.707106781186547,-0.707106781186547,0.));
#5353=DIRECTION('',(0.,-1.,0.));
#5354=DIRECTION('center_axis',(0.,0.,-1.));
#5355=DIRECTION('ref_axis',(0.707106781186549,0.707106781186546,0.));
#5356=DIRECTION('',(1.,0.,0.));
#5357=DIRECTION('',(0.,-1.,0.));
#5358=DIRECTION('',(-1.,0.,0.));
#5359=DIRECTION('',(4.01766093611196E-16,1.,0.));
#5360=DIRECTION('center_axis',(0.,0.,-1.));
#5361=DIRECTION('ref_axis',(0.,-1.,0.));
#5362=DIRECTION('',(-5.35688124814928E-16,-1.,0.));
#5363=DIRECTION('',(-1.,0.,0.));
#5364=DIRECTION('',(0.,1.,0.));
#5365=DIRECTION('center_axis',(0.,0.,-1.));
#5366=DIRECTION('ref_axis',(0.,-1.,0.));
#5367=DIRECTION('',(0.,-1.,0.));
#5368=DIRECTION('',(-1.,0.,0.));
#5369=DIRECTION('',(0.,1.,0.));
#5370=DIRECTION('center_axis',(0.,0.,-1.));
#5371=DIRECTION('ref_axis',(1.,0.,0.));
#5372=DIRECTION('center_axis',(0.,0.,1.));
#5373=DIRECTION('ref_axis',(0.707106781186548,-0.707106781186548,0.));
#5374=DIRECTION('center_axis',(0.,0.,1.));
#5375=DIRECTION('ref_axis',(0.,-1.,0.));
#5376=DIRECTION('center_axis',(0.,-0.70710678118655,-0.707106781186545));
#5377=DIRECTION('ref_axis',(0.,0.707106781186545,-0.70710678118655));
#5378=DIRECTION('center_axis',(1.30714986990809E-30,-1.,0.));
#5379=DIRECTION('ref_axis',(0.573697192303255,0.,0.819067476795021));
#5380=DIRECTION('center_axis',(0.707106781186554,-0.707106781186541,0.));
#5381=DIRECTION('ref_axis',(0.707106781186541,0.707106781186554,0.));
#5382=DIRECTION('center_axis',(-0.707106781186554,-0.707106781186541,0.));
#5383=DIRECTION('ref_axis',(0.707106781186541,-0.707106781186554,0.));
#5384=DIRECTION('center_axis',(1.,-5.02781775759654E-32,0.));
#5385=DIRECTION('ref_axis',(0.,0.707106781186554,0.707106781186541));
#5386=DIRECTION('',(1.,-5.02781775759654E-32,0.));
#5387=DIRECTION('center_axis',(1.,0.,0.));
#5388=DIRECTION('ref_axis',(0.,1.,0.));
#5389=DIRECTION('center_axis',(0.,0.,-1.));
#5390=DIRECTION('ref_axis',(0.,1.,0.));
#5391=DIRECTION('center_axis',(-5.02781775759654E-32,-1.,0.));
#5392=DIRECTION('ref_axis',(0.707106781186548,0.,0.707106781186548));
#5393=DIRECTION('center_axis',(5.02781775759654E-32,1.,0.));
#5394=DIRECTION('ref_axis',(0.707106781186548,-3.55520403096665E-32,0.707106781186548));
#5395=DIRECTION('center_axis',(0.,0.,-1.));
#5396=DIRECTION('ref_axis',(0.707106781186548,0.707106781186548,0.));
#5397=DIRECTION('',(0.,0.,-1.));
#5398=DIRECTION('center_axis',(0.,0.707106781186549,-0.707106781186546));
#5399=DIRECTION('ref_axis',(0.,0.707106781186546,0.707106781186549));
#5400=DIRECTION('center_axis',(0.,1.,0.));
#5401=DIRECTION('ref_axis',(0.707106781186553,0.,0.707106781186542));
#5402=DIRECTION('',(0.,1.,0.));
#5403=DIRECTION('center_axis',(-1.,0.,0.));
#5404=DIRECTION('ref_axis',(0.,-1.,0.));
#5405=DIRECTION('center_axis',(-1.4394987884339E-31,1.,0.));
#5406=DIRECTION('ref_axis',(0.707106781186548,0.,0.707106781186548));
#5407=DIRECTION('center_axis',(-1.,-1.4394987884339E-31,0.));
#5408=DIRECTION('ref_axis',(0.,-0.707106781186554,0.707106781186541));
#5409=DIRECTION('center_axis',(0.,-1.,0.));
#5410=DIRECTION('ref_axis',(0.70710678118654,0.,0.707106781186555));
#5411=DIRECTION('center_axis',(0.,4.03717463500057E-16,1.));
#5412=DIRECTION('ref_axis',(0.707106781186554,-0.707106781186541,0.));
#5413=DIRECTION('center_axis',(0.,0.,1.));
#5414=DIRECTION('ref_axis',(0.,-1.,0.));
#5415=DIRECTION('center_axis',(-3.92523114670935E-16,-0.707106781186554,
-0.707106781186541));
#5416=DIRECTION('ref_axis',(3.92523114670928E-16,0.707106781186541,-0.707106781186554));
#5417=DIRECTION('center_axis',(1.46806350363656E-16,-1.,0.));
#5418=DIRECTION('ref_axis',(0.573697192303255,0.,0.819067476795021));
#5419=DIRECTION('center_axis',(0.707106781186548,-0.707106781186548,0.));
#5420=DIRECTION('ref_axis',(0.707106781186547,0.707106781186547,0.));
#5421=DIRECTION('center_axis',(-0.707106781186548,-0.707106781186548,0.));
#5422=DIRECTION('ref_axis',(0.707106781186547,-0.707106781186547,0.));
#5423=DIRECTION('center_axis',(1.,2.22044604925031E-16,0.));
#5424=DIRECTION('ref_axis',(0.,0.707106781186548,0.707106781186548));
#5425=DIRECTION('',(1.,2.22044604925031E-16,0.));
#5426=DIRECTION('center_axis',(1.,0.,0.));
#5427=DIRECTION('ref_axis',(0.,1.,0.));
#5428=DIRECTION('center_axis',(0.,0.,-1.));
#5429=DIRECTION('ref_axis',(0.,1.,0.));
#5430=DIRECTION('center_axis',(2.22044604925031E-16,-1.,4.03717463500057E-16));
#5431=DIRECTION('ref_axis',(0.707106781186548,4.16333634234434E-16,0.707106781186548));
#5432=DIRECTION('center_axis',(-2.22044604925031E-16,1.,-4.03717463500057E-16));
#5433=DIRECTION('ref_axis',(0.707106781186548,4.424806019927E-16,0.707106781186548));
#5434=DIRECTION('center_axis',(0.,-4.03717463500057E-16,-1.));
#5435=DIRECTION('ref_axis',(0.707106781186554,0.707106781186541,0.));
#5436=DIRECTION('',(0.,-4.03717463500057E-16,-1.));
#5437=DIRECTION('center_axis',(0.,0.707106781186554,-0.707106781186541));
#5438=DIRECTION('ref_axis',(0.,0.707106781186541,0.707106781186554));
#5439=DIRECTION('center_axis',(0.,1.,-4.03717463500057E-16));
#5440=DIRECTION('ref_axis',(0.707106781186553,0.,0.707106781186542));
#5441=DIRECTION('',(0.,1.,-4.03717463500057E-16));
#5442=DIRECTION('center_axis',(-1.,0.,0.));
#5443=DIRECTION('ref_axis',(0.,-1.,0.));
#5444=DIRECTION('center_axis',(-2.22044604925031E-16,1.,-4.03717463500057E-16));
#5445=DIRECTION('ref_axis',(0.707106781186548,4.16333634234434E-16,0.707106781186548));
#5446=DIRECTION('center_axis',(-1.,-2.22044604925031E-16,0.));
#5447=DIRECTION('ref_axis',(0.,-0.707106781186554,0.707106781186541));
#5448=DIRECTION('center_axis',(0.,-1.,0.));
#5449=DIRECTION('ref_axis',(0.70710678118654,0.,0.707106781186555));
#5450=DIRECTION('center_axis',(0.,2.01858731750028E-16,1.));
#5451=DIRECTION('ref_axis',(0.707106781186544,-0.707106781186551,0.));
#5452=DIRECTION('center_axis',(0.,0.,1.));
#5453=DIRECTION('ref_axis',(0.,-1.,0.));
#5454=DIRECTION('center_axis',(3.92523114670886E-16,-0.707106781186642,
-0.707106781186453));
#5455=DIRECTION('ref_axis',(-3.92523114670781E-16,0.707106781186453,-0.707106781186642));
#5456=DIRECTION('center_axis',(7.34031751818165E-17,-1.,0.));
#5457=DIRECTION('ref_axis',(0.57369719230327,0.,0.819067476795011));
#5458=DIRECTION('center_axis',(0.707106781186548,-0.707106781186548,0.));
#5459=DIRECTION('ref_axis',(0.707106781186548,0.707106781186548,0.));
#5460=DIRECTION('center_axis',(-0.707106781186548,-0.707106781186548,0.));
#5461=DIRECTION('ref_axis',(0.707106781186547,-0.707106781186547,0.));
#5462=DIRECTION('center_axis',(1.,1.11022302462516E-16,0.));
#5463=DIRECTION('ref_axis',(0.,0.707106781186551,0.707106781186544));
#5464=DIRECTION('',(1.,1.11022302462516E-16,0.));
#5465=DIRECTION('center_axis',(1.,0.,0.));
#5466=DIRECTION('ref_axis',(0.,1.,0.));
#5467=DIRECTION('center_axis',(0.,0.,-1.));
#5468=DIRECTION('ref_axis',(0.,1.,0.));
#5469=DIRECTION('center_axis',(1.11022302462516E-16,-1.,2.01858731750028E-16));
#5470=DIRECTION('ref_axis',(0.707106781186547,2.08166817117217E-16,0.707106781186548));
#5471=DIRECTION('center_axis',(-1.11022302462516E-16,1.,-2.01858731750028E-16));
#5472=DIRECTION('ref_axis',(0.707106781186547,2.2124030099635E-16,0.707106781186548));
#5473=DIRECTION('center_axis',(0.,-2.01858731750028E-16,-1.));
#5474=DIRECTION('ref_axis',(0.707106781186554,0.707106781186541,0.));
#5475=DIRECTION('',(0.,-2.01858731750028E-16,-1.));
#5476=DIRECTION('center_axis',(-3.92523114670883E-16,0.707106781186647,
-0.707106781186448));
#5477=DIRECTION('ref_axis',(-3.92523114670773E-16,0.707106781186448,0.707106781186647));
#5478=DIRECTION('center_axis',(0.,1.,-2.01858731750028E-16));
#5479=DIRECTION('ref_axis',(0.707106781186553,0.,0.707106781186542));
#5480=DIRECTION('',(0.,1.,-2.01858731750028E-16));
#5481=DIRECTION('center_axis',(-1.,0.,0.));
#5482=DIRECTION('ref_axis',(0.,-1.,0.));
#5483=DIRECTION('center_axis',(2.22044604925031E-16,1.,-2.01858731750028E-16));
#5484=DIRECTION('ref_axis',(0.707106781186548,0.,0.707106781186547));
#5485=DIRECTION('center_axis',(-1.,2.22044604925031E-16,0.));
#5486=DIRECTION('ref_axis',(0.,-0.707106781186551,0.707106781186544));
#5487=DIRECTION('center_axis',(0.,-1.,0.));
#5488=DIRECTION('ref_axis',(0.70710678118654,0.,0.707106781186555));
#5489=DIRECTION('center_axis',(0.,-2.01858731750028E-16,-1.));
#5490=DIRECTION('ref_axis',(-1.,0.,0.));
#5491=DIRECTION('',(-1.,-1.11022302462517E-16,-7.27896392096492E-15));
#5492=DIRECTION('center_axis',(0.,-4.03717463500057E-16,-1.));
#5493=DIRECTION('ref_axis',(-1.,0.,0.));
#5494=DIRECTION('',(-1.,-2.22044604925031E-16,-4.19556292086244E-16));
#5495=DIRECTION('center_axis',(0.,0.,-1.));
#5496=DIRECTION('ref_axis',(-1.,0.,0.));
#5497=DIRECTION('',(-1.,5.02781775759654E-32,1.92746830201895E-16));
#5498=DIRECTION('center_axis',(0.,0.,-1.));
#5499=DIRECTION('ref_axis',(-1.,0.,0.));
#5500=DIRECTION('',(-1.,-4.44089209850063E-16,1.92746830201895E-16));
#5501=DIRECTION('center_axis',(0.,0.,-1.));
#5502=DIRECTION('ref_axis',(-1.,0.,0.));
#5503=DIRECTION('',(-1.,5.02781775759654E-32,1.92746830201895E-16));
#5504=DIRECTION('center_axis',(-5.02781775759654E-32,-1.,0.));
#5505=DIRECTION('ref_axis',(-1.,5.02781775759654E-32,1.92746830201895E-16));
#5506=DIRECTION('center_axis',(0.,-1.,0.));
#5507=DIRECTION('ref_axis',(0.70710678118654,0.,0.707106781186555));
#5508=DIRECTION('center_axis',(-1.77635683940026E-14,-1.,0.));
#5509=DIRECTION('ref_axis',(0.,0.,1.));
#5510=DIRECTION('center_axis',(1.11022302462516E-16,-1.,2.01858731750028E-16));
#5511=DIRECTION('ref_axis',(-1.,-1.11022302462517E-16,-7.27896392096492E-15));
#5512=DIRECTION('center_axis',(0.,-1.,0.));
#5513=DIRECTION('ref_axis',(0.70710678118654,0.,0.707106781186555));
#5514=DIRECTION('center_axis',(0.,1.,0.));
#5515=DIRECTION('ref_axis',(1.,0.,0.));
#5516=DIRECTION('center_axis',(4.44089209850063E-16,-1.,0.));
#5517=DIRECTION('ref_axis',(-1.,-4.44089209850063E-16,1.92746830201895E-16));
#5518=DIRECTION('center_axis',(2.22044604925031E-16,-1.,4.03717463500057E-16));
#5519=DIRECTION('ref_axis',(-1.,-2.22044604925031E-16,-4.19556292086244E-16));
#5520=DIRECTION('center_axis',(-5.02781775759654E-32,-1.,0.));
#5521=DIRECTION('ref_axis',(-1.,5.02781775759654E-32,1.92746830201895E-16));
#5522=DIRECTION('center_axis',(0.,0.,1.));
#5523=DIRECTION('ref_axis',(-1.,0.,0.));
#5524=DIRECTION('',(1.,0.,0.));
#5525=DIRECTION('',(0.,-1.,0.));
#5526=DIRECTION('',(-1.,0.,0.));
#5527=DIRECTION('center_axis',(0.,0.,1.));
#5528=DIRECTION('ref_axis',(-1.,0.,0.));
#5529=DIRECTION('',(-1.,0.,0.));
#5530=DIRECTION('',(1.,0.,0.));
#5531=DIRECTION('',(0.,-1.,0.));
#5532=DIRECTION('center_axis',(0.,0.,1.));
#5533=DIRECTION('ref_axis',(-1.,0.,0.));
#5534=DIRECTION('',(-1.,0.,0.));
#5535=DIRECTION('',(1.,0.,0.));
#5536=DIRECTION('',(0.,-1.,0.));
#5537=DIRECTION('center_axis',(0.,0.,1.));
#5538=DIRECTION('ref_axis',(-1.,0.,0.));
#5539=DIRECTION('',(1.,0.,0.));
#5540=DIRECTION('',(0.,-1.,0.));
#5541=DIRECTION('center_axis',(0.,0.,-1.));
#5542=DIRECTION('ref_axis',(0.707106781186548,-0.707106781186547,0.));
#5543=DIRECTION('',(-1.,-1.15498038247966E-16,0.));
#5544=DIRECTION('center_axis',(0.,0.,-1.));
#5545=DIRECTION('ref_axis',(-0.707106781186548,-0.707106781186547,0.));
#5546=DIRECTION('',(-1.06994395627354E-17,1.,0.));
#5547=DIRECTION('center_axis',(0.,0.,-1.));
#5548=DIRECTION('ref_axis',(-0.707106781186546,0.707106781186549,0.));
#5549=DIRECTION('',(1.,-3.89046023572098E-16,0.));
#5550=DIRECTION('center_axis',(0.,0.,-1.));
#5551=DIRECTION('ref_axis',(0.707106781186548,0.707106781186548,0.));
#5552=DIRECTION('',(0.,-1.,0.));
#5553=DIRECTION('',(-1.,0.,0.));
#5554=DIRECTION('center_axis',(0.,0.,1.));
#5555=DIRECTION('ref_axis',(0.707106781186535,0.70710678118656,0.));
#5556=DIRECTION('',(-1.,0.,0.));
#5557=DIRECTION('center_axis',(0.,0.,1.));
#5558=DIRECTION('ref_axis',(-0.707106781186555,0.70710678118654,0.));
#5559=DIRECTION('',(0.,-1.,0.));
#5560=DIRECTION('center_axis',(0.,0.,1.));
#5561=DIRECTION('ref_axis',(-0.707106781186548,-0.707106781186547,0.));
#5562=DIRECTION('',(1.,-1.00143959589757E-16,0.));
#5563=DIRECTION('center_axis',(0.,0.,1.));
#5564=DIRECTION('ref_axis',(0.707106781186553,-0.707106781186542,0.));
#5565=DIRECTION('center_axis',(0.,0.,1.));
#5566=DIRECTION('ref_axis',(-1.,0.,0.));
#5567=DIRECTION('',(-1.,0.,0.));
#5568=DIRECTION('',(1.,0.,0.));
#5569=DIRECTION('',(0.,-1.,0.));
#5570=DIRECTION('center_axis',(0.,0.,1.));
#5571=DIRECTION('ref_axis',(-1.,0.,0.));
#5572=DIRECTION('',(1.,0.,0.));
#5573=DIRECTION('',(0.,-1.,0.));
#5574=DIRECTION('',(-1.,0.,0.));
#5575=DIRECTION('center_axis',(1.,0.,0.));
#5576=DIRECTION('ref_axis',(0.,1.,0.));
#5577=DIRECTION('',(0.,-2.28016458095123E-16,-1.));
#5578=DIRECTION('',(0.,0.,-1.));
#5579=DIRECTION('',(0.,1.,0.));
#5580=DIRECTION('center_axis',(1.,0.,0.));
#5581=DIRECTION('ref_axis',(0.,1.,0.));
#5582=DIRECTION('',(0.,2.28016458095123E-16,1.));
#5583=DIRECTION('',(0.,1.,0.));
#5584=DIRECTION('',(0.,-2.28016458095123E-16,-1.));
#5585=DIRECTION('center_axis',(1.,0.,0.));
#5586=DIRECTION('ref_axis',(0.,1.,0.));
#5587=DIRECTION('',(0.,-2.28016458095123E-16,-1.));
#5588=DIRECTION('',(0.,2.28016458095123E-16,1.));
#5589=DIRECTION('',(0.,1.,0.));
#5590=DIRECTION('center_axis',(1.,0.,0.));
#5591=DIRECTION('ref_axis',(0.,1.,0.));
#5592=DIRECTION('',(0.,-2.28016458095123E-16,-1.));
#5593=DIRECTION('',(0.,2.28016458095123E-16,1.));
#5594=DIRECTION('',(0.,1.,0.));
#5595=DIRECTION('center_axis',(1.,0.,0.));
#5596=DIRECTION('ref_axis',(0.,1.,0.));
#5597=DIRECTION('',(0.,-1.33348999865913E-17,1.));
#5598=DIRECTION('',(0.,1.,0.));
#5599=DIRECTION('',(0.,0.,-1.));
#5600=DIRECTION('center_axis',(1.,0.,0.));
#5601=DIRECTION('ref_axis',(0.,1.,0.));
#5602=DIRECTION('',(0.,-2.28016458095123E-16,-1.));
#5603=DIRECTION('',(0.,2.28016458095123E-16,1.));
#5604=DIRECTION('',(0.,1.,0.));
#5605=DIRECTION('center_axis',(1.,0.,0.));
#5606=DIRECTION('ref_axis',(0.,1.,0.));
#5607=DIRECTION('',(0.,2.28016458095123E-16,1.));
#5608=DIRECTION('',(0.,1.,0.));
#5609=DIRECTION('',(0.,-2.28016458095123E-16,-1.));
#5610=DIRECTION('center_axis',(1.,0.,2.22044604925031E-16));
#5611=DIRECTION('ref_axis',(-3.92523114670945E-16,-0.707106781186547,0.707106781186548));
#5612=DIRECTION('',(1.,0.,2.22044604925031E-16));
#5613=DIRECTION('center_axis',(1.,9.6522480888972E-17,0.));
#5614=DIRECTION('ref_axis',(-3.92523114670945E-16,-0.707106781186547,0.707106781186548));
#5615=DIRECTION('',(1.,0.,2.22044604925031E-16));
#5616=DIRECTION('center_axis',(1.,0.,0.));
#5617=DIRECTION('ref_axis',(-3.92523114670945E-16,-0.707106781186547,0.707106781186548));
#5618=DIRECTION('center_axis',(1.,0.,0.));
#5619=DIRECTION('ref_axis',(0.,-1.,0.));
#5620=DIRECTION('',(0.,1.,-1.55344754641369E-31));
#5621=DIRECTION('',(0.,1.,2.91470992456468E-31));
#5622=DIRECTION('center_axis',(1.,0.,0.));
#5623=DIRECTION('ref_axis',(0.,0.707106781186547,0.707106781186548));
#5624=DIRECTION('',(0.,-1.,1.55344754641369E-31));
#5625=DIRECTION('',(0.,0.,-1.));
#5626=DIRECTION('',(0.,1.,0.));
#5627=DIRECTION('',(0.,0.,1.));
#5628=DIRECTION('center_axis',(1.,9.6522480888972E-17,0.));
#5629=DIRECTION('ref_axis',(9.6522480888972E-17,-1.,0.));
#5630=DIRECTION('',(9.6522480888972E-17,-1.,1.76777050776745E-31));
#5631=DIRECTION('',(0.,0.,-1.));
#5632=DIRECTION('',(9.6522480888972E-17,-1.,0.));
#5633=DIRECTION('',(0.,0.,1.));
#5634=DIRECTION('',(-9.6522480888972E-17,1.,-1.76777050776745E-31));
#5635=DIRECTION('center_axis',(1.,9.6522480888972E-17,0.));
#5636=DIRECTION('ref_axis',(0.,0.707106781186547,0.707106781186548));
#5637=DIRECTION('',(-9.6522480888972E-17,1.,2.70038696321092E-31));
#5638=DIRECTION('center_axis',(-1.,0.,-2.22044604925031E-16));
#5639=DIRECTION('ref_axis',(0.,0.707106781186547,0.707106781186548));
#5640=DIRECTION('',(-1.,0.,-2.22044604925031E-16));
#5641=DIRECTION('',(-1.,0.,-2.22044604925031E-16));
#5642=DIRECTION('center_axis',(0.,0.,1.));
#5643=DIRECTION('ref_axis',(1.,0.,0.));
#5644=DIRECTION('center_axis',(0.,0.,1.));
#5645=DIRECTION('ref_axis',(1.,0.,0.));
#5646=DIRECTION('center_axis',(0.,-1.,0.));
#5647=DIRECTION('ref_axis',(-1.,0.,0.));
#5648=DIRECTION('center_axis',(-2.87139020981548E-16,0.,-1.));
#5649=DIRECTION('ref_axis',(1.,-5.02781775759654E-32,-2.87139020981548E-16));
#5650=DIRECTION('center_axis',(-4.42547010742555E-16,2.77555756156295E-17,
1.));
#5651=DIRECTION('ref_axis',(1.,-5.02781775759654E-32,-2.87139020981548E-16));
#5652=DIRECTION('',(2.87139020981548E-16,0.,1.));
#5653=DIRECTION('center_axis',(5.2245789394125E-16,0.,-1.));
#5654=DIRECTION('ref_axis',(1.,-4.2908289363884E-32,2.65528206445533E-16));
#5655=DIRECTION('center_axis',(4.42547010742555E-16,-2.77555756156295E-17,
-1.));
#5656=DIRECTION('ref_axis',(1.,-4.2908289363884E-32,2.65528206445533E-16));
#5657=DIRECTION('',(0.116841247567396,-1.43089259841795E-17,0.993150604322876));
#5658=DIRECTION('center_axis',(-4.42547010742555E-16,2.77555756156295E-17,
1.));
#5659=DIRECTION('ref_axis',(1.,-5.02781775759654E-32,0.));
#5660=DIRECTION('center_axis',(-4.42547010742555E-16,2.77555756156295E-17,
1.));
#5661=DIRECTION('ref_axis',(1.,-5.02781775759654E-32,0.));
#5662=DIRECTION('center_axis',(-4.42547010742555E-16,2.77555756156295E-17,
1.));
#5663=DIRECTION('ref_axis',(1.,0.,4.42547010742554E-16));
#5664=DIRECTION('center_axis',(0.,0.,-1.));
#5665=DIRECTION('ref_axis',(-1.,5.02781775759654E-32,0.));
#5666=DIRECTION('center_axis',(0.,0.,-1.));
#5667=DIRECTION('ref_axis',(-1.,5.02781775759654E-32,0.));
#5668=DIRECTION('',(0.,0.,-1.));
#5669=DIRECTION('center_axis',(0.,0.,1.));
#5670=DIRECTION('ref_axis',(-1.,5.02781775759654E-32,0.));
#5671=DIRECTION('center_axis',(0.,0.,1.));
#5672=DIRECTION('ref_axis',(-1.,5.02781775759654E-32,0.));
#5673=DIRECTION('',(-0.707106781186547,-8.65956056235493E-17,-0.707106781186547));
#5674=DIRECTION('center_axis',(0.,0.,1.));
#5675=DIRECTION('ref_axis',(1.,0.,0.));
#5676=DIRECTION('',(-1.,-1.15498038247966E-16,0.));
#5677=DIRECTION('',(0.,-1.,0.));
#5678=DIRECTION('',(1.,-3.89046023572098E-16,0.));
#5679=DIRECTION('',(-1.06994395627354E-17,1.,0.));
#5680=DIRECTION('',(-1.,0.,0.));
#5681=DIRECTION('center_axis',(0.,0.,1.));
#5682=DIRECTION('ref_axis',(0.707106781186549,0.707106781186546,0.));
#5683=DIRECTION('',(-9.6522480888972E-17,1.,0.));
#5684=DIRECTION('center_axis',(0.,0.,1.));
#5685=DIRECTION('ref_axis',(0.707106781186549,-0.707106781186546,0.));
#5686=DIRECTION('',(1.,0.,0.));
#5687=DIRECTION('',(-1.06994395627354E-17,1.,0.));
#5688=DIRECTION('center_axis',(0.,0.,1.));
#5689=DIRECTION('ref_axis',(-1.,0.,0.));
#5690=DIRECTION('center_axis',(0.,0.,1.));
#5691=DIRECTION('ref_axis',(-1.,0.,0.));
#5692=DIRECTION('center_axis',(0.,0.,1.));
#5693=DIRECTION('ref_axis',(-1.,0.,0.));
#5694=DIRECTION('center_axis',(0.,0.,1.));
#5695=DIRECTION('ref_axis',(-1.,0.,0.));
#5696=DIRECTION('center_axis',(-2.22044604925031E-16,-2.91470992456468E-31,
1.));
#5697=DIRECTION('ref_axis',(1.,0.,2.22044604925031E-16));
#5698=DIRECTION('center_axis',(0.,0.,1.));
#5699=DIRECTION('ref_axis',(-0.707106781186549,0.707106781186546,0.));
#5700=DIRECTION('center_axis',(0.,0.,1.));
#5701=DIRECTION('ref_axis',(0.,1.,0.));
#5702=DIRECTION('',(0.,0.,-1.));
#5703=DIRECTION('center_axis',(2.22044604925031E-16,-1.55344754641369E-31,
-1.));
#5704=DIRECTION('ref_axis',(-0.707106781186549,0.707106781186546,0.));
#5705=DIRECTION('',(0.,0.,1.));
#5706=DIRECTION('center_axis',(0.,0.,-1.));
#5707=DIRECTION('ref_axis',(-1.,0.,0.));
#5708=DIRECTION('center_axis',(0.,1.,0.));
#5709=DIRECTION('ref_axis',(-1.,0.,0.));
#5710=DIRECTION('center_axis',(0.,0.,1.));
#5711=DIRECTION('ref_axis',(0.,1.,0.));
#5712=DIRECTION('center_axis',(1.,0.,0.));
#5713=DIRECTION('ref_axis',(0.,0.,1.));
#5714=DIRECTION('center_axis',(0.,0.,-1.));
#5715=DIRECTION('ref_axis',(-1.,0.,0.));
#5716=DIRECTION('center_axis',(1.,0.,0.));
#5717=DIRECTION('ref_axis',(0.,1.,0.));
#5718=DIRECTION('center_axis',(0.,0.,1.));
#5719=DIRECTION('ref_axis',(1.,0.,0.));
#5720=DIRECTION('center_axis',(0.,-1.,0.));
#5721=DIRECTION('ref_axis',(0.,0.,1.));
#5722=DIRECTION('center_axis',(1.,0.,0.));
#5723=DIRECTION('ref_axis',(0.,0.707106781186548,0.707106781186548));
#5724=DIRECTION('center_axis',(-1.,0.,0.));
#5725=DIRECTION('ref_axis',(0.,0.,1.));
#5726=DIRECTION('',(1.,0.,0.));
#5727=DIRECTION('center_axis',(0.,0.,-1.));
#5728=DIRECTION('ref_axis',(0.707106781186549,-0.707106781186546,0.));
#5729=DIRECTION('center_axis',(-2.22044604925031E-16,1.55344754641369E-31,
1.));
#5730=DIRECTION('ref_axis',(0.707106781186549,-0.707106781186546,0.));
#5731=DIRECTION('',(0.,0.,-1.));
#5732=DIRECTION('center_axis',(0.,1.,0.));
#5733=DIRECTION('ref_axis',(-0.707106781186549,0.,0.707106781186546));
#5734=DIRECTION('center_axis',(0.,0.,-1.));
#5735=DIRECTION('ref_axis',(0.707106781186549,0.707106781186546,0.));
#5736=DIRECTION('center_axis',(-2.22044604925031E-16,1.55344754641369E-31,
1.));
#5737=DIRECTION('ref_axis',(0.707106781186549,0.707106781186546,0.));
#5738=DIRECTION('',(0.,0.,1.));
#5739=DIRECTION('center_axis',(-1.,0.,0.));
#5740=DIRECTION('ref_axis',(0.,-0.707106781186548,0.707106781186548));
#5741=DIRECTION('center_axis',(-1.,0.,0.));
#5742=DIRECTION('ref_axis',(0.,-1.,0.));
#5743=DIRECTION('',(-1.,0.,0.));
#5744=DIRECTION('center_axis',(-0.408248290463863,-0.816496580927726,0.408248290463863));
#5745=DIRECTION('ref_axis',(-0.577350269189625,0.577350269189626,0.577350269189626));
#5746=DIRECTION('center_axis',(0.,-1.,0.));
#5747=DIRECTION('ref_axis',(-0.707106781186547,0.,0.707106781186548));
#5748=DIRECTION('center_axis',(0.,0.,-1.));
#5749=DIRECTION('ref_axis',(-0.707106781186549,-0.707106781186546,0.));
#5750=DIRECTION('center_axis',(0.,0.,1.));
#5751=DIRECTION('ref_axis',(-1.,0.,0.));
#5752=DIRECTION('',(0.,0.,-1.));
#5753=DIRECTION('center_axis',(2.22044604925031E-16,-1.55344754641369E-31,
-1.));
#5754=DIRECTION('ref_axis',(-0.707106781186549,-0.707106781186546,0.));
#5755=DIRECTION('',(0.,0.,1.));
#5756=DIRECTION('center_axis',(0.408248290463861,-0.816496580927727,-0.408248290463862));
#5757=DIRECTION('ref_axis',(-0.577350269189626,-0.577350269189623,0.577350269189628));
#5758=DIRECTION('center_axis',(0.,1.,0.));
#5759=DIRECTION('ref_axis',(-0.707106781186547,0.,0.707106781186548));
#5760=DIRECTION('center_axis',(0.,1.,0.));
#5761=DIRECTION('ref_axis',(-0.707106781186547,0.,0.707106781186548));
#5762=DIRECTION('center_axis',(-4.44089209850062E-15,1.,0.));
#5763=DIRECTION('ref_axis',(0.,0.,1.));
#5764=DIRECTION('',(0.,1.,0.));
#5765=DIRECTION('center_axis',(0.,1.,0.));
#5766=DIRECTION('ref_axis',(-0.707106781186547,0.,0.707106781186548));
#5767=DIRECTION('',(0.,1.,0.));
#5768=DIRECTION('center_axis',(0.,-1.,0.));
#5769=DIRECTION('ref_axis',(-1.,0.,0.));
#5770=DIRECTION('center_axis',(1.,0.,0.));
#5771=DIRECTION('ref_axis',(0.,1.,0.));
#5772=DIRECTION('',(0.,1.,-1.55344754641369E-31));
#5773=DIRECTION('',(0.,0.,-1.));
#5774=DIRECTION('',(0.,0.,-1.));
#5775=DIRECTION('',(0.,1.,-1.55344754641369E-31));
#5776=DIRECTION('',(0.,0.,-1.));
#5777=DIRECTION('center_axis',(1.,0.,0.));
#5778=DIRECTION('ref_axis',(0.,0.707106781186546,-0.707106781186549));
#5779=DIRECTION('',(0.,-1.,0.));
#5780=DIRECTION('center_axis',(1.,0.,0.));
#5781=DIRECTION('ref_axis',(0.,-0.707106781186549,-0.707106781186546));
#5782=DIRECTION('',(0.,0.,1.));
#5783=DIRECTION('center_axis',(-1.,0.,0.));
#5784=DIRECTION('ref_axis',(-4.20313681650322E-18,0.707106781186546,-0.707106781186549));
#5785=DIRECTION('center_axis',(-1.,-1.06994395627354E-17,0.));
#5786=DIRECTION('ref_axis',(-7.5656462697058E-18,0.707106781186546,-0.707106781186549));
#5787=DIRECTION('',(0.707106781186547,0.,0.707106781186548));
#5788=DIRECTION('center_axis',(1.,1.06994395627354E-17,0.));
#5789=DIRECTION('ref_axis',(0.,0.707106781186546,-0.707106781186549));
#5790=DIRECTION('center_axis',(-0.559450196109917,0.563328545320328,0.608010220390956));
#5791=DIRECTION('ref_axis',(0.735882286732651,0.,0.677109488984702));
#5792=DIRECTION('',(0.0563847364909268,-0.705981855818851,0.705981855818845));
#5793=DIRECTION('',(0.708225721312438,0.705981855818846,-0.00243863200472563));
#5794=DIRECTION('',(-0.735882286732649,6.03478596857984E-15,-0.677109488984705));
#5795=DIRECTION('center_axis',(-0.704664263417643,0.707106781186549,0.0587220219514703));
#5796=DIRECTION('ref_axis',(0.08304547985374,0.,0.99654575824488));
#5797=DIRECTION('',(-0.704664263417646,-0.707106781186546,0.0587220219514693));
#5798=DIRECTION('',(0.08304547985374,0.,0.99654575824488));
#5799=DIRECTION('',(-0.08304547985374,0.,-0.99654575824488));
#5800=DIRECTION('center_axis',(-0.677109488984705,-7.24469205474648E-18,
0.735882286732649));
#5801=DIRECTION('ref_axis',(0.735882286732649,0.,0.677109488984705));
#5802=DIRECTION('',(0.735882286732649,0.,0.677109488984705));
#5803=DIRECTION('',(1.06994395627354E-17,-1.,0.));
#5804=DIRECTION('center_axis',(-0.559450196109912,-0.563328545320334,0.608010220390955));
#5805=DIRECTION('ref_axis',(0.735882286732654,0.,0.677109488984699));
#5806=DIRECTION('',(-0.0563847364909239,-0.705981855818848,-0.705981855818848));
#5807=DIRECTION('',(0.735882286732649,1.20695719371597E-14,0.677109488984705));
#5808=DIRECTION('',(-0.708225721312445,0.705981855818839,0.00243863200472565));
#5809=DIRECTION('center_axis',(-0.677109488984705,-7.24469205474648E-18,
0.735882286732649));
#5810=DIRECTION('ref_axis',(0.735882286732649,0.,0.677109488984705));
#5811=DIRECTION('',(-0.735882286732649,0.,-0.677109488984705));
#5812=DIRECTION('',(1.06994395627354E-17,-1.,0.));
#5813=DIRECTION('center_axis',(-0.704664263417636,-0.707106781186556,0.0587220219514697));
#5814=DIRECTION('ref_axis',(0.08304547985374,0.,0.99654575824488));
#5815=DIRECTION('',(0.704664263417654,-0.707106781186538,-0.0587220219514681));
#5816=DIRECTION('',(0.08304547985374,0.,0.99654575824488));
#5817=DIRECTION('',(-0.08304547985374,0.,-0.99654575824488));
#5818=DIRECTION('center_axis',(0.,-0.707106781186548,0.707106781186548));
#5819=DIRECTION('ref_axis',(1.,0.,0.));
#5820=DIRECTION('',(1.52102706934991E-15,0.707106781186548,0.707106781186548));
#5821=DIRECTION('',(1.,0.,0.));
#5822=DIRECTION('center_axis',(0.,0.,1.));
#5823=DIRECTION('ref_axis',(0.707106781186549,0.707106781186546,0.));
#5824=DIRECTION('center_axis',(0.,0.,-1.));
#5825=DIRECTION('ref_axis',(0.707106781186549,0.707106781186546,0.));
#5826=DIRECTION('',(0.707106781186546,0.,0.707106781186549));
#5827=DIRECTION('center_axis',(-0.707106781186542,-6.82517007735405E-17,
0.707106781186553));
#5828=DIRECTION('ref_axis',(0.707106781186553,0.,0.707106781186542));
#5829=DIRECTION('',(0.707106781186553,0.,0.707106781186542));
#5830=DIRECTION('center_axis',(0.,0.,1.));
#5831=DIRECTION('ref_axis',(0.707106781186549,-0.707106781186546,0.));
#5832=DIRECTION('center_axis',(0.,0.,-1.));
#5833=DIRECTION('ref_axis',(0.707106781186549,-0.707106781186546,0.));
#5834=DIRECTION('',(9.81307786677361E-17,-0.707106781186546,0.707106781186549));
#5835=DIRECTION('center_axis',(0.,0.707106781186544,0.707106781186551));
#5836=DIRECTION('ref_axis',(1.,0.,0.));
#5837=DIRECTION('',(-1.,0.,0.));
#5838=DIRECTION('center_axis',(-0.707106781186547,-7.56564626970581E-18,
0.707106781186548));
#5839=DIRECTION('ref_axis',(0.707106781186548,0.,0.707106781186547));
#5840=DIRECTION('',(1.06994395627354E-17,-1.,0.));
#5841=DIRECTION('',(0.707106781186547,0.,0.707106781186548));
#5842=DIRECTION('',(-1.06994395627354E-17,1.,0.));
#5843=DIRECTION('center_axis',(-1.,0.,0.));
#5844=DIRECTION('ref_axis',(4.20313681650324E-18,-0.707106781186549,-0.707106781186546));
#5845=DIRECTION('center_axis',(1.,1.06994395627354E-17,0.));
#5846=DIRECTION('ref_axis',(0.,-0.707106781186549,-0.707106781186546));
#5847=DIRECTION('center_axis',(-1.,-1.06994395627354E-17,0.));
#5848=DIRECTION('ref_axis',(7.56564626970583E-18,-0.707106781186549,-0.707106781186546));
#5849=DIRECTION('',(0.73600472320067,-0.0100150600583457,0.67690231643741));
#5850=DIRECTION('',(-0.0100150600583528,0.736004723200671,-0.67690231643741));
#5851=DIRECTION('center_axis',(2.63426754212437E-16,0.677109488984712,0.735882286732642));
#5852=DIRECTION('ref_axis',(1.,0.,-3.57974038731203E-16));
#5853=DIRECTION('',(0.,0.735882286732642,-0.677109488984712));
#5854=DIRECTION('',(-1.,3.89046023572098E-16,0.));
#5855=DIRECTION('',(0.,-0.735882286732642,0.677109488984712));
#5856=DIRECTION('',(-0.0100150600583458,-0.736004723200659,0.676902316437423));
#5857=DIRECTION('',(0.73600472320066,0.0100150600583458,-0.676902316437421));
#5858=DIRECTION('center_axis',(0.67710948898471,0.,0.735882286732643));
#5859=DIRECTION('ref_axis',(0.735882286732643,0.,-0.67710948898471));
#5860=DIRECTION('',(0.735882286732643,0.,-0.67710948898471));
#5861=DIRECTION('',(0.,1.,0.));
#5862=DIRECTION('',(-0.735882286732643,0.,0.67710948898471));
#5863=DIRECTION('',(-0.736004723200659,0.0100150600583528,0.676902316437423));
#5864=DIRECTION('',(0.0100150600583457,-0.73600472320067,-0.676902316437411));
#5865=DIRECTION('center_axis',(7.82048176568166E-17,-0.677109488984706,
0.735882286732647));
#5866=DIRECTION('ref_axis',(1.,0.,-1.06273542748324E-16));
#5867=DIRECTION('',(0.,-0.735882286732647,-0.677109488984706));
#5868=DIRECTION('',(1.,1.15498038247966E-16,0.));
#5869=DIRECTION('',(0.,0.735882286732647,0.677109488984706));
#5870=DIRECTION('',(0.0100150600583504,0.736004723200669,0.676902316437412));
#5871=DIRECTION('',(-0.736004723200669,-0.0100150600583539,-0.676902316437412));
#5872=DIRECTION('center_axis',(0.,-1.,0.));
#5873=DIRECTION('ref_axis',(-1.,0.,0.));
#5874=DIRECTION('',(0.,0.,1.));
#5875=DIRECTION('',(1.,0.,2.22044604925031E-16));
#5876=DIRECTION('',(1.,0.,0.));
#5877=DIRECTION('center_axis',(0.,0.,-1.));
#5878=DIRECTION('ref_axis',(0.707106781186549,-0.707106781186546,0.));
#5879=DIRECTION('center_axis',(2.22044604925031E-16,-1.55344754641369E-31,
-1.));
#5880=DIRECTION('ref_axis',(0.707106781186549,-0.707106781186546,0.));
#5881=DIRECTION('center_axis',(0.,0.,-1.));
#5882=DIRECTION('ref_axis',(0.707106781186549,0.707106781186546,0.));
#5883=DIRECTION('',(0.,0.,-1.));
#5884=DIRECTION('center_axis',(2.22044604925031E-16,-1.55344754641369E-31,
-1.));
#5885=DIRECTION('ref_axis',(0.707106781186549,0.707106781186546,0.));
#5886=DIRECTION('center_axis',(0.,1.,0.));
#5887=DIRECTION('ref_axis',(1.,0.,0.));
#5888=DIRECTION('',(-1.,0.,0.));
#5889=DIRECTION('',(-1.,0.,-2.22044604925031E-16));
#5890=DIRECTION('center_axis',(3.87702164552811E-16,0.99654575824488,0.0830454798537382));
#5891=DIRECTION('ref_axis',(0.,-0.0830454798537382,0.99654575824488));
#5892=DIRECTION('',(-0.0827605888602365,-0.082760588860235,0.993127066322842));
#5893=DIRECTION('center_axis',(-3.87702164552811E-16,-0.99654575824488,
-0.0830454798537382));
#5894=DIRECTION('ref_axis',(3.84162515936103E-17,0.0830454798537382,-0.99654575824488));
#5895=DIRECTION('',(-1.,3.89046023572098E-16,0.));
#5896=DIRECTION('center_axis',(-3.87702164552811E-16,-0.99654575824488,
-0.0830454798537382));
#5897=DIRECTION('ref_axis',(3.07330012748882E-17,0.0830454798537382,-0.99654575824488));
#5898=DIRECTION('',(-0.0827605888602369,0.0827605888602351,-0.993127066322842));
#5899=DIRECTION('center_axis',(0.0827605888602365,0.082760588860235,-0.993127066322842));
#5900=DIRECTION('ref_axis',(0.702246883176783,0.702246883176783,0.11704114719613));
#5901=DIRECTION('',(0.0827605888602365,0.082760588860235,-0.993127066322842));
#5902=DIRECTION('center_axis',(-0.0414515792133808,-0.0414515792134147,
0.99828028787582));
#5903=DIRECTION('ref_axis',(-0.705890761082153,-0.705890761081549,-0.0586213855053697));
#5904=DIRECTION('center_axis',(0.99654575824488,0.,0.0830454798537397));
#5905=DIRECTION('ref_axis',(0.0830454798537397,0.,-0.99654575824488));
#5906=DIRECTION('',(-0.0830454798537397,0.,0.99654575824488));
#5907=DIRECTION('',(0.,1.,0.));
#5908=DIRECTION('',(0.0830454798537397,-2.27228834124717E-16,-0.99654575824488));
#5909=DIRECTION('',(-0.0830454798537397,0.,0.99654575824488));
#5910=DIRECTION('',(0.,1.,0.));
#5911=DIRECTION('',(0.0830454798537397,-2.27228834124717E-16,-0.99654575824488));
#5912=DIRECTION('',(-0.0830454798537397,0.,0.99654575824488));
#5913=DIRECTION('',(0.,1.,0.));
#5914=DIRECTION('',(0.0830454798537397,-2.27228834124717E-16,-0.99654575824488));
#5915=DIRECTION('center_axis',(-0.99654575824488,0.,-0.0830454798537397));
#5916=DIRECTION('ref_axis',(0.0830454798537397,0.,-0.99654575824488));
#5917=DIRECTION('',(-0.0827605888602365,0.0827605888602377,0.993127066322842));
#5918=DIRECTION('center_axis',(-0.99654575824488,0.,-0.0830454798537397));
#5919=DIRECTION('ref_axis',(0.0830454798537397,-7.6832503187222E-18,-0.99654575824488));
#5920=DIRECTION('',(-0.0830454798537397,-6.82955598280173E-17,0.99654575824488));
#5921=DIRECTION('',(0.,1.,0.));
#5922=DIRECTION('',(0.0830454798537397,-2.27228834124717E-16,-0.99654575824488));
#5923=DIRECTION('',(-0.0830454798537397,0.,0.99654575824488));
#5924=DIRECTION('',(0.,1.,0.));
#5925=DIRECTION('',(0.0830454798537397,-2.27228834124717E-16,-0.99654575824488));
#5926=DIRECTION('',(-0.0830454798537397,0.,0.99654575824488));
#5927=DIRECTION('',(0.,1.,0.));
#5928=DIRECTION('',(0.0830454798537397,-2.27228834124717E-16,-0.99654575824488));
#5929=DIRECTION('center_axis',(0.0827605888602365,-0.0827605888602377,-0.993127066322842));
#5930=DIRECTION('ref_axis',(0.702246883176787,-0.70224688317678,0.11704114719613));
#5931=DIRECTION('',(0.0827605888602365,-0.0827605888602377,-0.993127066322842));
#5932=DIRECTION('center_axis',(-0.0414515792134756,0.0414515792134213,0.998280287875816));
#5933=DIRECTION('ref_axis',(-0.705890761081375,0.705890761082321,-0.0586213855054415));
#5934=DIRECTION('center_axis',(1.15099080101616E-16,-0.99654575824488,0.0830454798537409));
#5935=DIRECTION('ref_axis',(0.,-0.0830454798537409,-0.99654575824488));
#5936=DIRECTION('',(0.0827605888602369,0.0827605888602377,0.993127066322841));
#5937=DIRECTION('center_axis',(-1.15099080101616E-16,0.99654575824488,-0.0830454798537409));
#5938=DIRECTION('ref_axis',(1.53665006374446E-17,-0.0830454798537409,-0.996545758244879));
#5939=DIRECTION('',(1.,1.15498038247966E-16,0.));
#5940=DIRECTION('center_axis',(-1.15099080101616E-16,0.99654575824488,-0.0830454798537409));
#5941=DIRECTION('ref_axis',(7.68325031872231E-18,-0.0830454798537409,-0.996545758244879));
#5942=DIRECTION('center_axis',(-0.0827605888602369,-0.0827605888602377,
-0.993127066322842));
#5943=DIRECTION('ref_axis',(-0.702246883176783,-0.702246883176783,0.117041147196131));
#5944=DIRECTION('',(-0.0827605888602369,-0.0827605888602377,-0.993127066322841));
#5945=DIRECTION('center_axis',(-0.0414515792134763,-0.0414515792134651,
-0.998280287875814));
#5946=DIRECTION('ref_axis',(0.705890761081943,0.705890761081752,-0.0586213855054729));
#5947=DIRECTION('center_axis',(0.,0.,1.));
#5948=DIRECTION('ref_axis',(-1.,0.,0.));
#5949=DIRECTION('',(-0.707106781186546,-8.65956056235491E-17,-0.707106781186549));
#5950=DIRECTION('center_axis',(0.,0.,-1.));
#5951=DIRECTION('ref_axis',(-1.,0.,0.));
#5952=DIRECTION('center_axis',(0.,0.,-1.));
#5953=DIRECTION('ref_axis',(-1.,0.,0.));
#5954=DIRECTION('center_axis',(0.,0.,-1.));
#5955=DIRECTION('ref_axis',(1.,0.,0.));
#5956=DIRECTION('',(0.,0.,-1.));
#5957=DIRECTION('center_axis',(0.,0.,-1.));
#5958=DIRECTION('ref_axis',(1.,0.,0.));
#5959=DIRECTION('center_axis',(0.,0.,1.));
#5960=DIRECTION('ref_axis',(-1.,0.,0.));
#5961=DIRECTION('',(-0.707106781186547,-8.65956056235493E-17,-0.707106781186548));
#5962=DIRECTION('center_axis',(0.,0.,-1.));
#5963=DIRECTION('ref_axis',(-1.,0.,0.));
#5964=DIRECTION('center_axis',(0.,0.,-1.));
#5965=DIRECTION('ref_axis',(-1.,0.,0.));
#5966=DIRECTION('center_axis',(0.,0.,-1.));
#5967=DIRECTION('ref_axis',(1.,0.,0.));
#5968=DIRECTION('',(0.,0.,-1.));
#5969=DIRECTION('center_axis',(0.,0.,-1.));
#5970=DIRECTION('ref_axis',(1.,0.,0.));
#5971=DIRECTION('center_axis',(0.,0.,1.));
#5972=DIRECTION('ref_axis',(-1.,0.,0.));
#5973=DIRECTION('',(-0.707106781186546,-8.65956056235491E-17,-0.707106781186549));
#5974=DIRECTION('center_axis',(0.,0.,-1.));
#5975=DIRECTION('ref_axis',(-1.,0.,0.));
#5976=DIRECTION('center_axis',(0.,0.,-1.));
#5977=DIRECTION('ref_axis',(-1.,0.,0.));
#5978=DIRECTION('center_axis',(0.,0.,-1.));
#5979=DIRECTION('ref_axis',(1.,0.,0.));
#5980=DIRECTION('',(0.,0.,-1.));
#5981=DIRECTION('center_axis',(0.,0.,-1.));
#5982=DIRECTION('ref_axis',(1.,0.,0.));
#5983=DIRECTION('center_axis',(0.,0.,1.));
#5984=DIRECTION('ref_axis',(-1.,0.,0.));
#5985=DIRECTION('',(-0.707106781186547,-8.65956056235493E-17,-0.707106781186548));
#5986=DIRECTION('center_axis',(0.,0.,-1.));
#5987=DIRECTION('ref_axis',(-1.,0.,0.));
#5988=DIRECTION('center_axis',(0.,0.,-1.));
#5989=DIRECTION('ref_axis',(-1.,0.,0.));
#5990=DIRECTION('center_axis',(0.,0.,-1.));
#5991=DIRECTION('ref_axis',(1.,0.,0.));
#5992=DIRECTION('',(0.,0.,-1.));
#5993=DIRECTION('center_axis',(0.,0.,-1.));
#5994=DIRECTION('ref_axis',(1.,0.,0.));
#5995=DIRECTION('center_axis',(0.,-1.,0.));
#5996=DIRECTION('ref_axis',(-1.,0.,0.));
#5997=DIRECTION('',(1.,0.,2.22044604925031E-16));
#5998=DIRECTION('center_axis',(-2.22044604925031E-16,1.55344754641369E-31,
1.));
#5999=DIRECTION('ref_axis',(1.,0.,2.22044604925031E-16));
#6000=DIRECTION('center_axis',(0.,1.,0.));
#6001=DIRECTION('ref_axis',(1.,0.,0.));
#6002=DIRECTION('',(-1.,0.,-2.22044604925031E-16));
#6003=DIRECTION('center_axis',(-2.22044604925031E-16,1.55344754641369E-31,
1.));
#6004=DIRECTION('ref_axis',(1.,0.,2.22044604925031E-16));
#6005=DIRECTION('center_axis',(-1.,0.,0.));
#6006=DIRECTION('ref_axis',(0.,-0.707106781186549,-0.707106781186546));
#6007=DIRECTION('',(-1.,0.,0.));
#6008=DIRECTION('center_axis',(0.,0.,-1.));
#6009=DIRECTION('ref_axis',(-1.,0.,0.));
#6010=DIRECTION('',(1.,0.,0.));
#6011=DIRECTION('center_axis',(1.,0.,0.));
#6012=DIRECTION('ref_axis',(0.,0.707106781186546,-0.707106781186549));
#6013=DIRECTION('center_axis',(-0.99654575824488,-1.06624811118414E-17,
0.08304547985374));
#6014=DIRECTION('ref_axis',(0.08304547985374,0.,0.99654575824488));
#6015=DIRECTION('',(1.06994395627354E-17,-1.,0.));
#6016=DIRECTION('center_axis',(0.99654575824488,1.06624811118414E-17,-0.08304547985374));
#6017=DIRECTION('ref_axis',(-0.0830454798537401,0.,-0.99654575824488));
#6018=DIRECTION('center_axis',(-0.99654575824488,-1.06624811118414E-17,
0.08304547985374));
#6019=DIRECTION('ref_axis',(0.08304547985374,0.,0.99654575824488));
#6020=DIRECTION('',(0.0827605888602369,-0.0827605888602351,0.993127066322842));
#6021=DIRECTION('center_axis',(0.99654575824488,1.06624811118414E-17,-0.08304547985374));
#6022=DIRECTION('ref_axis',(-0.08304547985374,0.,-0.99654575824488));
#6023=DIRECTION('',(1.06994395627354E-17,-1.,0.));
#6024=DIRECTION('center_axis',(0.,0.,-1.));
#6025=DIRECTION('ref_axis',(1.,0.,0.));
#6026=DIRECTION('center_axis',(0.,0.,-1.));
#6027=DIRECTION('ref_axis',(1.,0.,0.));
#6028=DIRECTION('center_axis',(0.,0.,-1.));
#6029=DIRECTION('ref_axis',(1.,0.,0.));
#6030=DIRECTION('',(0.,0.,-1.));
#6031=DIRECTION('center_axis',(0.,0.,1.));
#6032=DIRECTION('ref_axis',(1.,0.,0.));
#6033=DIRECTION('center_axis',(0.,0.,-1.));
#6034=DIRECTION('ref_axis',(1.,0.,0.));
#6035=DIRECTION('center_axis',(0.,0.,-1.));
#6036=DIRECTION('ref_axis',(1.,0.,0.));
#6037=DIRECTION('center_axis',(0.,0.,-1.));
#6038=DIRECTION('ref_axis',(1.,0.,0.));
#6039=DIRECTION('',(0.,0.,-1.));
#6040=DIRECTION('center_axis',(0.,0.,1.));
#6041=DIRECTION('ref_axis',(1.,0.,0.));
#6042=DIRECTION('center_axis',(0.,0.,-1.));
#6043=DIRECTION('ref_axis',(1.,0.,0.));
#6044=DIRECTION('center_axis',(0.,0.,-1.));
#6045=DIRECTION('ref_axis',(1.,0.,0.));
#6046=DIRECTION('center_axis',(0.,0.,-1.));
#6047=DIRECTION('ref_axis',(1.,0.,0.));
#6048=DIRECTION('',(0.,0.,-1.));
#6049=DIRECTION('center_axis',(0.,0.,1.));
#6050=DIRECTION('ref_axis',(1.,0.,0.));
#6051=DIRECTION('center_axis',(0.,0.,-1.));
#6052=DIRECTION('ref_axis',(1.,0.,0.));
#6053=DIRECTION('center_axis',(0.,0.,-1.));
#6054=DIRECTION('ref_axis',(1.,0.,0.));
#6055=DIRECTION('center_axis',(0.,0.,-1.));
#6056=DIRECTION('ref_axis',(1.,0.,0.));
#6057=DIRECTION('',(0.,0.,-1.));
#6058=DIRECTION('center_axis',(0.,0.,1.));
#6059=DIRECTION('ref_axis',(1.,0.,0.));
#6060=DIRECTION('center_axis',(0.,-1.,0.));
#6061=DIRECTION('ref_axis',(0.,0.,1.));
#6062=DIRECTION('',(-1.,0.,0.));
#6063=DIRECTION('center_axis',(0.,1.,0.));
#6064=DIRECTION('ref_axis',(0.,0.,-1.));
#6065=DIRECTION('',(-1.,0.,0.));
#6066=DIRECTION('center_axis',(0.,0.,1.));
#6067=DIRECTION('ref_axis',(0.,1.,0.));
#6068=DIRECTION('center_axis',(0.,-1.,0.));
#6069=DIRECTION('ref_axis',(0.,0.,1.));
#6070=DIRECTION('',(-1.,0.,0.));
#6071=DIRECTION('center_axis',(0.,1.,0.));
#6072=DIRECTION('ref_axis',(0.,0.,-1.));
#6073=DIRECTION('',(-1.,0.,0.));
#6074=DIRECTION('center_axis',(0.,0.,1.));
#6075=DIRECTION('ref_axis',(0.,1.,0.));
#6076=DIRECTION('center_axis',(0.,-1.,0.));
#6077=DIRECTION('ref_axis',(0.,0.,1.));
#6078=DIRECTION('',(-1.,0.,0.));
#6079=DIRECTION('center_axis',(0.,1.,0.));
#6080=DIRECTION('ref_axis',(0.,0.,-1.));
#6081=DIRECTION('',(-1.,0.,0.));
#6082=DIRECTION('center_axis',(0.,0.,1.));
#6083=DIRECTION('ref_axis',(0.,1.,0.));
#6084=DIRECTION('center_axis',(0.,-1.,-6.85322869150532E-17));
#6085=DIRECTION('ref_axis',(0.,-6.85322869150532E-17,1.));
#6086=DIRECTION('',(-1.,0.,0.));
#6087=DIRECTION('center_axis',(0.,1.,0.));
#6088=DIRECTION('ref_axis',(0.,0.,-1.));
#6089=DIRECTION('',(-1.,0.,0.));
#6090=DIRECTION('center_axis',(0.,0.,1.));
#6091=DIRECTION('ref_axis',(0.,1.,0.));
#6092=DIRECTION('center_axis',(0.,-1.,0.));
#6093=DIRECTION('ref_axis',(0.,0.,1.));
#6094=DIRECTION('',(-1.,0.,0.));
#6095=DIRECTION('center_axis',(0.,1.,-5.48258295320425E-16));
#6096=DIRECTION('ref_axis',(0.,-5.48258295320425E-16,-1.));
#6097=DIRECTION('',(-1.,0.,0.));
#6098=DIRECTION('center_axis',(0.,0.,1.));
#6099=DIRECTION('ref_axis',(0.,1.,0.));
#6100=DIRECTION('center_axis',(0.,-1.,0.));
#6101=DIRECTION('ref_axis',(0.,0.,1.));
#6102=DIRECTION('',(-1.,0.,0.));
#6103=DIRECTION('center_axis',(0.,1.,0.));
#6104=DIRECTION('ref_axis',(0.,0.,-1.));
#6105=DIRECTION('',(-1.,0.,0.));
#6106=DIRECTION('center_axis',(0.,0.,1.));
#6107=DIRECTION('ref_axis',(0.,1.,0.));
#6108=DIRECTION('center_axis',(0.,0.,-1.));
#6109=DIRECTION('ref_axis',(1.,0.,0.));
#6110=DIRECTION('',(0.,1.,0.));
#6111=DIRECTION('center_axis',(0.,0.,1.));
#6112=DIRECTION('ref_axis',(-1.,0.,0.));
#6113=DIRECTION('',(0.,-1.,0.));
#6114=DIRECTION('center_axis',(0.,0.,-1.));
#6115=DIRECTION('ref_axis',(0.707106781186541,0.707106781186554,0.));
#6116=DIRECTION('',(-1.,2.11676185812217E-16,0.));
#6117=DIRECTION('center_axis',(0.,0.,-1.));
#6118=DIRECTION('ref_axis',(-0.707106781186554,0.707106781186541,0.));
#6119=DIRECTION('center_axis',(0.,0.,-1.));
#6120=DIRECTION('ref_axis',(1.,0.,0.));
#6121=DIRECTION('center_axis',(0.,0.,1.));
#6122=DIRECTION('ref_axis',(1.,0.,0.));
#6123=DIRECTION('',(0.,1.,0.));
#6124=DIRECTION('center_axis',(0.,0.,-1.));
#6125=DIRECTION('ref_axis',(-0.707106781186546,-0.707106781186549,0.));
#6126=DIRECTION('',(1.,-9.96366421498911E-17,0.));
#6127=DIRECTION('center_axis',(0.,0.,-1.));
#6128=DIRECTION('ref_axis',(0.707106781186546,-0.707106781186549,0.));
#6129=DIRECTION('',(0.,-1.,0.));
#6130=DIRECTION('center_axis',(0.,0.,-1.));
#6131=DIRECTION('ref_axis',(1.,0.,0.));
#6132=DIRECTION('',(5.35688124814928E-16,1.,0.));
#6133=DIRECTION('center_axis',(0.,0.,1.));
#6134=DIRECTION('ref_axis',(-1.,0.,0.));
#6135=DIRECTION('',(-4.01766093611196E-16,-1.,0.));
#6136=DIRECTION('center_axis',(0.,0.,-1.));
#6137=DIRECTION('ref_axis',(0.707106781186542,0.707106781186553,0.));
#6138=DIRECTION('',(-1.,2.11676185812217E-16,0.));
#6139=DIRECTION('center_axis',(0.,0.,-1.));
#6140=DIRECTION('ref_axis',(-0.707106781186557,0.707106781186538,0.));
#6141=DIRECTION('center_axis',(0.,0.,-1.));
#6142=DIRECTION('ref_axis',(1.,0.,0.));
#6143=DIRECTION('center_axis',(0.,0.,1.));
#6144=DIRECTION('ref_axis',(1.,5.55111512312578E-16,0.));
#6145=DIRECTION('',(0.,1.,0.));
#6146=DIRECTION('center_axis',(0.,0.,-1.));
#6147=DIRECTION('ref_axis',(-0.707106781186548,-0.707106781186547,0.));
#6148=DIRECTION('',(1.,-9.96366421498911E-17,0.));
#6149=DIRECTION('center_axis',(0.,0.,-1.));
#6150=DIRECTION('ref_axis',(0.707106781186547,-0.707106781186548,0.));
#6151=DIRECTION('',(1.37403666145883E-16,-1.,0.));
#6152=DIRECTION('center_axis',(-1.,0.,0.));
#6153=DIRECTION('ref_axis',(0.,-1.,0.));
#6154=DIRECTION('',(0.,0.,1.));
#6155=DIRECTION('',(0.,-1.,0.));
#6156=DIRECTION('',(0.,0.,1.));
#6157=DIRECTION('center_axis',(0.,0.,1.));
#6158=DIRECTION('ref_axis',(-1.,0.,0.));
#6159=DIRECTION('',(0.,0.,1.));
#6160=DIRECTION('center_axis',(0.,0.,1.));
#6161=DIRECTION('ref_axis',(0.,-1.,0.));
#6162=DIRECTION('center_axis',(1.,0.,0.));
#6163=DIRECTION('ref_axis',(0.,1.,0.));
#6164=DIRECTION('',(0.,0.,-1.));
#6165=DIRECTION('',(0.,1.,0.));
#6166=DIRECTION('center_axis',(0.,0.,1.));
#6167=DIRECTION('ref_axis',(-0.707106781186554,0.707106781186541,0.));
#6168=DIRECTION('',(0.,0.,1.));
#6169=DIRECTION('center_axis',(0.,0.,-1.));
#6170=DIRECTION('ref_axis',(0.,1.,0.));
#6171=DIRECTION('center_axis',(0.,0.,1.));
#6172=DIRECTION('ref_axis',(-0.707106781186546,-0.707106781186549,0.));
#6173=DIRECTION('',(0.,0.,1.));
#6174=DIRECTION('center_axis',(0.,0.,-1.));
#6175=DIRECTION('ref_axis',(-1.,0.,0.));
#6176=DIRECTION('',(0.,0.,-1.));
#6177=DIRECTION('center_axis',(1.,0.,0.));
#6178=DIRECTION('ref_axis',(0.,1.,0.));
#6179=DIRECTION('',(0.,0.,1.));
#6180=DIRECTION('',(0.,1.,0.));
#6181=DIRECTION('center_axis',(0.,0.,1.));
#6182=DIRECTION('ref_axis',(1.,0.,0.));
#6183=DIRECTION('',(0.,0.,1.));
#6184=DIRECTION('center_axis',(0.,0.,1.));
#6185=DIRECTION('ref_axis',(0.,1.,0.));
#6186=DIRECTION('center_axis',(-1.,4.01766093611196E-16,0.));
#6187=DIRECTION('ref_axis',(-4.01766093611196E-16,-1.,0.));
#6188=DIRECTION('',(0.,0.,1.));
#6189=DIRECTION('',(-4.01766093611196E-16,-1.,0.));
#6190=DIRECTION('',(0.,0.,1.));
#6191=DIRECTION('center_axis',(0.,0.,1.));
#6192=DIRECTION('ref_axis',(-1.,0.,0.));
#6193=DIRECTION('',(0.,0.,1.));
#6194=DIRECTION('center_axis',(0.,0.,1.));
#6195=DIRECTION('ref_axis',(0.,-1.,0.));
#6196=DIRECTION('center_axis',(1.,-5.35688124814928E-16,0.));
#6197=DIRECTION('ref_axis',(5.35688124814928E-16,1.,0.));
#6198=DIRECTION('',(0.,0.,-1.));
#6199=DIRECTION('',(5.35688124814928E-16,1.,0.));
#6200=DIRECTION('center_axis',(0.,0.,1.));
#6201=DIRECTION('ref_axis',(-0.707106781186557,0.707106781186538,0.));
#6202=DIRECTION('',(0.,0.,1.));
#6203=DIRECTION('center_axis',(0.,0.,-1.));
#6204=DIRECTION('ref_axis',(0.,1.,0.));
#6205=DIRECTION('center_axis',(0.,0.,1.));
#6206=DIRECTION('ref_axis',(-0.707106781186548,-0.707106781186547,0.));
#6207=DIRECTION('',(0.,0.,1.));
#6208=DIRECTION('center_axis',(0.,0.,-1.));
#6209=DIRECTION('ref_axis',(-1.,0.,0.));
#6210=DIRECTION('',(0.,0.,-1.));
#6211=DIRECTION('center_axis',(1.,0.,0.));
#6212=DIRECTION('ref_axis',(0.,1.,0.));
#6213=DIRECTION('',(0.,0.,1.));
#6214=DIRECTION('',(0.,1.,0.));
#6215=DIRECTION('center_axis',(0.,0.,1.));
#6216=DIRECTION('ref_axis',(1.,5.55111512312578E-16,0.));
#6217=DIRECTION('',(0.,0.,1.));
#6218=DIRECTION('center_axis',(0.,0.,1.));
#6219=DIRECTION('ref_axis',(-5.55111512312578E-16,1.,0.));
#6220=DIRECTION('center_axis',(0.408248290463862,-0.816496580927727,-0.408248290463863));
#6221=DIRECTION('ref_axis',(-0.577350269189626,-0.577350269189625,0.577350269189626));
#6222=DIRECTION('center_axis',(1.,0.,0.));
#6223=DIRECTION('ref_axis',(0.,-1.,0.));
#6224=DIRECTION('center_axis',(0.,0.,-1.));
#6225=DIRECTION('ref_axis',(-1.,0.,0.));
#6226=DIRECTION('center_axis',(0.,0.,1.));
#6227=DIRECTION('ref_axis',(-0.707106781186548,-0.707106781186547,0.));
#6228=DIRECTION('',(0.,0.,-1.));
#6229=DIRECTION('center_axis',(-0.408248290463863,-0.816496580927725,0.408248290463864));
#6230=DIRECTION('ref_axis',(-0.577350269189626,0.577350269189625,0.577350269189627));
#6231=DIRECTION('center_axis',(0.,0.,-1.));
#6232=DIRECTION('ref_axis',(0.,1.,0.));
#6233=DIRECTION('center_axis',(1.,0.,0.));
#6234=DIRECTION('ref_axis',(0.,0.,1.));
#6235=DIRECTION('center_axis',(0.,0.,1.));
#6236=DIRECTION('ref_axis',(-0.707106781186555,0.70710678118654,0.));
#6237=DIRECTION('',(0.,0.,-1.));
#6238=DIRECTION('center_axis',(-0.408248290463862,-0.816496580927726,-0.408248290463865));
#6239=DIRECTION('ref_axis',(0.577350269189624,-0.577350269189627,0.577350269189627));
#6240=DIRECTION('center_axis',(0.,1.,0.));
#6241=DIRECTION('ref_axis',(1.,0.,0.));
#6242=DIRECTION('center_axis',(0.,0.,-1.));
#6243=DIRECTION('ref_axis',(0.,-1.,0.));
#6244=DIRECTION('center_axis',(-1.,0.,0.));
#6245=DIRECTION('ref_axis',(0.,0.,1.));
#6246=DIRECTION('center_axis',(0.,0.,1.));
#6247=DIRECTION('ref_axis',(0.707106781186547,-0.707106781186548,0.));
#6248=DIRECTION('',(0.,0.,1.));
#6249=DIRECTION('',(0.,0.,-1.));
#6250=DIRECTION('center_axis',(-1.,1.00143959589757E-16,0.));
#6251=DIRECTION('ref_axis',(0.,-0.707106781186548,0.707106781186547));
#6252=DIRECTION('',(-1.,1.00143959589757E-16,0.));
#6253=DIRECTION('center_axis',(-0.816496580927732,0.408248290463861,0.408248290463853));
#6254=DIRECTION('ref_axis',(0.57735026918962,0.577350269189638,0.57735026918962));
#6255=DIRECTION('center_axis',(-1.,0.,0.));
#6256=DIRECTION('ref_axis',(0.,1.,0.));
#6257=DIRECTION('center_axis',(0.,0.,-1.));
#6258=DIRECTION('ref_axis',(1.,0.,0.));
#6259=DIRECTION('center_axis',(-1.77635683940025E-14,-1.,0.));
#6260=DIRECTION('ref_axis',(0.,0.,1.));
#6261=DIRECTION('center_axis',(0.,0.,1.));
#6262=DIRECTION('ref_axis',(0.707106781186542,0.707106781186553,0.));
#6263=DIRECTION('',(0.,0.,-1.));
#6264=DIRECTION('center_axis',(0.408248290463863,-0.816496580927726,-0.408248290463863));
#6265=DIRECTION('ref_axis',(-0.577350269189626,-0.577350269189625,0.577350269189626));
#6266=DIRECTION('center_axis',(1.,0.,0.));
#6267=DIRECTION('ref_axis',(0.,-1.,0.));
#6268=DIRECTION('center_axis',(0.,1.,0.));
#6269=DIRECTION('ref_axis',(0.,0.,1.));
#6270=DIRECTION('center_axis',(0.,1.,0.));
#6271=DIRECTION('ref_axis',(-0.707106781186548,0.,0.707106781186548));
#6272=DIRECTION('center_axis',(0.,1.,0.));
#6273=DIRECTION('ref_axis',(-1.,0.,0.));
#6274=DIRECTION('center_axis',(0.,0.,1.));
#6275=DIRECTION('ref_axis',(1.,0.,0.));
#6276=DIRECTION('center_axis',(0.,-1.,0.));
#6277=DIRECTION('ref_axis',(1.,0.,0.));
#6278=DIRECTION('center_axis',(1.37403666145883E-16,-1.,0.));
#6279=DIRECTION('ref_axis',(0.707106781186548,0.,0.707106781186547));
#6280=DIRECTION('',(1.37403666145883E-16,-1.,0.));
#6281=DIRECTION('center_axis',(-0.408248290463865,0.408248290463861,-0.816496580927726));
#6282=DIRECTION('ref_axis',(-0.577350269189628,0.577350269189624,0.577350269189626));
#6283=DIRECTION('center_axis',(0.,-1.,0.));
#6284=DIRECTION('ref_axis',(-1.,0.,0.));
#6285=DIRECTION('center_axis',(1.,-2.22044604925032E-15,0.));
#6286=DIRECTION('ref_axis',(0.,0.,1.));
#6287=DIRECTION('center_axis',(-0.40824829046386,-0.816496580927727,-0.408248290463864));
#6288=DIRECTION('ref_axis',(0.577350269189624,-0.577350269189627,0.577350269189627));
#6289=DIRECTION('center_axis',(0.,1.,0.));
#6290=DIRECTION('ref_axis',(1.,0.,0.));
#6291=DIRECTION('center_axis',(0.,0.,-1.));
#6292=DIRECTION('ref_axis',(0.,-1.,0.));
#6293=DIRECTION('center_axis',(-1.,0.,0.));
#6294=DIRECTION('ref_axis',(0.,0.,1.));
#6295=DIRECTION('center_axis',(0.,0.,1.));
#6296=DIRECTION('ref_axis',(0.707106781186546,-0.707106781186549,0.));
#6297=DIRECTION('',(0.,0.,1.));
#6298=DIRECTION('',(0.,0.,-1.));
#6299=DIRECTION('center_axis',(-1.,1.00143959589757E-16,0.));
#6300=DIRECTION('ref_axis',(0.,-0.707106781186547,0.707106781186548));
#6301=DIRECTION('',(-1.,1.00143959589757E-16,0.));
#6302=DIRECTION('center_axis',(-0.816496580927732,0.408248290463862,0.408248290463852));
#6303=DIRECTION('ref_axis',(0.577350269189618,0.577350269189639,0.577350269189621));
#6304=DIRECTION('center_axis',(-1.,0.,0.));
#6305=DIRECTION('ref_axis',(0.,1.,0.));
#6306=DIRECTION('center_axis',(0.,0.,-1.));
#6307=DIRECTION('ref_axis',(1.,0.,0.));
#6308=DIRECTION('center_axis',(-1.77635683940026E-14,-1.,0.));
#6309=DIRECTION('ref_axis',(0.,0.,1.));
#6310=DIRECTION('center_axis',(0.,0.,1.));
#6311=DIRECTION('ref_axis',(0.707106781186541,0.707106781186554,0.));
#6312=DIRECTION('',(0.,0.,-1.));
#6313=DIRECTION('center_axis',(0.408248290463861,-0.816496580927726,-0.408248290463865));
#6314=DIRECTION('ref_axis',(-0.577350269189625,-0.577350269189627,0.577350269189626));
#6315=DIRECTION('center_axis',(1.,0.,0.));
#6316=DIRECTION('ref_axis',(0.,-1.,0.));
#6317=DIRECTION('center_axis',(4.44089209850064E-15,1.,0.));
#6318=DIRECTION('ref_axis',(0.,0.,1.));
#6319=DIRECTION('center_axis',(0.,1.,0.));
#6320=DIRECTION('ref_axis',(-0.707106781186546,0.,0.707106781186549));
#6321=DIRECTION('center_axis',(0.,1.,0.));
#6322=DIRECTION('ref_axis',(-1.,0.,0.));
#6323=DIRECTION('center_axis',(0.,0.,1.));
#6324=DIRECTION('ref_axis',(1.,0.,0.));
#6325=DIRECTION('center_axis',(0.,-1.,0.));
#6326=DIRECTION('ref_axis',(1.,0.,0.));
#6327=DIRECTION('center_axis',(0.,-1.,0.));
#6328=DIRECTION('ref_axis',(0.707106781186546,0.,0.707106781186549));
#6329=DIRECTION('',(0.,-1.,0.));
#6330=DIRECTION('center_axis',(-0.408248290463863,-0.816496580927725,0.408248290463865));
#6331=DIRECTION('ref_axis',(-0.577350269189625,0.577350269189625,0.577350269189628));
#6332=DIRECTION('center_axis',(0.,-1.,0.));
#6333=DIRECTION('ref_axis',(-1.,0.,0.));
#6334=DIRECTION('center_axis',(1.,0.,0.));
#6335=DIRECTION('ref_axis',(0.,0.,1.));
#6336=DIRECTION('center_axis',(0.408248290463861,-0.408248290463853,-0.816496580927732));
#6337=DIRECTION('ref_axis',(0.577350269189638,-0.57735026918962,0.57735026918962));
#6338=DIRECTION('center_axis',(0.,0.,-1.));
#6339=DIRECTION('ref_axis',(0.,-1.,0.));
#6340=DIRECTION('center_axis',(-1.,1.77635683940026E-14,0.));
#6341=DIRECTION('ref_axis',(0.,0.,1.));
#6342=DIRECTION('center_axis',(0.,0.,1.));
#6343=DIRECTION('ref_axis',(0.707106781186553,-0.707106781186542,0.));
#6344=DIRECTION('',(0.,0.,-1.));
#6345=DIRECTION('center_axis',(-1.,1.00143959589757E-16,0.));
#6346=DIRECTION('ref_axis',(0.,-0.707106781186546,0.707106781186549));
#6347=DIRECTION('',(-1.,1.00143959589757E-16,0.));
#6348=DIRECTION('center_axis',(-0.816496580927734,0.40824829046386,0.408248290463849));
#6349=DIRECTION('ref_axis',(0.577350269189622,0.577350269189637,0.577350269189619));
#6350=DIRECTION('center_axis',(-1.,0.,0.));
#6351=DIRECTION('ref_axis',(0.,1.,0.));
#6352=DIRECTION('center_axis',(0.,0.,-1.));
#6353=DIRECTION('ref_axis',(1.,0.,0.));
#6354=DIRECTION('center_axis',(0.,0.,1.));
#6355=DIRECTION('ref_axis',(0.707106781186535,0.70710678118656,0.));
#6356=DIRECTION('',(0.,0.,-1.));
#6357=DIRECTION('center_axis',(1.,0.,0.));
#6358=DIRECTION('ref_axis',(0.,0.70710678118654,0.707106781186555));
#6359=DIRECTION('',(1.,0.,0.));
#6360=DIRECTION('center_axis',(0.,-1.,0.));
#6361=DIRECTION('ref_axis',(0.707106781186546,0.,0.707106781186549));
#6362=DIRECTION('center_axis',(0.,-1.,0.));
#6363=DIRECTION('ref_axis',(1.,0.,0.));
#6364=DIRECTION('center_axis',(0.,0.,1.));
#6365=DIRECTION('ref_axis',(1.,0.,0.));
#6366=DIRECTION('center_axis',(0.,1.,0.));
#6367=DIRECTION('ref_axis',(-1.,0.,0.));
#6368=DIRECTION('center_axis',(0.,1.,0.));
#6369=DIRECTION('ref_axis',(-0.707106781186546,0.,0.707106781186549));
#6370=DIRECTION('center_axis',(1.,0.,0.));
#6371=DIRECTION('ref_axis',(0.,0.70710678118654,0.707106781186555));
#6372=DIRECTION('',(1.,0.,0.));
#6373=DIRECTION('center_axis',(-4.01766093611196E-16,-1.,0.));
#6374=DIRECTION('ref_axis',(0.707106781186547,0.,0.707106781186548));
#6375=DIRECTION('center_axis',(0.,-1.,0.));
#6376=DIRECTION('ref_axis',(1.,0.,0.));
#6377=DIRECTION('center_axis',(0.,0.,1.));
#6378=DIRECTION('ref_axis',(1.,0.,0.));
#6379=DIRECTION('center_axis',(0.,1.,0.));
#6380=DIRECTION('ref_axis',(-1.,0.,0.));
#6381=DIRECTION('center_axis',(5.35688124814928E-16,1.,0.));
#6382=DIRECTION('ref_axis',(-0.707106781186548,0.,0.707106781186548));
#6383=DIRECTION('center_axis',(1.,0.,0.));
#6384=DIRECTION('ref_axis',(0.,0.70710678118654,0.707106781186555));
#6385=DIRECTION('',(1.,0.,0.));
#6386=DIRECTION('center_axis',(-1.,-1.37403666145883E-16,0.));
#6387=DIRECTION('ref_axis',(1.37403666145883E-16,-1.,0.));
#6388=DIRECTION('center_axis',(-1.,0.,0.));
#6389=DIRECTION('ref_axis',(0.,-1.,0.));
#6390=DIRECTION('center_axis',(1.00143959589757E-16,1.,0.));
#6391=DIRECTION('ref_axis',(-1.,1.00143959589757E-16,0.));
#6392=DIRECTION('center_axis',(0.,0.,1.));
#6393=DIRECTION('ref_axis',(0.707106781186548,0.707106781186548,0.));
#6394=DIRECTION('',(0.,0.,-1.));
#6395=DIRECTION('center_axis',(3.89046023572098E-16,1.,0.));
#6396=DIRECTION('ref_axis',(-1.,3.89046023572098E-16,0.));
#6397=DIRECTION('',(0.,0.,-1.));
#6398=DIRECTION('center_axis',(0.,0.,1.));
#6399=DIRECTION('ref_axis',(-0.707106781186546,0.707106781186549,0.));
#6400=DIRECTION('',(0.,0.,-1.));
#6401=DIRECTION('center_axis',(-0.0414515792134084,0.0414515792134647,-0.998280287875817));
#6402=DIRECTION('ref_axis',(0.70589076108137,-0.705890761082328,-0.0586213855054247));
#6403=DIRECTION('center_axis',(-0.0827605888602369,0.0827605888602351,-0.993127066322842));
#6404=DIRECTION('ref_axis',(-0.702246883176784,0.702246883176783,0.117041147196129));
#6405=DIRECTION('center_axis',(-1.,-1.06994395627354E-17,0.));
#6406=DIRECTION('ref_axis',(1.06994395627354E-17,-1.,0.));
#6407=DIRECTION('',(0.,0.,-1.));
#6408=DIRECTION('center_axis',(0.,0.,1.));
#6409=DIRECTION('ref_axis',(-0.707106781186548,-0.707106781186547,0.));
#6410=DIRECTION('',(0.,0.,-1.));
#6411=DIRECTION('center_axis',(1.15498038247966E-16,-1.,0.));
#6412=DIRECTION('ref_axis',(1.,1.15498038247966E-16,0.));
#6413=DIRECTION('',(0.,0.,-1.));
#6414=DIRECTION('center_axis',(0.,0.,1.));
#6415=DIRECTION('ref_axis',(0.707106781186548,-0.707106781186547,0.));
#6416=DIRECTION('center_axis',(0.,-1.,0.));
#6417=DIRECTION('ref_axis',(1.,0.,0.));
#6418=CARTESIAN_POINT('',(0.,0.,0.));
#6419=CARTESIAN_POINT('Origin',(70.3553317372703,15.5625063500127,2.69999999999989));
#6420=CARTESIAN_POINT('',(70.3553317372703,14.6250063500127,2.19999999999992));
#6421=CARTESIAN_POINT('',(69.8854350255261,14.6250063500127,2.52912846845653));
#6422=CARTESIAN_POINT('Origin',(70.3553317372703,14.6250063500127,2.69999999999989));
#6423=CARTESIAN_POINT('',(69.8854350255261,17.1250063500127,2.52912846845653));
#6424=CARTESIAN_POINT('',(69.8854350255261,15.5625063500127,2.52912846845653));
#6425=CARTESIAN_POINT('',(70.3553317372703,17.1250063500127,2.20000000000003));
#6426=CARTESIAN_POINT('Origin',(70.3553317372703,17.1250063500127,2.69999999999989));
#6427=CARTESIAN_POINT('',(70.3553317372703,15.5625063500127,2.19999999999989));
#6428=CARTESIAN_POINT('Origin',(66.0051181049649,17.1250063500127,13.2));
#6429=CARTESIAN_POINT('',(66.1869362867831,17.1250063500127,12.7));
#6430=CARTESIAN_POINT('',(67.0051181049649,17.1250063500127,10.45));
#6431=CARTESIAN_POINT('',(84.6312963750236,17.1250063500127,12.7));
#6432=CARTESIAN_POINT('',(54.3385581525893,17.1250063500127,12.7));
#6433=CARTESIAN_POINT('',(85.1312963750236,17.1250063500127,12.2));
#6434=CARTESIAN_POINT('Origin',(84.6312963750236,17.1250063500127,12.2));
#6435=CARTESIAN_POINT('',(85.1312963750236,17.1250063500127,2.20000000000003));
#6436=CARTESIAN_POINT('',(85.1312963750236,17.1250063500127,6.60000000000003));
#6437=CARTESIAN_POINT('',(86.0051181049649,17.1250063500127,2.20000000000003));
#6438=CARTESIAN_POINT('Origin',(68.0051181049649,15.2500063500127,7.69999999999992));
#6439=CARTESIAN_POINT('',(66.186936286783,14.6250063500127,12.7));
#6440=CARTESIAN_POINT('',(68.1730013166437,14.6250063500127,7.2383211678832));
#6441=CARTESIAN_POINT('',(66.1248011844036,14.5949030617569,12.8708715315434));
#6442=CARTESIAN_POINT('Origin',(66.186936286783,14.1250063500127,12.7));
#6443=CARTESIAN_POINT('',(66.1248011844036,17.1551096382685,12.8708715315434));
#6444=CARTESIAN_POINT('',(66.1248011844036,32.0725022104063,12.8708715315434));
#6445=CARTESIAN_POINT('Origin',(66.186936286783,17.6250063500127,12.7));
#6446=CARTESIAN_POINT('Origin',(70.3553317372706,32.0725393700792,2.69999999999995));
#6447=CARTESIAN_POINT('',(70.3553317372706,31.1350393700792,2.19999999999995));
#6448=CARTESIAN_POINT('',(69.8854350255264,31.1350393700792,2.5291284684566));
#6449=CARTESIAN_POINT('Origin',(70.3553317372706,31.1350393700792,2.69999999999995));
#6450=CARTESIAN_POINT('',(69.8854350255264,33.6350393700792,2.5291284684566));
#6451=CARTESIAN_POINT('',(69.8854350255264,32.0725393700792,2.5291284684566));
#6452=CARTESIAN_POINT('',(70.3553317372706,33.6350393700792,2.19999999999996));
#6453=CARTESIAN_POINT('Origin',(70.3553317372706,33.6350393700792,2.69999999999995));
#6454=CARTESIAN_POINT('',(70.3553317372706,32.0725393700792,2.19999999999995));
#6455=CARTESIAN_POINT('Origin',(66.0051181049652,33.6350393700792,13.2));
#6456=CARTESIAN_POINT('',(66.1869362867833,33.6350393700792,12.7));
#6457=CARTESIAN_POINT('',(67.0051181049652,33.6350393700792,10.45));
#6458=CARTESIAN_POINT('',(84.6312963750236,33.6350393700792,12.7));
#6459=CARTESIAN_POINT('',(54.3385581525894,33.6350393700792,12.7));
#6460=CARTESIAN_POINT('',(85.1312963750236,33.6350393700792,12.2));
#6461=CARTESIAN_POINT('Origin',(84.6312963750236,33.6350393700792,12.2));
#6462=CARTESIAN_POINT('',(85.1312963750236,33.6350393700792,2.19999999999996));
#6463=CARTESIAN_POINT('',(85.1312963750236,33.6350393700792,6.6));
#6464=CARTESIAN_POINT('',(86.0051181049652,33.6350393700792,2.19999999999996));
#6465=CARTESIAN_POINT('Origin',(68.0051181049652,31.7600393700792,7.69999999999995));
#6466=CARTESIAN_POINT('',(66.1869362867833,31.1350393700792,12.7));
#6467=CARTESIAN_POINT('',(68.173001316644,31.1350393700792,7.23832116788317));
#6468=CARTESIAN_POINT('',(66.1248011844039,31.1049360818234,12.8708715315434));
#6469=CARTESIAN_POINT('Origin',(66.1869362867833,30.6350393700792,12.7));
#6470=CARTESIAN_POINT('',(66.1248011844039,33.665142658335,12.8708715315434));
#6471=CARTESIAN_POINT('',(66.1248011844039,40.3275187204396,12.8708715315434));
#6472=CARTESIAN_POINT('Origin',(66.1869362867833,34.1350393700792,12.7));
#6473=CARTESIAN_POINT('Origin',(70.3552301370676,48.5825342900687,2.69999999999996));
#6474=CARTESIAN_POINT('',(70.3552301370676,47.6450342900687,2.19999999999996));
#6475=CARTESIAN_POINT('',(69.8853334253234,47.6450342900687,2.52912846845661));
#6476=CARTESIAN_POINT('Origin',(70.3552301370676,47.6450342900687,2.69999999999996));
#6477=CARTESIAN_POINT('',(69.8853334253234,50.1450342900687,2.5291284684566));
#6478=CARTESIAN_POINT('',(69.8853334253234,48.5825342900687,2.52912846845661));
#6479=CARTESIAN_POINT('',(70.3552301370676,50.1450342900687,2.19999999999995));
#6480=CARTESIAN_POINT('Origin',(70.3552301370676,50.1450342900687,2.69999999999996));
#6481=CARTESIAN_POINT('',(70.3552301370676,48.5825342900687,2.19999999999996));
#6482=CARTESIAN_POINT('Origin',(66.0050165047622,50.1450342900687,13.1999999999999));
#6483=CARTESIAN_POINT('',(66.1868346865803,50.1450342900687,12.7));
#6484=CARTESIAN_POINT('',(67.0050165047622,50.1450342900687,10.4499999999999));
#6485=CARTESIAN_POINT('',(84.6312963750236,50.1450342900687,12.7));
#6486=CARTESIAN_POINT('',(54.3385073524879,50.1450342900687,12.7));
#6487=CARTESIAN_POINT('',(85.1312963750236,50.1450342900687,12.2));
#6488=CARTESIAN_POINT('Origin',(84.6312963750236,50.1450342900687,12.2));
#6489=CARTESIAN_POINT('',(85.1312963750236,50.1450342900687,2.19999999999996));
#6490=CARTESIAN_POINT('',(85.1312963750236,50.1450342900687,6.59999999999997));
#6491=CARTESIAN_POINT('',(66.0050165047622,50.1450342900687,2.19999999999995));
#6492=CARTESIAN_POINT('Origin',(68.0050165047622,48.2700342900687,7.69999999999996));
#6493=CARTESIAN_POINT('',(66.1868346865803,47.6450342900687,12.7));
#6494=CARTESIAN_POINT('',(68.172899716441,47.6450342900687,7.23832116788316));
#6495=CARTESIAN_POINT('',(66.1246995842009,47.6149310018129,12.8708715315434));
#6496=CARTESIAN_POINT('Origin',(66.1868346865803,47.1450342900687,12.7));
#6497=CARTESIAN_POINT('',(66.1246995842009,50.1751375783245,12.8708715315434));
#6498=CARTESIAN_POINT('',(66.1246995842009,48.5825161804343,12.8708715315434));
#6499=CARTESIAN_POINT('Origin',(66.1868346865803,50.6450342900687,12.7));
#6500=CARTESIAN_POINT('Origin',(70.3551285368647,81.6024987299977,2.69999999999995));
#6501=CARTESIAN_POINT('',(70.3551285368647,80.6649987299977,2.19999999999996));
#6502=CARTESIAN_POINT('',(69.8852318251205,80.6649987299977,2.5291284684566));
#6503=CARTESIAN_POINT('Origin',(70.3551285368647,80.6649987299977,2.69999999999995));
#6504=CARTESIAN_POINT('',(69.8852318251205,83.1649987299977,2.5291284684566));
#6505=CARTESIAN_POINT('',(69.8852318251205,81.6024987299977,2.5291284684566));
#6506=CARTESIAN_POINT('',(70.3551285368647,83.1649987299977,2.19999999999994));
#6507=CARTESIAN_POINT('Origin',(70.3551285368647,83.1649987299977,2.69999999999995));
#6508=CARTESIAN_POINT('',(70.3551285368647,81.6024987299977,2.19999999999995));
#6509=CARTESIAN_POINT('Origin',(66.0049149045593,83.1649987299977,13.1999999999999));
#6510=CARTESIAN_POINT('',(66.1867330863774,83.1649987299977,12.7));
#6511=CARTESIAN_POINT('',(67.0049149045593,83.1649987299977,10.4499999999999));
#6512=CARTESIAN_POINT('',(84.6312963750236,83.1649987299977,12.7));
#6513=CARTESIAN_POINT('',(54.3384565523865,83.1649987299977,12.7));
#6514=CARTESIAN_POINT('',(85.1312963750236,83.1649987299977,12.2));
#6515=CARTESIAN_POINT('Origin',(84.6312963750236,83.1649987299977,12.2));
#6516=CARTESIAN_POINT('',(85.1312963750236,83.1649987299977,2.19999999999995));
#6517=CARTESIAN_POINT('',(85.1312963750236,83.1649987299977,6.59999999999997));
#6518=CARTESIAN_POINT('',(66.0049149045593,83.1649987299977,2.19999999999994));
#6519=CARTESIAN_POINT('Origin',(68.0049149045593,81.2899987299977,7.69999999999995));
#6520=CARTESIAN_POINT('',(66.1867330863774,80.6649987299977,12.7));
#6521=CARTESIAN_POINT('',(68.1727981162381,80.6649987299977,7.23832116788317));
#6522=CARTESIAN_POINT('',(66.124597983998,80.6348954417419,12.8708715315434));
#6523=CARTESIAN_POINT('Origin',(66.1867330863774,80.1649987299977,12.7));
#6524=CARTESIAN_POINT('',(66.124597983998,83.1951020182535,12.8708715315434));
#6525=CARTESIAN_POINT('',(66.124597983998,65.0924984003988,12.8708715315434));
#6526=CARTESIAN_POINT('Origin',(66.1867330863774,83.6649987299977,12.7));
#6527=CARTESIAN_POINT('Origin',(70.3551285368646,65.0925038100077,2.69999999999995));
#6528=CARTESIAN_POINT('',(70.3551285368646,64.1550038100077,2.19999999999995));
#6529=CARTESIAN_POINT('',(69.8852318251204,64.1550038100077,2.52912846845659));
#6530=CARTESIAN_POINT('Origin',(70.3551285368646,64.1550038100077,2.69999999999995));
#6531=CARTESIAN_POINT('',(69.8852318251204,66.6550038100077,2.52912846845659));
#6532=CARTESIAN_POINT('',(69.8852318251204,65.0925038100077,2.52912846845659));
#6533=CARTESIAN_POINT('',(70.3551285368646,66.6550038100077,2.19999999999995));
#6534=CARTESIAN_POINT('Origin',(70.3551285368646,66.6550038100077,2.69999999999995));
#6535=CARTESIAN_POINT('',(70.3551285368646,65.0925038100077,2.19999999999995));
#6536=CARTESIAN_POINT('Origin',(66.0049149045592,66.6550038100077,13.2));
#6537=CARTESIAN_POINT('',(66.1867330863773,66.6550038100077,12.7));
#6538=CARTESIAN_POINT('',(67.0049149045592,66.6550038100077,10.4499999999999));
#6539=CARTESIAN_POINT('',(84.6312963750236,66.6550038100077,12.7));
#6540=CARTESIAN_POINT('',(54.3384565523864,66.6550038100077,12.7));
#6541=CARTESIAN_POINT('',(85.1312963750236,66.6550038100077,12.2));
#6542=CARTESIAN_POINT('Origin',(84.6312963750236,66.6550038100077,12.2));
#6543=CARTESIAN_POINT('',(85.1312963750236,66.6550038100077,2.19999999999995));
#6544=CARTESIAN_POINT('',(85.1312963750236,66.6550038100077,6.59999999999998));
#6545=CARTESIAN_POINT('',(66.0049149045592,66.6550038100077,2.19999999999995));
#6546=CARTESIAN_POINT('Origin',(68.0049149045592,64.7800038100077,7.69999999999995));
#6547=CARTESIAN_POINT('',(66.1867330863773,64.1550038100077,12.7));
#6548=CARTESIAN_POINT('',(68.172798116238,64.1550038100077,7.23832116788316));
#6549=CARTESIAN_POINT('',(66.1245979839979,64.1249005217519,12.8708715315434));
#6550=CARTESIAN_POINT('Origin',(66.1867330863773,63.6550038100077,12.7));
#6551=CARTESIAN_POINT('',(66.1245979839979,66.6851070982635,12.8708715315434));
#6552=CARTESIAN_POINT('',(66.1245979839979,56.8375009404038,12.8708715315434));
#6553=CARTESIAN_POINT('Origin',(66.1867330863773,67.1550038100077,12.7));
#6554=CARTESIAN_POINT('Origin',(85.1312963750236,83.6649987299977,6.59999999999997));
#6555=CARTESIAN_POINT('',(85.6312963750236,83.6649987299977,12.2));
#6556=CARTESIAN_POINT('Origin',(85.1312963750236,83.6649987299977,12.2));
#6557=CARTESIAN_POINT('',(85.6312963750236,83.6649987299977,1.69999999999995));
#6558=CARTESIAN_POINT('',(85.6312963750236,83.6649987299977,6.59999999999997));
#6559=CARTESIAN_POINT('Origin',(85.1312963750236,83.6649987299977,1.69999999999995));
#6560=CARTESIAN_POINT('Ctrl Pts',(85.6312963750236,83.6649987299977,12.2));
#6561=CARTESIAN_POINT('Ctrl Pts',(85.6312963750236,83.6649987299977,13.2));
#6562=CARTESIAN_POINT('Ctrl Pts',(84.6312963750236,83.6649987299977,13.2));
#6563=CARTESIAN_POINT('Ctrl Pts',(85.6312963750236,83.1649987299977,12.2));
#6564=CARTESIAN_POINT('Ctrl Pts',(85.6312963750236,83.1649987299977,13.2));
#6565=CARTESIAN_POINT('Ctrl Pts',(84.6312963750236,83.1649987299977,13.2));
#6566=CARTESIAN_POINT('Ctrl Pts',(85.1312963750236,83.1649987299977,12.2));
#6567=CARTESIAN_POINT('Ctrl Pts',(85.1312963750236,83.1649987299977,12.7));
#6568=CARTESIAN_POINT('Ctrl Pts',(84.6312963750236,83.1649987299977,12.7));
#6569=CARTESIAN_POINT('',(84.6312963750236,83.6649987299977,13.2));
#6570=CARTESIAN_POINT('Origin',(84.6312963750236,83.6649987299977,12.7));
#6571=CARTESIAN_POINT('Origin',(84.6312963750236,83.6649987299977,12.2));
#6572=CARTESIAN_POINT('Origin',(54.3384565523865,83.6649987299977,12.7));
#6573=CARTESIAN_POINT('',(65.6547012722538,83.6649987299977,13.2));
#6574=CARTESIAN_POINT('',(54.3384565523865,83.6649987299977,13.2));
#6575=CARTESIAN_POINT('Origin',(65.6547012722538,83.6649987299977,12.7));
#6576=CARTESIAN_POINT('Origin',(85.1312963750236,89.9961474230987,1.69999999999995));
#6577=CARTESIAN_POINT('',(85.1312963750236,80.6649987299977,2.19999999999995));
#6578=CARTESIAN_POINT('',(85.1312963750236,89.9961474230987,2.19999999999995));
#6579=CARTESIAN_POINT('',(85.6312963750236,80.1649987299977,1.69999999999995));
#6580=CARTESIAN_POINT('',(85.6312963750236,89.9961474230987,1.69999999999995));
#6581=CARTESIAN_POINT('Origin',(85.1312963750236,80.1649987299977,1.69999999999995));
#6582=CARTESIAN_POINT('Origin',(65.6547012722538,65.0924984003988,12.7));
#6583=CARTESIAN_POINT('',(65.6547012722538,80.1649987299977,13.2));
#6584=CARTESIAN_POINT('',(65.6547012722538,65.0924984003988,13.2));
#6585=CARTESIAN_POINT('Origin',(65.6547012722538,80.1649987299977,12.7));
#6586=CARTESIAN_POINT('Origin',(64.3384565523865,80.1649987299977,12.7));
#6587=CARTESIAN_POINT('',(84.6312963750236,80.6649987299977,12.7));
#6588=CARTESIAN_POINT('',(64.3384565523865,80.6649987299977,12.7));
#6589=CARTESIAN_POINT('',(84.6312963750236,80.1649987299977,13.2));
#6590=CARTESIAN_POINT('Origin',(84.6312963750236,80.1649987299977,12.7));
#6591=CARTESIAN_POINT('',(64.3384565523865,80.1649987299977,13.2));
#6592=CARTESIAN_POINT('Ctrl Pts',(84.6312963750236,80.1649987299977,13.2));
#6593=CARTESIAN_POINT('Ctrl Pts',(85.6312963750236,80.1649987299977,13.2));
#6594=CARTESIAN_POINT('Ctrl Pts',(85.6312963750236,80.1649987299977,12.2));
#6595=CARTESIAN_POINT('Ctrl Pts',(84.6312963750236,80.6649987299977,13.2));
#6596=CARTESIAN_POINT('Ctrl Pts',(85.6312963750236,80.6649987299977,13.2));
#6597=CARTESIAN_POINT('Ctrl Pts',(85.6312963750236,80.6649987299977,12.2));
#6598=CARTESIAN_POINT('Ctrl Pts',(84.6312963750236,80.6649987299977,12.7));
#6599=CARTESIAN_POINT('Ctrl Pts',(85.1312963750236,80.6649987299977,12.7));
#6600=CARTESIAN_POINT('Ctrl Pts',(85.1312963750236,80.6649987299977,12.2));
#6601=CARTESIAN_POINT('',(85.1312963750236,80.6649987299977,12.2));
#6602=CARTESIAN_POINT('',(85.6312963750236,80.1649987299977,12.2));
#6603=CARTESIAN_POINT('Origin',(85.1312963750236,80.1649987299977,12.2));
#6604=CARTESIAN_POINT('Origin',(84.6312963750236,80.1649987299977,12.2));
#6605=CARTESIAN_POINT('Origin',(84.6312963750236,80.6649987299977,12.2));
#6606=CARTESIAN_POINT('Origin',(85.1312963750236,80.1649987299977,6.59999999999998));
#6607=CARTESIAN_POINT('',(85.6312963750236,80.1649987299977,6.59999999999998));
#6608=CARTESIAN_POINT('',(85.1312963750236,80.6649987299977,6.59999999999998));
#6609=CARTESIAN_POINT('Origin',(84.6312963750236,73.4861470934998,12.2));
#6610=CARTESIAN_POINT('',(85.6312963750236,67.1550038100077,12.2));
#6611=CARTESIAN_POINT('',(85.6312963750236,73.4861470934998,12.2));
#6612=CARTESIAN_POINT('',(84.6312963750236,67.1550038100077,13.2));
#6613=CARTESIAN_POINT('Origin',(84.6312963750236,67.1550038100077,12.2));
#6614=CARTESIAN_POINT('',(84.6312963750236,73.4861470934998,13.2));
#6615=CARTESIAN_POINT('Origin',(85.6312963750236,98.0772961161996,0.));
#6616=CARTESIAN_POINT('',(85.6312963750236,97.0772961161996,12.2));
#6617=CARTESIAN_POINT('',(85.6312963750236,73.4861470934998,12.2));
#6618=CARTESIAN_POINT('',(85.6312963750236,97.0772961161996,-1.));
#6619=CARTESIAN_POINT('',(85.6312963750236,97.0772961161996,0.));
#6620=CARTESIAN_POINT('',(85.6312963750236,95.6700024240891,-0.999999999999997));
#6621=CARTESIAN_POINT('',(85.6312963750236,98.0772961161996,-1.));
#6622=CARTESIAN_POINT('',(85.6312963750236,95.670002424089,11.700027910543));
#6623=CARTESIAN_POINT('',(85.6312963750236,95.6700024240891,1.800014040628));
#6624=CARTESIAN_POINT('',(85.6312963750236,84.670002655921,11.700027910543));
#6625=CARTESIAN_POINT('',(85.6312963750236,91.3736493860603,11.700027910543));
#6626=CARTESIAN_POINT('',(85.6312963750236,84.6700026559211,-1.));
#6627=CARTESIAN_POINT('',(85.6312963750236,84.670002655921,1.800014040628));
#6628=CARTESIAN_POINT('',(85.6312963750236,79.1599948040741,-0.999999999999997));
#6629=CARTESIAN_POINT('',(85.6312963750236,98.0772961161996,-1.));
#6630=CARTESIAN_POINT('',(85.6312963750236,79.159994804074,11.700027910543));
#6631=CARTESIAN_POINT('',(85.6312963750236,79.1599948040741,1.800014040628));
#6632=CARTESIAN_POINT('',(85.6312963750236,68.159995035906,11.700027910543));
#6633=CARTESIAN_POINT('',(85.6312963750236,83.1186455760528,11.700027910543));
#6634=CARTESIAN_POINT('',(85.6312963750236,68.1599950359061,-1.));
#6635=CARTESIAN_POINT('',(85.6312963750236,68.159995035906,1.800014040628));
#6636=CARTESIAN_POINT('',(85.6312963750236,62.6500125841091,-0.999999999999997));
#6637=CARTESIAN_POINT('',(85.6312963750236,98.0772961161996,-1.));
#6638=CARTESIAN_POINT('',(85.6312963750236,62.650012584109,11.700027910543));
#6639=CARTESIAN_POINT('',(85.6312963750236,62.6500125841091,1.800014040628));
#6640=CARTESIAN_POINT('',(85.6312963750236,51.650012815941,11.700027910543));
#6641=CARTESIAN_POINT('',(85.6312963750236,74.8636544660703,11.700027910543));
#6642=CARTESIAN_POINT('',(85.6312963750236,51.6500128159411,-1.));
#6643=CARTESIAN_POINT('',(85.6312963750236,51.650012815941,1.800014040628));
#6644=CARTESIAN_POINT('',(85.6312963750236,46.1400557641961,-0.999999999999997));
#6645=CARTESIAN_POINT('',(85.6312963750236,98.0772961161996,-1.));
#6646=CARTESIAN_POINT('',(85.6312963750236,46.140055764196,11.700027910543));
#6647=CARTESIAN_POINT('',(85.6312963750236,46.1400557641961,1.800014040628));
#6648=CARTESIAN_POINT('',(85.6312963750236,35.140055996028,11.700027910543));
#6649=CARTESIAN_POINT('',(85.6312963750236,66.6086760561138,11.700027910543));
#6650=CARTESIAN_POINT('',(85.6312963750236,35.1400559960281,-1.));
#6651=CARTESIAN_POINT('',(85.6312963750236,35.140055996028,1.800014040628));
#6652=CARTESIAN_POINT('',(85.6312963750236,29.63002274413,-0.999999999999997));
#6653=CARTESIAN_POINT('',(85.6312963750236,98.0772961161996,-1.));
#6654=CARTESIAN_POINT('',(85.6312963750236,29.63002274413,11.700027910543));
#6655=CARTESIAN_POINT('',(85.6312963750236,29.63002274413,1.800014040628));
#6656=CARTESIAN_POINT('',(85.6312963750236,18.630022975962,11.700027910543));
#6657=CARTESIAN_POINT('',(85.6312963750236,58.3536595460808,11.700027910543));
#6658=CARTESIAN_POINT('',(85.6312963750236,18.630022975962,-1.));
#6659=CARTESIAN_POINT('',(85.6312963750236,18.630022975962,1.800014040628));
#6660=CARTESIAN_POINT('',(85.6312963750236,13.119989724063,-1.));
#6661=CARTESIAN_POINT('',(85.6312963750236,98.0772961161996,-1.));
#6662=CARTESIAN_POINT('',(85.6312963750236,13.119989724063,11.700027910543));
#6663=CARTESIAN_POINT('',(85.6312963750236,13.119989724063,1.800014040628));
#6664=CARTESIAN_POINT('',(85.6312963750236,2.119989955895,11.700027910543));
#6665=CARTESIAN_POINT('',(85.6312963750236,50.0986430360473,11.700027910543));
#6666=CARTESIAN_POINT('',(85.6312963750236,2.119989955895,-1.));
#6667=CARTESIAN_POINT('',(85.6312963750236,2.119989955895,1.800014040628));
#6668=CARTESIAN_POINT('',(85.6312963750236,0.712700025400146,-1.));
#6669=CARTESIAN_POINT('',(85.6312963750236,98.0772961161996,-1.));
#6670=CARTESIAN_POINT('',(85.6312963750236,0.712700025400155,12.2));
#6671=CARTESIAN_POINT('',(85.6312963750236,0.712700025400155,0.));
#6672=CARTESIAN_POINT('',(85.6312963750236,14.1250063500127,12.2));
#6673=CARTESIAN_POINT('',(85.6312963750236,73.4861470934998,12.2));
#6674=CARTESIAN_POINT('',(85.6312963750236,14.1250063500127,1.69999999999989));
#6675=CARTESIAN_POINT('',(85.6312963750236,14.1250063500127,6.60000000000003));
#6676=CARTESIAN_POINT('',(85.6312963750236,17.6250063500127,1.69999999999989));
#6677=CARTESIAN_POINT('',(85.6312963750236,56.9761512331062,1.69999999999988));
#6678=CARTESIAN_POINT('',(85.6312963750236,17.6250063500127,12.2));
#6679=CARTESIAN_POINT('',(85.6312963750236,17.6250063500127,6.60000000000003));
#6680=CARTESIAN_POINT('',(85.6312963750236,30.6350393700792,12.2));
#6681=CARTESIAN_POINT('',(85.6312963750236,73.4861470934998,12.2));
#6682=CARTESIAN_POINT('',(85.6312963750236,30.6350393700792,1.69999999999995));
#6683=CARTESIAN_POINT('',(85.6312963750236,30.6350393700792,6.59999999999999));
#6684=CARTESIAN_POINT('',(85.6312963750236,34.1350393700792,1.69999999999995));
#6685=CARTESIAN_POINT('',(85.6312963750236,65.2311677431394,1.69999999999994));
#6686=CARTESIAN_POINT('',(85.6312963750236,34.1350393700792,12.2));
#6687=CARTESIAN_POINT('',(85.6312963750236,34.1350393700792,6.6));
#6688=CARTESIAN_POINT('',(85.6312963750236,47.1450342900687,12.2));
#6689=CARTESIAN_POINT('',(85.6312963750236,73.4861470934998,12.2));
#6690=CARTESIAN_POINT('',(85.6312963750236,47.1450342900687,1.69999999999996));
#6691=CARTESIAN_POINT('',(85.6312963750236,47.1450342900687,6.59999999999998));
#6692=CARTESIAN_POINT('',(85.6312963750236,50.6450342900687,1.69999999999996));
#6693=CARTESIAN_POINT('',(85.6312963750236,73.4861652031342,1.69999999999996));
#6694=CARTESIAN_POINT('',(85.6312963750236,50.6450342900687,12.2));
#6695=CARTESIAN_POINT('',(85.6312963750236,50.6450342900687,6.59999999999997));
#6696=CARTESIAN_POINT('',(85.6312963750236,63.6550038100077,12.2));
#6697=CARTESIAN_POINT('',(85.6312963750236,73.4861470934998,12.2));
#6698=CARTESIAN_POINT('',(85.6312963750236,63.6550038100077,1.69999999999995));
#6699=CARTESIAN_POINT('',(85.6312963750236,63.6550038100077,6.59999999999997));
#6700=CARTESIAN_POINT('',(85.6312963750236,67.1550038100077,1.69999999999995));
#6701=CARTESIAN_POINT('',(85.6312963750236,81.7411499631037,1.69999999999995));
#6702=CARTESIAN_POINT('',(85.6312963750236,67.1550038100077,6.59999999999998));
#6703=CARTESIAN_POINT('Origin',(85.1312963750236,67.1550038100077,6.59999999999998));
#6704=CARTESIAN_POINT('Origin',(85.1312963750236,67.1550038100077,12.2));
#6705=CARTESIAN_POINT('Origin',(85.1312963750236,67.1550038100077,1.69999999999995));
#6706=CARTESIAN_POINT('Origin',(65.6547012722537,56.8375009404038,12.7));
#6707=CARTESIAN_POINT('',(65.6547012722537,63.6550038100077,13.2));
#6708=CARTESIAN_POINT('Origin',(65.6547012722537,63.6550038100077,12.7));
#6709=CARTESIAN_POINT('',(65.6547012722537,67.1550038100077,13.2));
#6710=CARTESIAN_POINT('',(65.6547012722537,56.8375009404038,13.2));
#6711=CARTESIAN_POINT('Origin',(65.6547012722537,67.1550038100077,12.7));
#6712=CARTESIAN_POINT('Origin',(64.3384565523864,63.6550038100077,12.7));
#6713=CARTESIAN_POINT('',(84.6312963750236,64.1550038100077,12.7));
#6714=CARTESIAN_POINT('',(64.3384565523864,64.1550038100077,12.7));
#6715=CARTESIAN_POINT('',(84.6312963750236,63.6550038100077,13.2));
#6716=CARTESIAN_POINT('Origin',(84.6312963750236,63.6550038100077,12.7));
#6717=CARTESIAN_POINT('',(64.3384565523864,63.6550038100077,13.2));
#6718=CARTESIAN_POINT('Ctrl Pts',(84.6312963750236,63.6550038100077,13.2));
#6719=CARTESIAN_POINT('Ctrl Pts',(85.6312963750236,63.6550038100077,13.2));
#6720=CARTESIAN_POINT('Ctrl Pts',(85.6312963750236,63.6550038100077,12.2));
#6721=CARTESIAN_POINT('Ctrl Pts',(84.6312963750236,64.1550038100077,13.2));
#6722=CARTESIAN_POINT('Ctrl Pts',(85.6312963750236,64.1550038100077,13.2));
#6723=CARTESIAN_POINT('Ctrl Pts',(85.6312963750236,64.1550038100077,12.2));
#6724=CARTESIAN_POINT('Ctrl Pts',(84.6312963750236,64.1550038100077,12.7));
#6725=CARTESIAN_POINT('Ctrl Pts',(85.1312963750236,64.1550038100077,12.7));
#6726=CARTESIAN_POINT('Ctrl Pts',(85.1312963750236,64.1550038100077,12.2));
#6727=CARTESIAN_POINT('',(85.1312963750236,64.1550038100077,12.2));
#6728=CARTESIAN_POINT('Origin',(85.1312963750236,63.6550038100077,12.2));
#6729=CARTESIAN_POINT('Origin',(84.6312963750236,63.6550038100077,12.2));
#6730=CARTESIAN_POINT('Origin',(84.6312963750236,64.1550038100077,12.2));
#6731=CARTESIAN_POINT('Origin',(85.1312963750236,63.6550038100077,6.59999999999997));
#6732=CARTESIAN_POINT('',(85.1312963750236,64.1550038100077,2.19999999999995));
#6733=CARTESIAN_POINT('',(85.1312963750236,64.1550038100077,6.59999999999997));
#6734=CARTESIAN_POINT('Origin',(85.1312963750236,63.6550038100077,1.69999999999995));
#6735=CARTESIAN_POINT('Origin',(85.1312963750236,81.7411499631037,1.69999999999995));
#6736=CARTESIAN_POINT('',(85.1312963750236,81.7411499631037,2.19999999999995));
#6737=CARTESIAN_POINT('Ctrl Pts',(85.6312963750236,67.1550038100077,12.2));
#6738=CARTESIAN_POINT('Ctrl Pts',(85.6312963750236,67.1550038100077,13.2));
#6739=CARTESIAN_POINT('Ctrl Pts',(84.6312963750236,67.1550038100077,13.2));
#6740=CARTESIAN_POINT('Ctrl Pts',(85.6312963750236,66.6550038100077,12.2));
#6741=CARTESIAN_POINT('Ctrl Pts',(85.6312963750236,66.6550038100077,13.2));
#6742=CARTESIAN_POINT('Ctrl Pts',(84.6312963750236,66.6550038100077,13.2));
#6743=CARTESIAN_POINT('Ctrl Pts',(85.1312963750236,66.6550038100077,12.2));
#6744=CARTESIAN_POINT('Ctrl Pts',(85.1312963750236,66.6550038100077,12.7));
#6745=CARTESIAN_POINT('Ctrl Pts',(84.6312963750236,66.6550038100077,12.7));
#6746=CARTESIAN_POINT('Origin',(84.6312963750236,67.1550038100077,12.7));
#6747=CARTESIAN_POINT('Origin',(54.3384565523864,67.1550038100077,12.7));
#6748=CARTESIAN_POINT('',(54.3384565523864,67.1550038100077,13.2));
#6749=CARTESIAN_POINT('Origin',(42.6719982002137,48.8949980707999,13.2));
#6750=CARTESIAN_POINT('',(84.6312963750236,50.6450342900687,13.2));
#6751=CARTESIAN_POINT('',(84.6312963750236,73.4861470934998,13.2));
#6752=CARTESIAN_POINT('',(65.6548028724567,50.6450342900687,13.2));
#6753=CARTESIAN_POINT('',(54.3385073524879,50.6450342900687,13.2));
#6754=CARTESIAN_POINT('',(65.6548028724567,47.1450342900687,13.2));
#6755=CARTESIAN_POINT('',(65.6548028724567,48.5825161804343,13.2));
#6756=CARTESIAN_POINT('',(84.6312963750236,47.1450342900687,13.2));
#6757=CARTESIAN_POINT('',(64.338507352488,47.1450342900687,13.2));
#6758=CARTESIAN_POINT('',(84.6312963750236,34.1350393700792,13.2));
#6759=CARTESIAN_POINT('',(84.6312963750236,73.4861470934998,13.2));
#6760=CARTESIAN_POINT('',(65.6549044726597,34.1350393700792,13.2));
#6761=CARTESIAN_POINT('',(54.3385581525894,34.1350393700792,13.2));
#6762=CARTESIAN_POINT('',(65.6549044726597,30.6350393700792,13.2));
#6763=CARTESIAN_POINT('',(65.6549044726597,40.3275187204396,13.2));
#6764=CARTESIAN_POINT('',(84.6312963750236,30.6350393700792,13.2));
#6765=CARTESIAN_POINT('',(64.3385581525894,30.6350393700792,13.2));
#6766=CARTESIAN_POINT('',(84.6312963750236,17.6250063500127,13.2));
#6767=CARTESIAN_POINT('',(84.6312963750236,73.4861470934998,13.2));
#6768=CARTESIAN_POINT('',(65.6549044726594,17.6250063500127,13.2));
#6769=CARTESIAN_POINT('',(54.3385581525893,17.6250063500127,13.2));
#6770=CARTESIAN_POINT('',(65.6549044726594,14.1250063500127,13.2));
#6771=CARTESIAN_POINT('',(65.6549044726594,32.0725022104063,13.2));
#6772=CARTESIAN_POINT('',(84.6312963750236,14.1250063500127,13.2));
#6773=CARTESIAN_POINT('',(64.3385581525893,14.1250063500127,13.2));
#6774=CARTESIAN_POINT('',(84.6312963750236,0.712700025400155,13.2));
#6775=CARTESIAN_POINT('',(84.6312963750236,73.4861470934998,13.2));
#6776=CARTESIAN_POINT('',(65.960121920244,0.712700025400155,13.2));
#6777=CARTESIAN_POINT('',(64.1516472876186,0.712700025400155,13.2));
#6778=CARTESIAN_POINT('',(65.960121920244,5.09271023012364,13.2));
#6779=CARTESIAN_POINT('',(65.960121920244,24.3038490481,13.2));
#6780=CARTESIAN_POINT('',(55.960121920244,5.09271023012364,13.2));
#6781=CARTESIAN_POINT('Origin',(60.960121920244,5.09271023012364,13.2));
#6782=CARTESIAN_POINT('',(55.960121920244,0.712700025400159,13.2));
#6783=CARTESIAN_POINT('',(55.960121920244,26.9938541504618,13.2));
#6784=CARTESIAN_POINT('',(12.62001524003,0.712700025400163,13.2));
#6785=CARTESIAN_POINT('',(49.8160600602289,0.712700025400159,13.2));
#6786=CARTESIAN_POINT('',(12.62001524003,5.09271023012364,13.2));
#6787=CARTESIAN_POINT('',(12.62001524003,24.3038490481,13.2));
#6788=CARTESIAN_POINT('',(2.62001524003,5.09271023012364,13.2));
#6789=CARTESIAN_POINT('Origin',(7.62001524003,5.09271023012364,13.2));
#6790=CARTESIAN_POINT('',(2.62001524003,0.712700025400164,13.2));
#6791=CARTESIAN_POINT('',(2.62001524002999,26.9938541504618,13.2));
#6792=CARTESIAN_POINT('',(0.712700025403867,0.712700025400166,13.2));
#6793=CARTESIAN_POINT('',(23.1460067201219,0.712700025400164,13.2));
#6794=CARTESIAN_POINT('',(0.712700025403867,28.922100584201,13.2));
#6795=CARTESIAN_POINT('',(0.712700025403867,24.3038490481,13.2));
#6796=CARTESIAN_POINT('',(3.248006096012,28.922100584201,13.2));
#6797=CARTESIAN_POINT('',(23.4600021481129,28.922100584201,13.2));
#6798=CARTESIAN_POINT('',(5.248006096012,30.922100584201,13.2));
#6799=CARTESIAN_POINT('Origin',(3.248006096012,30.922100584201,13.2));
#6800=CARTESIAN_POINT('',(5.248006096012,47.862100584201,13.2));
#6801=CARTESIAN_POINT('',(5.248006096012,41.9085493275005,13.2));
#6802=CARTESIAN_POINT('',(3.248006096012,49.862100584201,13.2));
#6803=CARTESIAN_POINT('Origin',(3.248006096012,47.862100584201,13.2));
#6804=CARTESIAN_POINT('',(0.712700025403867,49.862100584201,13.2));
#6805=CARTESIAN_POINT('',(20.4600021481129,49.862100584201,13.2));
#6806=CARTESIAN_POINT('',(0.712700025403867,97.0772961161997,13.2));
#6807=CARTESIAN_POINT('',(0.712700025403867,24.3038490481,13.2));
#6808=CARTESIAN_POINT('',(2.62001524003,97.0772961161997,13.2));
#6809=CARTESIAN_POINT('',(21.1923491128088,97.0772961161997,13.2));
#6810=CARTESIAN_POINT('',(2.62001524003,92.4872260310454,13.2));
#6811=CARTESIAN_POINT('',(2.62001524002999,73.4861470934998,13.2));
#6812=CARTESIAN_POINT('',(12.62001524003,92.4872260310454,13.2));
#6813=CARTESIAN_POINT('Origin',(7.62001524003,92.4872260310454,13.2));
#6814=CARTESIAN_POINT('',(12.62001524003,97.0772961161997,13.2));
#6815=CARTESIAN_POINT('',(12.62001524003,70.6911120509227,13.2));
#6816=CARTESIAN_POINT('',(54.690119380239,97.0772961161997,13.2));
#6817=CARTESIAN_POINT('',(27.1460067201219,97.0772961161997,13.2));
#6818=CARTESIAN_POINT('',(54.690119380239,92.4872260310454,13.2));
#6819=CARTESIAN_POINT('',(54.690119380239,73.4861470934998,13.2));
#6820=CARTESIAN_POINT('',(64.690119380239,92.4872260310454,13.2));
#6821=CARTESIAN_POINT('Origin',(59.690119380239,92.4872260310454,13.2));
#6822=CARTESIAN_POINT('',(64.690119380239,97.0772961161997,13.2));
#6823=CARTESIAN_POINT('',(64.690119380239,70.6911120509226,13.2));
#6824=CARTESIAN_POINT('',(84.6312963750236,97.0772961161997,13.2));
#6825=CARTESIAN_POINT('',(53.1810587902264,97.0772961161997,13.2));
#6826=CARTESIAN_POINT('',(84.6312963750236,73.4861470934998,13.2));
#6827=CARTESIAN_POINT('',(16.967716991246,39.3921005842012,13.2));
#6828=CARTESIAN_POINT('Origin',(21.967716991246,39.3921005842012,13.2));
#6829=CARTESIAN_POINT('Origin',(85.1312963750236,50.6450342900687,6.59999999999997));
#6830=CARTESIAN_POINT('Origin',(85.1312963750236,50.6450342900687,12.2));
#6831=CARTESIAN_POINT('Origin',(85.1312963750236,50.6450342900687,1.69999999999996));
#6832=CARTESIAN_POINT('Origin',(65.6548028724567,48.5825161804343,12.7));
#6833=CARTESIAN_POINT('Origin',(65.6548028724567,47.1450342900687,12.7));
#6834=CARTESIAN_POINT('Origin',(65.6548028724567,50.6450342900687,12.7));
#6835=CARTESIAN_POINT('Origin',(64.338507352488,47.1450342900687,12.7));
#6836=CARTESIAN_POINT('',(84.6312963750236,47.6450342900687,12.7));
#6837=CARTESIAN_POINT('',(64.338507352488,47.6450342900687,12.7));
#6838=CARTESIAN_POINT('Origin',(84.6312963750236,47.1450342900687,12.7));
#6839=CARTESIAN_POINT('Ctrl Pts',(84.6312963750236,47.1450342900687,13.2));
#6840=CARTESIAN_POINT('Ctrl Pts',(85.6312963750236,47.1450342900687,13.2));
#6841=CARTESIAN_POINT('Ctrl Pts',(85.6312963750236,47.1450342900687,12.2));
#6842=CARTESIAN_POINT('Ctrl Pts',(84.6312963750236,47.6450342900687,13.2));
#6843=CARTESIAN_POINT('Ctrl Pts',(85.6312963750236,47.6450342900687,13.2));
#6844=CARTESIAN_POINT('Ctrl Pts',(85.6312963750236,47.6450342900687,12.2));
#6845=CARTESIAN_POINT('Ctrl Pts',(84.6312963750236,47.6450342900687,12.7));
#6846=CARTESIAN_POINT('Ctrl Pts',(85.1312963750236,47.6450342900687,12.7));
#6847=CARTESIAN_POINT('Ctrl Pts',(85.1312963750236,47.6450342900687,12.2));
#6848=CARTESIAN_POINT('',(85.1312963750236,47.6450342900687,12.2));
#6849=CARTESIAN_POINT('Origin',(85.1312963750236,47.1450342900687,12.2));
#6850=CARTESIAN_POINT('Origin',(84.6312963750236,47.1450342900687,12.2));
#6851=CARTESIAN_POINT('Origin',(84.6312963750236,47.6450342900687,12.2));
#6852=CARTESIAN_POINT('Origin',(85.1312963750236,47.1450342900687,6.59999999999998));
#6853=CARTESIAN_POINT('',(85.1312963750236,47.6450342900687,2.19999999999996));
#6854=CARTESIAN_POINT('',(85.1312963750236,47.6450342900687,6.59999999999998));
#6855=CARTESIAN_POINT('Origin',(85.1312963750236,47.1450342900687,1.69999999999996));
#6856=CARTESIAN_POINT('Origin',(85.1312963750236,73.4861652031342,1.69999999999996));
#6857=CARTESIAN_POINT('',(85.1312963750236,73.4861652031342,2.19999999999996));
#6858=CARTESIAN_POINT('Ctrl Pts',(85.6312963750236,50.6450342900687,12.2));
#6859=CARTESIAN_POINT('Ctrl Pts',(85.6312963750236,50.6450342900687,13.2));
#6860=CARTESIAN_POINT('Ctrl Pts',(84.6312963750236,50.6450342900687,13.2));
#6861=CARTESIAN_POINT('Ctrl Pts',(85.6312963750236,50.1450342900687,12.2));
#6862=CARTESIAN_POINT('Ctrl Pts',(85.6312963750236,50.1450342900687,13.2));
#6863=CARTESIAN_POINT('Ctrl Pts',(84.6312963750236,50.1450342900687,13.2));
#6864=CARTESIAN_POINT('Ctrl Pts',(85.1312963750236,50.1450342900687,12.2));
#6865=CARTESIAN_POINT('Ctrl Pts',(85.1312963750236,50.1450342900687,12.7));
#6866=CARTESIAN_POINT('Ctrl Pts',(84.6312963750236,50.1450342900687,12.7));
#6867=CARTESIAN_POINT('Origin',(84.6312963750236,50.6450342900687,12.7));
#6868=CARTESIAN_POINT('Origin',(84.6312963750236,50.6450342900687,12.2));
#6869=CARTESIAN_POINT('Origin',(54.3385073524879,50.6450342900687,12.7));
#6870=CARTESIAN_POINT('Origin',(84.6312963750236,73.4861470934998,12.2));
#6871=CARTESIAN_POINT('Origin',(85.1312963750236,34.1350393700792,6.6));
#6872=CARTESIAN_POINT('Origin',(85.1312963750236,34.1350393700792,12.2));
#6873=CARTESIAN_POINT('Origin',(85.1312963750236,34.1350393700792,1.69999999999995));
#6874=CARTESIAN_POINT('Origin',(65.6549044726597,40.3275187204396,12.7));
#6875=CARTESIAN_POINT('Origin',(65.6549044726597,30.6350393700792,12.7));
#6876=CARTESIAN_POINT('Origin',(65.6549044726597,34.1350393700792,12.7));
#6877=CARTESIAN_POINT('Origin',(64.3385581525894,30.6350393700792,12.7));
#6878=CARTESIAN_POINT('',(84.6312963750236,31.1350393700792,12.7));
#6879=CARTESIAN_POINT('',(64.3385581525894,31.1350393700792,12.7));
#6880=CARTESIAN_POINT('Origin',(84.6312963750236,30.6350393700792,12.7));
#6881=CARTESIAN_POINT('Ctrl Pts',(84.6312963750236,30.6350393700792,13.2));
#6882=CARTESIAN_POINT('Ctrl Pts',(85.6312963750236,30.6350393700792,13.2));
#6883=CARTESIAN_POINT('Ctrl Pts',(85.6312963750236,30.6350393700792,12.2));
#6884=CARTESIAN_POINT('Ctrl Pts',(84.6312963750236,31.1350393700792,13.2));
#6885=CARTESIAN_POINT('Ctrl Pts',(85.6312963750236,31.1350393700792,13.2));
#6886=CARTESIAN_POINT('Ctrl Pts',(85.6312963750236,31.1350393700792,12.2));
#6887=CARTESIAN_POINT('Ctrl Pts',(84.6312963750236,31.1350393700792,12.7));
#6888=CARTESIAN_POINT('Ctrl Pts',(85.1312963750236,31.1350393700792,12.7));
#6889=CARTESIAN_POINT('Ctrl Pts',(85.1312963750236,31.1350393700792,12.2));
#6890=CARTESIAN_POINT('',(85.1312963750236,31.1350393700792,12.2));
#6891=CARTESIAN_POINT('Origin',(85.1312963750236,30.6350393700792,12.2));
#6892=CARTESIAN_POINT('Origin',(84.6312963750236,30.6350393700792,12.2));
#6893=CARTESIAN_POINT('Origin',(84.6312963750236,31.1350393700792,12.2));
#6894=CARTESIAN_POINT('Origin',(85.1312963750236,30.6350393700792,6.59999999999999));
#6895=CARTESIAN_POINT('',(85.1312963750236,31.1350393700792,2.19999999999996));
#6896=CARTESIAN_POINT('',(85.1312963750236,31.1350393700792,6.59999999999999));
#6897=CARTESIAN_POINT('Origin',(85.1312963750236,30.6350393700792,1.69999999999995));
#6898=CARTESIAN_POINT('Origin',(85.1312963750236,65.2311677431394,1.69999999999994));
#6899=CARTESIAN_POINT('',(85.1312963750236,65.2311677431394,2.19999999999994));
#6900=CARTESIAN_POINT('Ctrl Pts',(85.6312963750236,34.1350393700792,12.2));
#6901=CARTESIAN_POINT('Ctrl Pts',(85.6312963750236,34.1350393700792,13.2));
#6902=CARTESIAN_POINT('Ctrl Pts',(84.6312963750236,34.1350393700792,13.2));
#6903=CARTESIAN_POINT('Ctrl Pts',(85.6312963750236,33.6350393700792,12.2));
#6904=CARTESIAN_POINT('Ctrl Pts',(85.6312963750236,33.6350393700792,13.2));
#6905=CARTESIAN_POINT('Ctrl Pts',(84.6312963750236,33.6350393700792,13.2));
#6906=CARTESIAN_POINT('Ctrl Pts',(85.1312963750236,33.6350393700792,12.2));
#6907=CARTESIAN_POINT('Ctrl Pts',(85.1312963750236,33.6350393700792,12.7));
#6908=CARTESIAN_POINT('Ctrl Pts',(84.6312963750236,33.6350393700792,12.7));
#6909=CARTESIAN_POINT('Origin',(84.6312963750236,34.1350393700792,12.7));
#6910=CARTESIAN_POINT('Origin',(84.6312963750236,34.1350393700792,12.2));
#6911=CARTESIAN_POINT('Origin',(54.3385581525894,34.1350393700792,12.7));
#6912=CARTESIAN_POINT('Origin',(84.6312963750236,73.4861470934998,12.2));
#6913=CARTESIAN_POINT('Origin',(85.1312963750236,17.6250063500127,6.60000000000003));
#6914=CARTESIAN_POINT('Origin',(85.1312963750236,17.6250063500127,12.2));
#6915=CARTESIAN_POINT('Origin',(85.1312963750236,17.6250063500127,1.69999999999989));
#6916=CARTESIAN_POINT('Origin',(65.6549044726594,32.0725022104063,12.7));
#6917=CARTESIAN_POINT('Origin',(65.6549044726594,14.1250063500127,12.7));
#6918=CARTESIAN_POINT('Origin',(65.6549044726594,17.6250063500127,12.7));
#6919=CARTESIAN_POINT('Origin',(64.3385581525893,14.1250063500127,12.7));
#6920=CARTESIAN_POINT('',(84.6312963750236,14.6250063500127,12.7));
#6921=CARTESIAN_POINT('',(64.3385581525893,14.6250063500127,12.7));
#6922=CARTESIAN_POINT('Origin',(84.6312963750236,14.1250063500127,12.7));
#6923=CARTESIAN_POINT('Ctrl Pts',(84.6312963750236,14.1250063500127,13.2));
#6924=CARTESIAN_POINT('Ctrl Pts',(85.6312963750236,14.1250063500127,13.2));
#6925=CARTESIAN_POINT('Ctrl Pts',(85.6312963750236,14.1250063500127,12.2));
#6926=CARTESIAN_POINT('Ctrl Pts',(84.6312963750236,14.6250063500127,13.2));
#6927=CARTESIAN_POINT('Ctrl Pts',(85.6312963750236,14.6250063500127,13.2));
#6928=CARTESIAN_POINT('Ctrl Pts',(85.6312963750236,14.6250063500127,12.2));
#6929=CARTESIAN_POINT('Ctrl Pts',(84.6312963750236,14.6250063500127,12.7));
#6930=CARTESIAN_POINT('Ctrl Pts',(85.1312963750236,14.6250063500127,12.7));
#6931=CARTESIAN_POINT('Ctrl Pts',(85.1312963750236,14.6250063500127,12.2));
#6932=CARTESIAN_POINT('',(85.1312963750236,14.6250063500127,12.2));
#6933=CARTESIAN_POINT('Origin',(85.1312963750236,14.1250063500127,12.2));
#6934=CARTESIAN_POINT('Origin',(84.6312963750236,14.1250063500127,12.2));
#6935=CARTESIAN_POINT('Origin',(84.6312963750236,14.6250063500127,12.2));
#6936=CARTESIAN_POINT('Origin',(85.1312963750236,14.1250063500127,6.60000000000003));
#6937=CARTESIAN_POINT('',(85.1312963750236,14.6250063500127,2.20000000000003));
#6938=CARTESIAN_POINT('',(85.1312963750236,14.6250063500127,6.60000000000003));
#6939=CARTESIAN_POINT('Origin',(85.1312963750236,14.1250063500127,1.69999999999989));
#6940=CARTESIAN_POINT('Origin',(85.1312963750236,56.9761512331062,1.69999999999988));
#6941=CARTESIAN_POINT('',(85.1312963750236,56.9761512331062,2.19999999999988));
#6942=CARTESIAN_POINT('Ctrl Pts',(85.6312963750236,17.6250063500127,12.2));
#6943=CARTESIAN_POINT('Ctrl Pts',(85.6312963750236,17.6250063500127,13.2));
#6944=CARTESIAN_POINT('Ctrl Pts',(84.6312963750236,17.6250063500127,13.2));
#6945=CARTESIAN_POINT('Ctrl Pts',(85.6312963750236,17.1250063500127,12.2));
#6946=CARTESIAN_POINT('Ctrl Pts',(85.6312963750236,17.1250063500127,13.2));
#6947=CARTESIAN_POINT('Ctrl Pts',(84.6312963750236,17.1250063500127,13.2));
#6948=CARTESIAN_POINT('Ctrl Pts',(85.1312963750236,17.1250063500127,12.2));
#6949=CARTESIAN_POINT('Ctrl Pts',(85.1312963750236,17.1250063500127,12.7));
#6950=CARTESIAN_POINT('Ctrl Pts',(84.6312963750236,17.1250063500127,12.7));
#6951=CARTESIAN_POINT('Origin',(84.6312963750236,17.6250063500127,12.7));
#6952=CARTESIAN_POINT('Origin',(84.6312963750236,17.6250063500127,12.2));
#6953=CARTESIAN_POINT('Origin',(54.3385581525893,17.6250063500127,12.7));
#6954=CARTESIAN_POINT('Origin',(84.6312963750236,73.4861470934998,12.2));
#6955=CARTESIAN_POINT('Origin',(76.0051181049649,15.8750063500127,2.19999999999989));
#6956=CARTESIAN_POINT('',(66.0051181049649,14.6250063500127,2.19999999999989));
#6957=CARTESIAN_POINT('Origin',(76.0051181049652,32.3850393700792,2.19999999999995));
#6958=CARTESIAN_POINT('',(66.0051181049652,31.1350393700792,2.19999999999995));
#6959=CARTESIAN_POINT('Origin',(76.0050165047622,48.8950342900687,2.19999999999996));
#6960=CARTESIAN_POINT('',(86.0050165047622,47.6450342900687,2.19999999999996));
#6961=CARTESIAN_POINT('Origin',(76.0049149045592,65.4050038100077,2.19999999999995));
#6962=CARTESIAN_POINT('',(86.0049149045592,64.1550038100077,2.19999999999995));
#6963=CARTESIAN_POINT('Origin',(76.0049149045593,81.9149987299977,2.19999999999995));
#6964=CARTESIAN_POINT('',(86.0049149045592,80.6649987299977,2.19999999999995));
#6965=CARTESIAN_POINT('Origin',(86.0049149045592,80.6649987299977,13.2));
#6966=CARTESIAN_POINT('Origin',(84.6312963750236,73.4861470934998,12.2));
#6967=CARTESIAN_POINT('Origin',(84.6312963750236,97.0772961161997,12.2));
#6968=CARTESIAN_POINT('Origin',(86.0051181049649,14.6250063500127,13.2));
#6969=CARTESIAN_POINT('Origin',(84.6312963750236,73.4861470934998,12.2));
#6970=CARTESIAN_POINT('Origin',(84.6312963750236,0.712700025400155,12.2));
#6971=CARTESIAN_POINT('Origin',(86.0049149045592,64.1550038100077,13.1999999999999));
#6972=CARTESIAN_POINT('Origin',(86.0051181049652,31.1350393700792,13.2));
#6973=CARTESIAN_POINT('Origin',(86.0050165047622,47.6450342900687,13.2));
#6974=CARTESIAN_POINT('Origin',(42.6719982002137,48.8949980707999,-1.));
#6975=CARTESIAN_POINT('',(88.3312963750234,35.1400559960281,-0.999999999999997));
#6976=CARTESIAN_POINT('',(65.5016472876186,35.1400559960281,-1.));
#6977=CARTESIAN_POINT('',(88.3312963750234,29.63002274413,-0.999999999999997));
#6978=CARTESIAN_POINT('',(88.3312963750236,-2.98729997459984,-1.));
#6979=CARTESIAN_POINT('',(65.5016472876186,29.63002274413,-1.));
#6980=CARTESIAN_POINT('Origin',(42.6719982002137,48.8949980707999,-1.));
#6981=CARTESIAN_POINT('',(88.3312963750234,79.1599948040741,-0.999999999999997));
#6982=CARTESIAN_POINT('',(65.5016472876186,79.1599948040741,-1.));
#6983=CARTESIAN_POINT('',(88.3312963750234,84.6700026559211,-0.999999999999997));
#6984=CARTESIAN_POINT('',(65.5016472876186,84.6700026559211,-1.));
#6985=CARTESIAN_POINT('',(88.3312963750236,-2.98729997459984,-1.));
#6986=CARTESIAN_POINT('Origin',(42.6719982002137,48.8949980707999,-1.));
#6987=CARTESIAN_POINT('',(88.3312963750234,13.119989724063,-0.999999999999997));
#6988=CARTESIAN_POINT('',(65.5016472876186,13.119989724063,-1.));
#6989=CARTESIAN_POINT('',(88.3312963750234,18.630022975962,-1.));
#6990=CARTESIAN_POINT('',(65.5016472876186,18.630022975962,-1.));
#6991=CARTESIAN_POINT('',(88.3312963750236,-2.98729997459984,-1.));
#6992=CARTESIAN_POINT('Origin',(42.6719982002137,48.8949980707999,-1.));
#6993=CARTESIAN_POINT('',(88.3312963750234,2.119989955895,-0.999999999999997));
#6994=CARTESIAN_POINT('',(65.5016472876186,2.119989955895,-1.));
#6995=CARTESIAN_POINT('',(88.3312963750236,0.0127000254001608,-1.));
#6996=CARTESIAN_POINT('',(88.3312963750236,-2.98729997459984,-1.));
#6997=CARTESIAN_POINT('',(85.3312963750236,-2.98729997459983,-1.));
#6998=CARTESIAN_POINT('Origin',(85.3312963750236,0.0127000254001642,-1.));
#6999=CARTESIAN_POINT('',(0.0127000254038684,-2.98729997459985,-1.));
#7000=CARTESIAN_POINT('',(-2.98729997459613,-2.98729997459985,-1.));
#7001=CARTESIAN_POINT('',(-2.98729997459613,0.012700025400143,-1.));
#7002=CARTESIAN_POINT('Origin',(0.0127000254038678,0.0127000254001519,-1.));
#7003=CARTESIAN_POINT('',(-2.98729997459613,97.7772961161997,-1.));
#7004=CARTESIAN_POINT('',(-2.98729997459613,100.7772961162,-1.));
#7005=CARTESIAN_POINT('',(0.0127000254038734,100.7772961162,-1.));
#7006=CARTESIAN_POINT('Origin',(0.0127000254038645,97.7772961161997,-1.));
#7007=CARTESIAN_POINT('',(85.3312963750236,100.7772961162,-1.));
#7008=CARTESIAN_POINT('',(88.3312963750236,100.7772961162,-1.));
#7009=CARTESIAN_POINT('',(88.3312963750236,97.7772961161996,-1.));
#7010=CARTESIAN_POINT('Origin',(85.3312963750236,97.7772961161996,-1.));
#7011=CARTESIAN_POINT('',(88.3312963750234,95.6700024240891,-0.999999999999997));
#7012=CARTESIAN_POINT('',(88.3312963750236,-2.98729997459984,-1.));
#7013=CARTESIAN_POINT('',(65.5016472876186,95.6700024240891,-1.));
#7014=CARTESIAN_POINT('',(84.6312963750236,98.0772961161996,-1.));
#7015=CARTESIAN_POINT('Origin',(84.6312963750236,97.0772961161996,-1.));
#7016=CARTESIAN_POINT('',(0.712700025403867,98.0772961161996,-1.));
#7017=CARTESIAN_POINT('',(-0.287299974596133,98.0772961161996,-1.));
#7018=CARTESIAN_POINT('',(-0.287299974596133,97.0772961161997,-1.));
#7019=CARTESIAN_POINT('Origin',(0.712700025403867,97.0772961161997,-1.));
#7020=CARTESIAN_POINT('',(-0.287299974596133,0.712700025400164,-1.));
#7021=CARTESIAN_POINT('',(-0.287299974596133,-0.287299974599836,-1.));
#7022=CARTESIAN_POINT('',(0.712700025403858,-0.287299974599833,-1.));
#7023=CARTESIAN_POINT('Origin',(0.712700025403867,0.712700025400164,-1.));
#7024=CARTESIAN_POINT('',(84.6312963750236,-0.287299974599851,-1.));
#7025=CARTESIAN_POINT('',(85.6312963750236,-0.287299974599845,-1.));
#7026=CARTESIAN_POINT('Origin',(84.6312963750236,0.712700025400155,-1.));
#7027=CARTESIAN_POINT('Origin',(42.6719982002137,48.8949980707999,-1.));
#7028=CARTESIAN_POINT('',(88.3312963750234,62.6500125841091,-0.999999999999997));
#7029=CARTESIAN_POINT('',(65.5016472876186,62.6500125841091,-1.));
#7030=CARTESIAN_POINT('',(88.3312963750234,68.1599950359061,-0.999999999999997));
#7031=CARTESIAN_POINT('',(65.5016472876186,68.1599950359061,-1.));
#7032=CARTESIAN_POINT('',(88.3312963750236,-2.98729997459984,-1.));
#7033=CARTESIAN_POINT('Origin',(42.6719982002137,48.8949980707999,-1.));
#7034=CARTESIAN_POINT('',(88.3312963750234,51.6500128159411,-0.999999999999997));
#7035=CARTESIAN_POINT('',(65.5016472876186,51.6500128159411,-1.));
#7036=CARTESIAN_POINT('',(88.3312963750234,46.1400557641961,-0.999999999999997));
#7037=CARTESIAN_POINT('',(88.3312963750236,-2.98729997459984,-1.));
#7038=CARTESIAN_POINT('',(65.5016472876186,46.1400557641961,-1.));
#7039=CARTESIAN_POINT('Origin',(88.3312963750236,-2.98729997459984,0.));
#7040=CARTESIAN_POINT('',(88.3312963750234,95.6700024240891,3.20000000000138));
#7041=CARTESIAN_POINT('',(88.3312963750236,95.6700024240891,1.80001404062798));
#7042=CARTESIAN_POINT('',(88.3312963750236,97.7772961161996,3.2));
#7043=CARTESIAN_POINT('',(88.3312963750236,97.7772961161996,0.));
#7044=CARTESIAN_POINT('',(88.3312963750236,22.9538490481,3.2));
#7045=CARTESIAN_POINT('Origin',(88.3312963750236,-2.98729997459984,0.));
#7046=CARTESIAN_POINT('',(88.3312963750234,35.1400559960281,3.20000000000138));
#7047=CARTESIAN_POINT('',(88.3312963750236,35.1400559960281,-0.500000000000003));
#7048=CARTESIAN_POINT('',(88.3312963750234,29.63002274413,3.20000000000138));
#7049=CARTESIAN_POINT('',(88.3312963750236,22.9538490481,3.2));
#7050=CARTESIAN_POINT('',(88.3312963750236,29.63002274413,1.80001404062799));
#7051=CARTESIAN_POINT('Origin',(88.3312963750236,-2.98729997459984,0.));
#7052=CARTESIAN_POINT('',(88.3312963750234,79.1599948040741,3.20000000000138));
#7053=CARTESIAN_POINT('',(88.3312963750236,79.1599948040741,1.80001404062799));
#7054=CARTESIAN_POINT('',(88.3312963750234,84.6700026559211,3.20000000000138));
#7055=CARTESIAN_POINT('',(88.3312963750236,84.6700026559211,-0.500000000000008));
#7056=CARTESIAN_POINT('',(88.3312963750236,22.9538490481,3.2));
#7057=CARTESIAN_POINT('Origin',(88.3312963750236,-2.98729997459984,0.));
#7058=CARTESIAN_POINT('',(88.3312963750234,13.119989724063,3.20000000000138));
#7059=CARTESIAN_POINT('',(88.3312963750236,13.119989724063,1.80001404062799));
#7060=CARTESIAN_POINT('',(88.3312963750234,18.630022975962,3.20000000000138));
#7061=CARTESIAN_POINT('',(88.3312963750236,18.630022975962,-0.500000000000003));
#7062=CARTESIAN_POINT('',(88.3312963750236,22.9538490481,3.2));
#7063=CARTESIAN_POINT('Origin',(88.3312963750236,-2.98729997459984,0.));
#7064=CARTESIAN_POINT('',(88.3312963750234,2.119989955895,3.20000000000138));
#7065=CARTESIAN_POINT('',(88.3312963750236,2.119989955895,-0.499999999999998));
#7066=CARTESIAN_POINT('',(88.3312963750236,0.0127000254001652,3.2));
#7067=CARTESIAN_POINT('',(88.3312963750236,22.9538490481,3.2));
#7068=CARTESIAN_POINT('',(88.3312963750236,0.0127000254001641,0.));
#7069=CARTESIAN_POINT('Origin',(88.3312963750236,-2.98729997459984,0.));
#7070=CARTESIAN_POINT('',(88.3312963750234,62.6500125841091,3.20000000000138));
#7071=CARTESIAN_POINT('',(88.3312963750236,62.6500125841091,1.80001404062799));
#7072=CARTESIAN_POINT('',(88.3312963750234,68.1599950359061,3.20000000000138));
#7073=CARTESIAN_POINT('',(88.3312963750236,68.1599950359061,-0.500000000000007));
#7074=CARTESIAN_POINT('',(88.3312963750236,22.9538490481,3.2));
#7075=CARTESIAN_POINT('Origin',(88.3312963750236,-2.98729997459984,0.));
#7076=CARTESIAN_POINT('',(88.3312963750234,51.6500128159411,3.20000000000138));
#7077=CARTESIAN_POINT('',(88.3312963750236,51.6500128159411,-0.500000000000005));
#7078=CARTESIAN_POINT('',(88.3312963750234,46.1400557641961,3.20000000000138));
#7079=CARTESIAN_POINT('',(88.3312963750236,22.9538490481,3.2));
#7080=CARTESIAN_POINT('',(88.3312963750236,46.1400557641961,1.80001404062799));
#7081=CARTESIAN_POINT('Origin',(1.998006096012,35.822100584201,7.48002824485601));
#7082=CARTESIAN_POINT('',(1.248006096012,34.4902222113756,8.170028244856));
#7083=CARTESIAN_POINT('',(4.248006096012,34.4902222113756,8.170028244856));
#7084=CARTESIAN_POINT('',(1.998006096012,34.4902222113756,8.170028244856));
#7085=CARTESIAN_POINT('',(1.248006096012,35.822100584201,8.98002824485601));
#7086=CARTESIAN_POINT('Origin',(1.248006096012,35.822100584201,7.48002824485601));
#7087=CARTESIAN_POINT('',(4.248006096012,35.822100584201,8.98002824485601));
#7088=CARTESIAN_POINT('',(1.998006096012,35.822100584201,8.98002824485601));
#7089=CARTESIAN_POINT('Origin',(4.248006096012,35.822100584201,7.48002824485601));
#7090=CARTESIAN_POINT('Origin',(4.248006096012,34.922100584201,15.2));
#7091=CARTESIAN_POINT('',(4.248006096012,30.922100584201,8.170028244856));
#7092=CARTESIAN_POINT('',(4.248006096012,37.157100584201,8.170028244856));
#7093=CARTESIAN_POINT('',(4.248006096012,42.962100584201,8.98002824485601));
#7094=CARTESIAN_POINT('',(4.248006096012,37.157100584201,8.98002824485601));
#7095=CARTESIAN_POINT('',(4.248006096012,44.2939789570264,8.170028244856));
#7096=CARTESIAN_POINT('Origin',(4.248006096012,42.962100584201,7.48002824485601));
#7097=CARTESIAN_POINT('',(4.248006096012,47.862100584201,8.170028244856));
#7098=CARTESIAN_POINT('',(4.248006096012,37.157100584201,8.170028244856));
#7099=CARTESIAN_POINT('',(4.248006096012,47.862100584201,12.2));
#7100=CARTESIAN_POINT('',(4.248006096012,47.862100584201,15.2));
#7101=CARTESIAN_POINT('',(4.248006096012,30.922100584201,12.2));
#7102=CARTESIAN_POINT('',(4.248006096012,41.9085493275005,12.2));
#7103=CARTESIAN_POINT('',(4.248006096012,30.922100584201,15.2));
#7104=CARTESIAN_POINT('Origin',(1.248006096012,45.862100584201,15.2));
#7105=CARTESIAN_POINT('',(1.248006096012,33.922100584201,8.170028244856));
#7106=CARTESIAN_POINT('',(1.248006096012,42.627100584201,8.170028244856));
#7107=CARTESIAN_POINT('',(1.248006096012,33.922100584201,14.7));
#7108=CARTESIAN_POINT('',(1.248006096012,33.922100584201,15.2));
#7109=CARTESIAN_POINT('',(1.248006096012,44.862100584201,14.7));
#7110=CARTESIAN_POINT('',(1.248006096012,47.3785493275005,14.7));
#7111=CARTESIAN_POINT('',(1.248006096012,44.862100584201,8.170028244856));
#7112=CARTESIAN_POINT('',(1.248006096012,44.862100584201,15.2));
#7113=CARTESIAN_POINT('',(1.248006096012,44.2939789570264,8.170028244856));
#7114=CARTESIAN_POINT('',(1.248006096012,42.627100584201,8.170028244856));
#7115=CARTESIAN_POINT('',(1.248006096012,42.962100584201,8.98002824485601));
#7116=CARTESIAN_POINT('Origin',(1.248006096012,42.962100584201,7.48002824485601));
#7117=CARTESIAN_POINT('',(1.248006096012,42.627100584201,8.98002824485601));
#7118=CARTESIAN_POINT('Origin',(3.498006096012,42.962100584201,7.48002824485601));
#7119=CARTESIAN_POINT('',(3.498006096012,44.2939789570264,8.170028244856));
#7120=CARTESIAN_POINT('',(3.498006096012,42.962100584201,8.98002824485601));
#7121=CARTESIAN_POINT('Origin',(21.967716991246,39.3921005842012,12.2));
#7122=CARTESIAN_POINT('',(17.967716991246,39.3921005842012,12.2));
#7123=CARTESIAN_POINT('Origin',(21.967716991246,39.3921005842012,12.2));
#7124=CARTESIAN_POINT('Origin',(16.967716991246,39.3921005842012,12.2));
#7125=CARTESIAN_POINT('Origin',(21.967716991246,39.3921005842012,13.2));
#7126=CARTESIAN_POINT('',(17.967716991246,39.3921005842012,6.66999999999997));
#7127=CARTESIAN_POINT('Origin',(21.967716991246,39.3921005842012,6.66999999999996));
#7128=CARTESIAN_POINT('',(17.967716991246,39.3921005842012,13.2));
#7129=CARTESIAN_POINT('Origin',(21.967716991246,39.3921005842012,10.42));
#7130=CARTESIAN_POINT('',(19.0265405206578,39.3921005842012,6.66999999999996));
#7131=CARTESIAN_POINT('Origin',(21.967716991246,39.3921005842012,6.66999999999996));
#7132=CARTESIAN_POINT('',(19.967716991246,39.3921005842012,14.67));
#7133=CARTESIAN_POINT('',(19.467716991246,39.3921005842012,10.42));
#7134=CARTESIAN_POINT('',(23.967716991246,39.3921005842012,14.67));
#7135=CARTESIAN_POINT('Origin',(21.967716991246,39.3921005842012,14.67));
#7136=CARTESIAN_POINT('Origin',(21.967716991246,39.3921005842012,14.67));
#7137=CARTESIAN_POINT('Origin',(21.967716991246,39.3921005842012,6.66999999999996));
#7138=CARTESIAN_POINT('Origin',(21.967716991246,39.3921005842012,15.2));
#7139=CARTESIAN_POINT('',(23.967716991246,39.3921005842012,14.7));
#7140=CARTESIAN_POINT('Origin',(21.967716991246,39.3921005842012,14.7));
#7141=CARTESIAN_POINT('',(23.967716991246,39.3921005842012,15.2));
#7142=CARTESIAN_POINT('Origin',(21.967716991246,39.3921005842012,14.95));
#7143=CARTESIAN_POINT('',(24.467716991246,39.3921005842012,15.2));
#7144=CARTESIAN_POINT('Origin',(21.967716991246,39.3921005842012,15.2));
#7145=CARTESIAN_POINT('',(24.217716991246,39.3921005842012,14.95));
#7146=CARTESIAN_POINT('Origin',(42.6719982002137,48.8949980707999,15.2));
#7147=CARTESIAN_POINT('',(0.968188348198171,-1.48706766037345,15.2));
#7148=CARTESIAN_POINT('',(-1.48706766036975,0.968188348194473,15.2));
#7149=CARTESIAN_POINT('Ctrl Pts',(0.968188348198176,-1.48706766037345,15.2));
#7150=CARTESIAN_POINT('Ctrl Pts',(0.233590089075492,-1.47707173853766,15.2));
#7151=CARTESIAN_POINT('Ctrl Pts',(-1.02511983685047,-0.859808013897234,
15.2));
#7152=CARTESIAN_POINT('Ctrl Pts',(-1.4795707189929,0.417239653852462,15.2));
#7153=CARTESIAN_POINT('Ctrl Pts',(-1.48706766036975,0.968188348194474,15.2));
#7154=CARTESIAN_POINT('',(1.00233730013851,-1.48729997459984,15.2));
#7155=CARTESIAN_POINT('Ctrl Pts',(1.00233730013851,-1.48729997459983,15.2));
#7156=CARTESIAN_POINT('Ctrl Pts',(0.990953111780256,-1.48729997459983,15.2));
#7157=CARTESIAN_POINT('Ctrl Pts',(0.979569776696257,-1.48722253124093,15.2));
#7158=CARTESIAN_POINT('Ctrl Pts',(0.968188348198176,-1.48706766037344,15.2));
#7159=CARTESIAN_POINT('',(84.3416591002889,-1.48729997459983,15.2));
#7160=CARTESIAN_POINT('',(31.2571736565113,-1.48729997459983,15.2));
#7161=CARTESIAN_POINT('',(84.3758080522292,-1.48706766037344,15.2));
#7162=CARTESIAN_POINT('Ctrl Pts',(84.3758080522292,-1.48706766037344,15.2));
#7163=CARTESIAN_POINT('Ctrl Pts',(84.3644266237312,-1.48722253124092,15.2));
#7164=CARTESIAN_POINT('Ctrl Pts',(84.3530432886472,-1.48729997459982,15.2));
#7165=CARTESIAN_POINT('Ctrl Pts',(84.3416591002889,-1.48729997459982,15.2));
#7166=CARTESIAN_POINT('',(86.8310640607972,0.968188348194479,15.2));
#7167=CARTESIAN_POINT('Ctrl Pts',(86.8310640607972,0.968188348194481,15.2));
#7168=CARTESIAN_POINT('Ctrl Pts',(86.8235671194203,0.417239653852467,15.2));
#7169=CARTESIAN_POINT('Ctrl Pts',(86.3680931948421,-0.858942226981797,15.2));
#7170=CARTESIAN_POINT('Ctrl Pts',(85.1104063113519,-1.47707173853765,15.2));
#7171=CARTESIAN_POINT('Ctrl Pts',(84.3758080522292,-1.48706766037344,15.2));
#7172=CARTESIAN_POINT('',(86.8312963750236,1.00233730013481,15.2));
#7173=CARTESIAN_POINT('Ctrl Pts',(86.8312963750235,1.00233730013481,15.2));
#7174=CARTESIAN_POINT('Ctrl Pts',(86.8312963750235,0.990953111776556,15.2));
#7175=CARTESIAN_POINT('Ctrl Pts',(86.8312189316647,0.979569776692559,15.2));
#7176=CARTESIAN_POINT('Ctrl Pts',(86.8310640607972,0.968188348194481,15.2));
#7177=CARTESIAN_POINT('',(86.8312963750236,96.787658841465,15.2));
#7178=CARTESIAN_POINT('',(86.8312963750236,35.92442355945,15.2));
#7179=CARTESIAN_POINT('',(86.8310640607972,96.8218077934054,15.2));
#7180=CARTESIAN_POINT('Ctrl Pts',(86.8310640607972,96.8218077934054,15.2));
#7181=CARTESIAN_POINT('Ctrl Pts',(86.8312189316647,96.8104263649073,15.2));
#7182=CARTESIAN_POINT('Ctrl Pts',(86.8312963750236,96.7990430298233,15.2));
#7183=CARTESIAN_POINT('Ctrl Pts',(86.8312963750236,96.787658841465,15.2));
#7184=CARTESIAN_POINT('',(84.3758080522293,99.2770638019733,15.2));
#7185=CARTESIAN_POINT('Ctrl Pts',(84.3758080522293,99.2770638019733,15.2));
#7186=CARTESIAN_POINT('Ctrl Pts',(84.9267567465713,99.2695668605965,15.2));
#7187=CARTESIAN_POINT('Ctrl Pts',(86.2027476470749,98.8138672673471,15.2));
#7188=CARTESIAN_POINT('Ctrl Pts',(86.8210681389614,97.5564060525281,15.2));
#7189=CARTESIAN_POINT('Ctrl Pts',(86.8310640607972,96.8218077934054,15.2));
#7190=CARTESIAN_POINT('',(84.3416591002889,99.2772961161997,15.2));
#7191=CARTESIAN_POINT('Ctrl Pts',(84.3416591002889,99.2772961161997,15.2));
#7192=CARTESIAN_POINT('Ctrl Pts',(84.3530432886472,99.2772961161997,15.2));
#7193=CARTESIAN_POINT('Ctrl Pts',(84.3644266237312,99.2772186728408,15.2));
#7194=CARTESIAN_POINT('Ctrl Pts',(84.3758080522293,99.2770638019733,15.2));
#7195=CARTESIAN_POINT('',(1.0023373001385,99.2772961161997,15.2));
#7196=CARTESIAN_POINT('',(54.0868227439162,99.2772961161997,15.2));
#7197=CARTESIAN_POINT('',(0.968188348198175,99.2770638019733,15.2));
#7198=CARTESIAN_POINT('Ctrl Pts',(0.968188348198176,99.2770638019733,15.2));
#7199=CARTESIAN_POINT('Ctrl Pts',(0.979569776696254,99.2772186728408,15.2));
#7200=CARTESIAN_POINT('Ctrl Pts',(0.99095311178025,99.2772961161997,15.2));
#7201=CARTESIAN_POINT('Ctrl Pts',(1.0023373001385,99.2772961161997,15.2));
#7202=CARTESIAN_POINT('',(-1.48706766036975,96.8218077934054,15.2));
#7203=CARTESIAN_POINT('Ctrl Pts',(-1.48706766036975,96.8218077934054,15.2));
#7204=CARTESIAN_POINT('Ctrl Pts',(-1.4795707189929,97.3727564877474,15.2));
#7205=CARTESIAN_POINT('Ctrl Pts',(-1.02405058696281,98.6488992638429,15.2));
#7206=CARTESIAN_POINT('Ctrl Pts',(0.233590089075491,99.2670678801375,15.2));
#7207=CARTESIAN_POINT('Ctrl Pts',(0.968188348198176,99.2770638019733,15.2));
#7208=CARTESIAN_POINT('',(-1.48729997459613,96.7876588414651,15.2));
#7209=CARTESIAN_POINT('Ctrl Pts',(-1.48729997459613,96.7876588414651,15.2));
#7210=CARTESIAN_POINT('Ctrl Pts',(-1.48729997459613,96.7990430298233,15.2));
#7211=CARTESIAN_POINT('Ctrl Pts',(-1.48722253123724,96.8104263649073,15.2));
#7212=CARTESIAN_POINT('Ctrl Pts',(-1.48706766036975,96.8218077934054,15.2));
#7213=CARTESIAN_POINT('',(-1.48729997459613,46.362100584201,15.2));
#7214=CARTESIAN_POINT('',(-1.48729997459613,61.8655725821499,15.2));
#7215=CARTESIAN_POINT('',(0.248006096011999,46.362100584201,15.2));
#7216=CARTESIAN_POINT('',(16.9600021481129,46.362100584201,15.2));
#7217=CARTESIAN_POINT('',(1.748006096012,44.862100584201,15.2));
#7218=CARTESIAN_POINT('Origin',(0.248006096011998,44.862100584201,15.2));
#7219=CARTESIAN_POINT('',(1.74800609601201,33.922100584201,15.2));
#7220=CARTESIAN_POINT('',(1.748006096012,47.3785493275005,15.2));
#7221=CARTESIAN_POINT('',(0.248006096012,32.422100584201,15.2));
#7222=CARTESIAN_POINT('Origin',(0.248006096011999,33.922100584201,15.2));
#7223=CARTESIAN_POINT('',(-1.48729997459613,32.422100584201,15.2));
#7224=CARTESIAN_POINT('',(21.9600021481129,32.422100584201,15.2));
#7225=CARTESIAN_POINT('',(-1.48729997459613,1.00233730013481,15.2));
#7226=CARTESIAN_POINT('',(-1.48729997459613,61.8655725821499,15.2));
#7227=CARTESIAN_POINT('Ctrl Pts',(-1.48706766036975,0.968188348194472,15.2));
#7228=CARTESIAN_POINT('Ctrl Pts',(-1.48722253123724,0.979569776692554,15.2));
#7229=CARTESIAN_POINT('Ctrl Pts',(-1.48729997459613,0.990953111776553,15.2));
#7230=CARTESIAN_POINT('Ctrl Pts',(-1.48729997459613,1.00233730013481,15.2));
#7231=CARTESIAN_POINT('',(11.37001524003,92.709931419863,15.2));
#7232=CARTESIAN_POINT('Origin',(7.62001524003,92.709931419863,15.2));
#7233=CARTESIAN_POINT('',(11.37001524003,5.08001016002,15.2));
#7234=CARTESIAN_POINT('Origin',(7.62001524003,5.08001016002,15.2));
#7235=CARTESIAN_POINT('',(64.710121920244,5.08001016002,15.2));
#7236=CARTESIAN_POINT('Origin',(60.960121920244,5.08001016002,15.2));
#7237=CARTESIAN_POINT('',(63.440119380239,92.709931419863,15.2));
#7238=CARTESIAN_POINT('Origin',(59.690119380239,92.709931419863,15.2));
#7239=CARTESIAN_POINT('Origin',(2.748006096012,39.392100584201,8.98002824485601));
#7240=CARTESIAN_POINT('Origin',(0.712700025403867,28.922100584201,7.6));
#7241=CARTESIAN_POINT('',(0.712700025403867,29.922100584201,12.2));
#7242=CARTESIAN_POINT('',(-0.287299974596133,28.922100584201,12.2));
#7243=CARTESIAN_POINT('Origin',(0.712700025403867,28.922100584201,12.2));
#7244=CARTESIAN_POINT('',(-0.287299974596133,28.922100584201,8.170028244856));
#7245=CARTESIAN_POINT('',(-0.287299974596133,28.922100584201,7.6));
#7246=CARTESIAN_POINT('',(0.712700025403867,29.922100584201,8.170028244856));
#7247=CARTESIAN_POINT('Origin',(0.712700025403867,28.922100584201,8.170028244856));
#7248=CARTESIAN_POINT('',(0.712700025403867,29.922100584201,7.6));
#7249=CARTESIAN_POINT('Origin',(3.248006096012,47.862100584201,12.2));
#7250=CARTESIAN_POINT('Origin',(5.248006096012,47.862100584201,12.2));
#7251=CARTESIAN_POINT('',(3.248006096012,48.862100584201,12.2));
#7252=CARTESIAN_POINT('Origin',(3.248006096012,47.862100584201,12.2));
#7253=CARTESIAN_POINT('Origin',(3.248006096012,49.862100584201,12.2));
#7254=CARTESIAN_POINT('Origin',(3.248006096012,30.922100584201,12.2));
#7255=CARTESIAN_POINT('',(3.248006096012,29.922100584201,12.2));
#7256=CARTESIAN_POINT('Origin',(3.248006096012,28.922100584201,12.2));
#7257=CARTESIAN_POINT('Origin',(3.248006096012,30.922100584201,12.2));
#7258=CARTESIAN_POINT('Origin',(5.248006096012,30.922100584201,12.2));
#7259=CARTESIAN_POINT('Origin',(23.4600021481129,28.922100584201,12.2));
#7260=CARTESIAN_POINT('Origin',(0.712700025403867,28.922100584201,12.2));
#7261=CARTESIAN_POINT('',(23.4600021481129,29.922100584201,12.2));
#7262=CARTESIAN_POINT('Origin',(3.248006096012,30.922100584201,15.2));
#7263=CARTESIAN_POINT('',(3.248006096012,29.922100584201,8.170028244856));
#7264=CARTESIAN_POINT('Origin',(3.248006096012,30.922100584201,8.170028244856));
#7265=CARTESIAN_POINT('',(3.248006096012,29.922100584201,15.2));
#7266=CARTESIAN_POINT('Origin',(5.248006096012,41.9085493275005,12.2));
#7267=CARTESIAN_POINT('Origin',(3.248006096012,47.862100584201,15.2));
#7268=CARTESIAN_POINT('',(3.248006096012,48.862100584201,8.170028244856));
#7269=CARTESIAN_POINT('Origin',(3.248006096012,47.862100584201,8.170028244856));
#7270=CARTESIAN_POINT('',(3.248006096012,48.862100584201,15.2));
#7271=CARTESIAN_POINT('Origin',(20.4600021481129,49.862100584201,12.2));
#7272=CARTESIAN_POINT('',(0.712700025403867,48.862100584201,12.2));
#7273=CARTESIAN_POINT('Origin',(0.712700025403867,49.862100584201,12.2));
#7274=CARTESIAN_POINT('',(20.4600021481129,48.862100584201,12.2));
#7275=CARTESIAN_POINT('Origin',(0.712700025403867,28.922100584201,12.2));
#7276=CARTESIAN_POINT('Origin',(0.712700025403867,28.922100584201,12.2));
#7277=CARTESIAN_POINT('Origin',(0.712700025403867,49.862100584201,7.6));
#7278=CARTESIAN_POINT('',(-0.287299974596133,49.862100584201,12.2));
#7279=CARTESIAN_POINT('Origin',(0.712700025403867,49.862100584201,12.2));
#7280=CARTESIAN_POINT('',(0.712700025403867,48.862100584201,8.170028244856));
#7281=CARTESIAN_POINT('',(0.712700025403867,48.862100584201,7.6));
#7282=CARTESIAN_POINT('',(-0.287299974596133,49.862100584201,8.170028244856));
#7283=CARTESIAN_POINT('Origin',(0.712700025403867,49.862100584201,8.170028244856));
#7284=CARTESIAN_POINT('',(-0.287299974596133,49.862100584201,7.6));
#7285=CARTESIAN_POINT('Origin',(0.712700025403867,49.862100584201,12.2));
#7286=CARTESIAN_POINT('Origin',(0.712700025403867,49.862100584201,12.2));
#7287=CARTESIAN_POINT('Origin',(0.712700025403867,24.3038490481,12.2));
#7288=CARTESIAN_POINT('',(-0.287299974596133,0.712700025400164,12.2));
#7289=CARTESIAN_POINT('Origin',(0.712700025403867,0.712700025400168,12.2));
#7290=CARTESIAN_POINT('',(-0.287299974596133,24.3038490481,12.2));
#7291=CARTESIAN_POINT('Origin',(0.712700025403867,24.3038490481,12.2));
#7292=CARTESIAN_POINT('',(-0.287299974596133,97.0772961161997,12.2));
#7293=CARTESIAN_POINT('',(-0.287299974596133,24.3038490481,12.2));
#7294=CARTESIAN_POINT('Origin',(0.712700025403867,97.0772961161997,12.2));
#7295=CARTESIAN_POINT('Origin',(-0.287299974596133,-0.287299974599836,0.));
#7296=CARTESIAN_POINT('',(-0.287299974596133,32.922100584201,8.170028244856));
#7297=CARTESIAN_POINT('',(-0.287299974596133,19.5524003048006,8.170028244856));
#7298=CARTESIAN_POINT('',(-0.287299974596133,0.712700025400164,0.));
#7299=CARTESIAN_POINT('',(-0.287299974596133,97.0772961161997,0.));
#7300=CARTESIAN_POINT('',(-0.287299974596133,45.862100584201,8.170028244856));
#7301=CARTESIAN_POINT('',(-0.287299974596133,19.5524003048006,8.170028244856));
#7302=CARTESIAN_POINT('',(-0.287299974596133,45.862100584201,3.2));
#7303=CARTESIAN_POINT('',(-0.287299974596133,45.862100584201,7.6));
#7304=CARTESIAN_POINT('',(-0.287299974596133,43.862100584201,1.2));
#7305=CARTESIAN_POINT('Origin',(-0.287299974596134,43.862100584201,3.2));
#7306=CARTESIAN_POINT('',(-0.287299974596133,34.922100584201,1.2));
#7307=CARTESIAN_POINT('',(-0.287299974596133,19.5524003048006,1.2));
#7308=CARTESIAN_POINT('',(-0.287299974596133,32.922100584201,3.2));
#7309=CARTESIAN_POINT('Origin',(-0.287299974596133,34.922100584201,3.2));
#7310=CARTESIAN_POINT('',(-0.287299974596133,32.922100584201,7.6));
#7311=CARTESIAN_POINT('Origin',(-2.73729997459613,43.862100584201,3.2));
#7312=CARTESIAN_POINT('',(-2.98729997459613,46.362100584201,3.2));
#7313=CARTESIAN_POINT('',(-2.98729997459613,43.862100584201,0.699999999999999));
#7314=CARTESIAN_POINT('Origin',(-2.98729997459613,43.862100584201,3.2));
#7315=CARTESIAN_POINT('',(-2.48729997459613,43.862100584201,1.2));
#7316=CARTESIAN_POINT('',(-2.98729997459613,43.862100584201,0.699999999999999));
#7317=CARTESIAN_POINT('',(-2.48729997459613,45.8619924509304,3.17920285140384));
#7318=CARTESIAN_POINT('Origin',(-2.48729997459613,43.862100584201,3.2));
#7319=CARTESIAN_POINT('Ctrl Pts',(-2.48729996301388,45.8619924537859,3.17920285043865));
#7320=CARTESIAN_POINT('Ctrl Pts',(-2.56962626128928,45.9443660471067,3.18332300916266));
#7321=CARTESIAN_POINT('Ctrl Pts',(-2.65474784011798,46.0295143525098,3.18725764069024));
#7322=CARTESIAN_POINT('Ctrl Pts',(-2.73728644527826,46.1120679587728,3.19072894732386));
#7323=CARTESIAN_POINT('Ctrl Pts',(-2.81949851158848,46.1942949668385,3.19418652079014));
#7324=CARTESIAN_POINT('Ctrl Pts',(-2.9049348773862,46.2797354869911,3.19742878782202));
#7325=CARTESIAN_POINT('Ctrl Pts',(-2.98729997459613,46.362100584201,3.2));
#7326=CARTESIAN_POINT('Origin',(-2.028822714523,32.422100584201,14.7017271208776));
#7327=CARTESIAN_POINT('',(-1.52723353381312,32.922100584201,14.7));
#7328=CARTESIAN_POINT('',(-1.52723353381312,32.922100584201,14.7));
#7329=CARTESIAN_POINT('',(-2.028822714523,32.422100584201,14.7017271208776));
#7330=CARTESIAN_POINT('',(-2.028822714523,32.422100584201,14.7017271208776));
#7331=CARTESIAN_POINT('',(-1.48729997459613,32.422100584201,15.2));
#7332=CARTESIAN_POINT('Origin',(-1.97700730720523,32.672100584201,12.3131133639928));
#7333=CARTESIAN_POINT('',(-2.48556686714645,32.922100584201,3.2));
#7334=CARTESIAN_POINT('',(-2.98383974626889,32.422100584201,3.24152273992687));
#7335=CARTESIAN_POINT('',(-2.48556686714645,32.922100584201,3.2));
#7336=CARTESIAN_POINT('',(-2.22614374676645,32.422100584201,12.3338747339562));
#7337=CARTESIAN_POINT('',(-1.72787086764401,32.922100584201,12.2923519940293));
#7338=CARTESIAN_POINT('Origin',(-1.75806134455957,61.8655725821499,14.9508635604388));
#7339=CARTESIAN_POINT('',(-2.028822714523,1.00233730013481,14.7017271208776));
#7340=CARTESIAN_POINT('',(-2.028822714523,1.00233730013481,14.7017271208776));
#7341=CARTESIAN_POINT('',(-2.028822714523,61.8655725821499,14.7017271208776));
#7342=CARTESIAN_POINT('Origin',(-2.028822714523,46.362100584201,14.7017271208776));
#7343=CARTESIAN_POINT('',(-1.52723353381312,45.862100584201,14.7));
#7344=CARTESIAN_POINT('',(-1.48729997459613,46.362100584201,15.2));
#7345=CARTESIAN_POINT('',(-2.028822714523,46.362100584201,14.7017271208776));
#7346=CARTESIAN_POINT('',(-2.028822714523,46.362100584201,14.7017271208776));
#7347=CARTESIAN_POINT('',(-1.52723353381312,45.862100584201,14.7));
#7348=CARTESIAN_POINT('Origin',(-1.75806134455957,61.8655725821499,14.9508635604388));
#7349=CARTESIAN_POINT('',(-2.028822714523,96.7876588414651,14.7017271208776));
#7350=CARTESIAN_POINT('',(-1.48729997459613,96.7876588414651,15.2));
#7351=CARTESIAN_POINT('',(-2.028822714523,61.8655725821499,14.7017271208776));
#7352=CARTESIAN_POINT('Origin',(-2.01149006582592,46.112100584201,11.8993202605445));
#7353=CARTESIAN_POINT('',(-2.98383974626889,46.362100584201,3.24152273992687));
#7354=CARTESIAN_POINT('',(-2.48556686714645,45.862100584201,3.2));
#7355=CARTESIAN_POINT('',(-2.98383974626889,46.362100584201,3.24152273992687));
#7356=CARTESIAN_POINT('',(-1.7623536262647,45.862100584201,11.8785588905811));
#7357=CARTESIAN_POINT('',(-2.26062650538714,46.362100584201,11.9200816305079));
#7358=CARTESIAN_POINT('Origin',(16.9600021481129,46.112100584201,14.95));
#7359=CARTESIAN_POINT('',(0.248006096011998,45.862100584201,14.7));
#7360=CARTESIAN_POINT('',(0.248006096011998,45.862100584201,14.7));
#7361=CARTESIAN_POINT('',(16.9600021481129,45.862100584201,14.7));
#7362=CARTESIAN_POINT('Origin',(0.248006096011998,44.862100584201,14.95));
#7363=CARTESIAN_POINT('Origin',(0.248006096011998,44.862100584201,14.7));
#7364=CARTESIAN_POINT('',(1.248006096012,44.862100584201,14.7));
#7365=CARTESIAN_POINT('Origin',(1.498006096012,47.3785493275005,14.95));
#7366=CARTESIAN_POINT('',(1.248006096012,33.922100584201,14.7));
#7367=CARTESIAN_POINT('Origin',(0.248006096011999,33.922100584201,14.95));
#7368=CARTESIAN_POINT('',(0.248006096011999,32.922100584201,14.7));
#7369=CARTESIAN_POINT('Origin',(0.248006096011999,33.922100584201,14.7));
#7370=CARTESIAN_POINT('',(0.248006096011999,32.922100584201,14.7));
#7371=CARTESIAN_POINT('Origin',(21.9600021481129,32.672100584201,14.95));
#7372=CARTESIAN_POINT('',(21.9600021481129,32.922100584201,14.7));
#7373=CARTESIAN_POINT('Ctrl Pts',(-2.98729997459613,46.362100584201,3.2));
#7374=CARTESIAN_POINT('Ctrl Pts',(-2.98614656515372,46.362100584201,3.21384091330895));
#7375=CARTESIAN_POINT('Ctrl Pts',(-2.98499315571131,46.362100584201,3.22768182661791));
#7376=CARTESIAN_POINT('Ctrl Pts',(-2.98383974626889,46.362100584201,3.24152273992687));
#7377=CARTESIAN_POINT('Ctrl Pts',(-2.8212090766182,46.1952902239943,3.18615909183517));
#7378=CARTESIAN_POINT('Ctrl Pts',(-2.82005558486093,46.195386029907,3.19999999828456));
#7379=CARTESIAN_POINT('Ctrl Pts',(-2.81890219600383,46.1954339175343,3.21384091330895));
#7380=CARTESIAN_POINT('Ctrl Pts',(-2.81774878656141,46.1954339175343,3.22768182661791));
#7381=CARTESIAN_POINT('Ctrl Pts',(-2.65511817864026,46.0284798637877,3.17231818367034));
#7382=CARTESIAN_POINT('Ctrl Pts',(-2.65396460456814,46.0286714756129,3.18615908326016));
#7383=CARTESIAN_POINT('Ctrl Pts',(-2.65281123629635,46.0287672508677,3.2));
#7384=CARTESIAN_POINT('Ctrl Pts',(-2.65165782685393,46.0287672508677,3.21384091330895));
#7385=CARTESIAN_POINT('Ctrl Pts',(-2.48902728066232,45.861669503581,3.15847727550551));
#7386=CARTESIAN_POINT('Ctrl Pts',(-2.48787362427535,45.8619569213189,3.17231816823576));
#7387=CARTESIAN_POINT('Ctrl Pts',(-2.48672027658887,45.862100584201,3.18615908669104));
#7388=CARTESIAN_POINT('Ctrl Pts',(-2.48556686714645,45.862100584201,3.2));
#7389=CARTESIAN_POINT('Ctrl Pts',(-2.48729996301387,45.8619924537859,3.17920285043865));
#7390=CARTESIAN_POINT('Ctrl Pts',(-2.48672224885239,45.8620645445814,3.18613523233085));
#7391=CARTESIAN_POINT('Ctrl Pts',(-2.48614456574554,45.862100584201,3.19306761681093));
#7392=CARTESIAN_POINT('Ctrl Pts',(-2.48556686714645,45.862100584201,3.2));
#7393=CARTESIAN_POINT('Ctrl Pts',(-2.98383974626889,46.362100584201,3.24152273992687));
#7394=CARTESIAN_POINT('Ctrl Pts',(-2.98499315571131,46.362100584201,3.22768182661791));
#7395=CARTESIAN_POINT('Ctrl Pts',(-2.98614656515372,46.362100584201,3.21384091330895));
#7396=CARTESIAN_POINT('Ctrl Pts',(-2.98729997459613,46.362100584201,3.2));
#7397=CARTESIAN_POINT('Origin',(-2.73729997459613,70.0846983502003,0.949999999999999));
#7398=CARTESIAN_POINT('',(-2.98729997459613,34.922100584201,0.699999999999999));
#7399=CARTESIAN_POINT('',(-2.98729997459613,70.0846983502003,0.699999999999999));
#7400=CARTESIAN_POINT('',(-2.48729997459613,34.922100584201,1.2));
#7401=CARTESIAN_POINT('',(-2.98729997459613,34.922100584201,0.699999999999999));
#7402=CARTESIAN_POINT('',(-2.48729997459613,70.0846983502003,1.2));
#7403=CARTESIAN_POINT('Origin',(-2.73729997459613,34.922100584201,3.2));
#7404=CARTESIAN_POINT('',(-2.48729997459613,32.9222087174716,3.17920285140392));
#7405=CARTESIAN_POINT('Origin',(-2.48729997459613,34.922100584201,3.2));
#7406=CARTESIAN_POINT('',(-2.98729997459613,32.422100584201,3.2));
#7407=CARTESIAN_POINT('Origin',(-2.98729997459613,34.922100584201,3.2));
#7408=CARTESIAN_POINT('Ctrl Pts',(-2.48729996301388,32.9222087146161,3.17920285043874));
#7409=CARTESIAN_POINT('Ctrl Pts',(-2.56958726860337,32.8398741363819,3.18332105770786));
#7410=CARTESIAN_POINT('Ctrl Pts',(-2.65466589434533,32.7547687874772,3.18725384776307));
#7411=CARTESIAN_POINT('Ctrl Pts',(-2.73716516243974,32.6722545145186,3.19072384630364));
#7412=CARTESIAN_POINT('Ctrl Pts',(-2.81941611064512,32.5899886066132,3.19418340027091));
#7413=CARTESIAN_POINT('Ctrl Pts',(-2.90489573914936,32.5045048196478,3.19742756603373));
#7414=CARTESIAN_POINT('Ctrl Pts',(-2.98729997459613,32.422100584201,3.2));
#7415=CARTESIAN_POINT('Ctrl Pts',(-2.98383974626889,32.422100584201,3.24152273992687));
#7416=CARTESIAN_POINT('Ctrl Pts',(-2.98499315571131,32.422100584201,3.22768182661791));
#7417=CARTESIAN_POINT('Ctrl Pts',(-2.98614656515372,32.422100584201,3.21384091330895));
#7418=CARTESIAN_POINT('Ctrl Pts',(-2.98729997459613,32.422100584201,3.19999999999999));
#7419=CARTESIAN_POINT('Ctrl Pts',(-2.81774878656141,32.5887672508676,3.22768182661791));
#7420=CARTESIAN_POINT('Ctrl Pts',(-2.81890219600383,32.5887672508676,3.21384091330895));
#7421=CARTESIAN_POINT('Ctrl Pts',(-2.82005558486093,32.588815138495,3.19999999828455));
#7422=CARTESIAN_POINT('Ctrl Pts',(-2.8212090766182,32.5889109444076,3.18615909183516));
#7423=CARTESIAN_POINT('Ctrl Pts',(-2.65165782685393,32.7554339175343,3.21384091330895));
#7424=CARTESIAN_POINT('Ctrl Pts',(-2.65281123629635,32.7554339175343,3.19999999999999));
#7425=CARTESIAN_POINT('Ctrl Pts',(-2.65396460456814,32.755529692789,3.18615908326015));
#7426=CARTESIAN_POINT('Ctrl Pts',(-2.65511817864026,32.7557213046143,3.17231818367033));
#7427=CARTESIAN_POINT('Ctrl Pts',(-2.48556686714645,32.922100584201,3.2));
#7428=CARTESIAN_POINT('Ctrl Pts',(-2.48672027658887,32.922100584201,3.18615908669104));
#7429=CARTESIAN_POINT('Ctrl Pts',(-2.48787362427535,32.9222442470831,3.17231816823575));
#7430=CARTESIAN_POINT('Ctrl Pts',(-2.48902728066233,32.922531664821,3.1584772755055));
#7431=CARTESIAN_POINT('Ctrl Pts',(-2.98729997459613,32.422100584201,3.19999999999999));
#7432=CARTESIAN_POINT('Ctrl Pts',(-2.98614656515372,32.422100584201,3.21384091330895));
#7433=CARTESIAN_POINT('Ctrl Pts',(-2.98499315571131,32.422100584201,3.22768182661791));
#7434=CARTESIAN_POINT('Ctrl Pts',(-2.98383974626889,32.422100584201,3.24152273992687));
#7435=CARTESIAN_POINT('Ctrl Pts',(-2.48556686714645,32.922100584201,3.2));
#7436=CARTESIAN_POINT('Ctrl Pts',(-2.48614456574554,32.922100584201,3.19306761681096));
#7437=CARTESIAN_POINT('Ctrl Pts',(-2.48672224885238,32.9221366238206,3.18613523233091));
#7438=CARTESIAN_POINT('Ctrl Pts',(-2.48729996301386,32.9222087146161,3.17920285043874));
#7439=CARTESIAN_POINT('Ctrl Pts',(-2.02882075989261,96.8291796072776,14.7017505764423));
#7440=CARTESIAN_POINT('Ctrl Pts',(-2.0287574674856,97.4992061309191,14.7025101373724));
#7441=CARTESIAN_POINT('Ctrl Pts',(-1.48505058901473,99.0703931242153,14.7042277558533));
#7442=CARTESIAN_POINT('Ctrl Pts',(0.0674478361372548,99.8187325116202,14.702763324349));
#7443=CARTESIAN_POINT('Ctrl Pts',(0.960816534325931,99.8188169014962,14.7017505764423));
#7444=CARTESIAN_POINT('Ctrl Pts',(-1.84823639338499,96.8267223359869,14.8678337176282));
#7445=CARTESIAN_POINT('Ctrl Pts',(-1.84569521798803,97.4570562498619,14.8683400915816));
#7446=CARTESIAN_POINT('Ctrl Pts',(-1.3313839216641,98.9298951707578,14.8694851705689));
#7447=CARTESIAN_POINT('Ctrl Pts',(0.122828587116666,99.6348443011259,14.8685088828994));
#7448=CARTESIAN_POINT('Ctrl Pts',(0.963273805616679,99.6382325349886,14.8678337176282));
#7449=CARTESIAN_POINT('Ctrl Pts',(-1.66765202687737,96.8242650646961,15.0339168588141));
#7450=CARTESIAN_POINT('Ctrl Pts',(-1.66263296849047,97.4149063688046,15.0341700457908));
#7451=CARTESIAN_POINT('Ctrl Pts',(-1.17771725431345,98.7893972173003,15.0347425852844));
#7452=CARTESIAN_POINT('Ctrl Pts',(0.178209338096079,99.4509560906317,15.0342544414497));
#7453=CARTESIAN_POINT('Ctrl Pts',(0.965731076907428,99.4576481684809,15.0339168588141));
#7454=CARTESIAN_POINT('Ctrl Pts',(-1.48706766036975,96.8218077934054,15.2));
#7455=CARTESIAN_POINT('Ctrl Pts',(-1.4795707189929,97.3727564877474,15.2));
#7456=CARTESIAN_POINT('Ctrl Pts',(-1.02405058696281,98.6488992638429,15.2));
#7457=CARTESIAN_POINT('Ctrl Pts',(0.233590089075491,99.2670678801375,15.2));
#7458=CARTESIAN_POINT('Ctrl Pts',(0.968188348198176,99.2770638019733,15.2));
#7459=CARTESIAN_POINT('',(-2.02882075976185,96.8291796072758,14.7017505780113));
#7460=CARTESIAN_POINT('',(-2.02882075976185,96.8291796072758,14.7017505780113));
#7461=CARTESIAN_POINT('',(0.960816534327721,99.8188169013654,14.7017505780113));
#7462=CARTESIAN_POINT('',(0.968188348198175,99.2770638019733,15.2));
#7463=CARTESIAN_POINT('Ctrl Pts',(0.960816534325931,99.8188169014962,14.7017505764423));
#7464=CARTESIAN_POINT('Ctrl Pts',(0.0674478361372548,99.8187325116202,14.702763324349));
#7465=CARTESIAN_POINT('Ctrl Pts',(-1.48505058901473,99.0703931242153,14.7042277558533));
#7466=CARTESIAN_POINT('Ctrl Pts',(-2.0287574674856,97.4992061309191,14.7025101373724));
#7467=CARTESIAN_POINT('Ctrl Pts',(-2.02882075989261,96.8291796072776,14.7017505764423));
#7468=CARTESIAN_POINT('Ctrl Pts',(-2.028822714523,96.7876588414651,14.7017271208776));
#7469=CARTESIAN_POINT('Ctrl Pts',(-2.028822714523,96.8014988742435,14.7017271208776));
#7470=CARTESIAN_POINT('Ctrl Pts',(-2.02882206746813,96.8153382840323,14.7017348855361));
#7471=CARTESIAN_POINT('Ctrl Pts',(-2.02882075989261,96.8291796072776,14.7017505764423));
#7472=CARTESIAN_POINT('Ctrl Pts',(-1.84831513454738,96.7876588414651,14.867818080585));
#7473=CARTESIAN_POINT('Ctrl Pts',(-1.84831513454738,96.8006802594368,14.867818080585));
#7474=CARTESIAN_POINT('Ctrl Pts',(-1.8482888887245,96.8137009776573,14.867823257024));
#7475=CARTESIAN_POINT('Ctrl Pts',(-1.84823639338499,96.8267223359869,14.8678337176282));
#7476=CARTESIAN_POINT('Ctrl Pts',(-1.66780755457175,96.7876588414651,15.0339090402925));
#7477=CARTESIAN_POINT('Ctrl Pts',(-1.66780755457175,96.79986164463,15.0339090402925));
#7478=CARTESIAN_POINT('Ctrl Pts',(-1.66775570998087,96.8120636712823,15.033911628512));
#7479=CARTESIAN_POINT('Ctrl Pts',(-1.66765202687737,96.8242650646961,15.0339168588141));
#7480=CARTESIAN_POINT('Ctrl Pts',(-1.48729997459613,96.7876588414651,15.2));
#7481=CARTESIAN_POINT('Ctrl Pts',(-1.48729997459613,96.7990430298233,15.2));
#7482=CARTESIAN_POINT('Ctrl Pts',(-1.48722253123724,96.8104263649073,15.2));
#7483=CARTESIAN_POINT('Ctrl Pts',(-1.48706766036975,96.8218077934054,15.2));
#7484=CARTESIAN_POINT('Ctrl Pts',(-2.02882075989261,96.8291796072776,14.7017505764423));
#7485=CARTESIAN_POINT('Ctrl Pts',(-2.02882206746813,96.8153382840323,14.7017348855361));
#7486=CARTESIAN_POINT('Ctrl Pts',(-2.028822714523,96.8014988742435,14.7017271208776));
#7487=CARTESIAN_POINT('Ctrl Pts',(-2.028822714523,96.7876588414651,14.7017271208776));
#7488=CARTESIAN_POINT('Origin',(54.0868227439162,99.5480574861631,14.9508635604388));
#7489=CARTESIAN_POINT('',(84.3416591002889,99.8188188561265,14.7017271208776));
#7490=CARTESIAN_POINT('',(84.3416591002889,99.2772961161997,15.2));
#7491=CARTESIAN_POINT('',(1.0023373001385,99.8188188561266,14.7017271208776));
#7492=CARTESIAN_POINT('',(54.0868227439162,99.8188188561265,14.7017271208776));
#7493=CARTESIAN_POINT('',(1.0023373001385,99.8188188561266,14.7017271208776));
#7494=CARTESIAN_POINT('Ctrl Pts',(0.960816534325932,99.8188169014962,14.7017505764423));
#7495=CARTESIAN_POINT('Ctrl Pts',(0.974657857571252,99.8188182090717,14.7017348855361));
#7496=CARTESIAN_POINT('Ctrl Pts',(0.988497267360081,99.8188188561266,14.7017271208776));
#7497=CARTESIAN_POINT('Ctrl Pts',(1.0023373001385,99.8188188561266,14.7017271208776));
#7498=CARTESIAN_POINT('Ctrl Pts',(0.96327380561668,99.6382325349886,14.8678337176282));
#7499=CARTESIAN_POINT('Ctrl Pts',(0.976295163946253,99.6382850303281,14.867823257024));
#7500=CARTESIAN_POINT('Ctrl Pts',(0.989315882166804,99.6383112761509,14.867818080585));
#7501=CARTESIAN_POINT('Ctrl Pts',(1.0023373001385,99.6383112761509,14.867818080585));
#7502=CARTESIAN_POINT('Ctrl Pts',(0.965731076907428,99.4576481684809,15.0339168588141));
#7503=CARTESIAN_POINT('Ctrl Pts',(0.977932470321254,99.4577518515844,15.033911628512));
#7504=CARTESIAN_POINT('Ctrl Pts',(0.990134496973527,99.4578036961753,15.0339090402925));
#7505=CARTESIAN_POINT('Ctrl Pts',(1.0023373001385,99.4578036961753,15.0339090402925));
#7506=CARTESIAN_POINT('Ctrl Pts',(0.968188348198176,99.2770638019733,15.2));
#7507=CARTESIAN_POINT('Ctrl Pts',(0.979569776696254,99.2772186728408,15.2));
#7508=CARTESIAN_POINT('Ctrl Pts',(0.99095311178025,99.2772961161997,15.2));
#7509=CARTESIAN_POINT('Ctrl Pts',(1.0023373001385,99.2772961161997,15.2));
#7510=CARTESIAN_POINT('Ctrl Pts',(1.0023373001385,99.8188188561266,14.7017271208776));
#7511=CARTESIAN_POINT('Ctrl Pts',(0.988497267360081,99.8188188561266,14.7017271208776));
#7512=CARTESIAN_POINT('Ctrl Pts',(0.974657857571252,99.8188182090717,14.7017348855361));
#7513=CARTESIAN_POINT('Ctrl Pts',(0.960816534325932,99.8188169014962,14.7017505764423));
#7514=CARTESIAN_POINT('Ctrl Pts',(84.3831798661015,99.8188169014961,14.7017505764423));
#7515=CARTESIAN_POINT('Ctrl Pts',(85.053206389743,99.8187536090891,14.7025101373724));
#7516=CARTESIAN_POINT('Ctrl Pts',(86.6241937273193,99.2748014952622,14.704225883527));
#7517=CARTESIAN_POINT('Ctrl Pts',(87.372732770444,97.7225483054663,14.702763324349));
#7518=CARTESIAN_POINT('Ctrl Pts',(87.37281716032,96.8291796072776,14.7017505764423));
#7519=CARTESIAN_POINT('Ctrl Pts',(84.3807225948108,99.6382325349885,14.8678337176282));
#7520=CARTESIAN_POINT('Ctrl Pts',(85.0110565086858,99.6356913595916,14.8683400915816));
#7521=CARTESIAN_POINT('Ctrl Pts',(86.4837117005711,99.1211567526239,14.8694839223513));
#7522=CARTESIAN_POINT('Ctrl Pts',(87.1888445599498,97.6671675544869,14.8685088828994));
#7523=CARTESIAN_POINT('Ctrl Pts',(87.1922327938124,96.8267223359869,14.8678337176282));
#7524=CARTESIAN_POINT('Ctrl Pts',(84.37826532352,99.4576481684809,15.0339168588141));
#7525=CARTESIAN_POINT('Ctrl Pts',(84.9689066276285,99.452629110094,15.0341700457908));
#7526=CARTESIAN_POINT('Ctrl Pts',(86.343229673823,98.9675120099855,15.0347419611757));
#7527=CARTESIAN_POINT('Ctrl Pts',(87.0049563494556,97.6117868035075,15.0342544414497));
#7528=CARTESIAN_POINT('Ctrl Pts',(87.0116484273048,96.8242650646961,15.0339168588141));
#7529=CARTESIAN_POINT('Ctrl Pts',(84.3758080522293,99.2770638019733,15.2));
#7530=CARTESIAN_POINT('Ctrl Pts',(84.9267567465713,99.2695668605965,15.2));
#7531=CARTESIAN_POINT('Ctrl Pts',(86.2027476470749,98.8138672673471,15.2));
#7532=CARTESIAN_POINT('Ctrl Pts',(86.8210681389614,97.5564060525281,15.2));
#7533=CARTESIAN_POINT('Ctrl Pts',(86.8310640607972,96.8218077934054,15.2));
#7534=CARTESIAN_POINT('',(84.3831798660997,99.8188169013654,14.7017505780113));
#7535=CARTESIAN_POINT('',(84.3831798660997,99.8188169013654,14.7017505780113));
#7536=CARTESIAN_POINT('',(87.3728171601893,96.8291796072758,14.7017505780113));
#7537=CARTESIAN_POINT('',(86.8310640607972,96.8218077934054,15.2));
#7538=CARTESIAN_POINT('Ctrl Pts',(87.37281716032,96.8291796072776,14.7017505764423));
#7539=CARTESIAN_POINT('Ctrl Pts',(87.372732770444,97.7225483054663,14.702763324349));
#7540=CARTESIAN_POINT('Ctrl Pts',(86.6241937273193,99.2748014952622,14.704225883527));
#7541=CARTESIAN_POINT('Ctrl Pts',(85.053206389743,99.8187536090891,14.7025101373724));
#7542=CARTESIAN_POINT('Ctrl Pts',(84.3831798661015,99.8188169014961,14.7017505764423));
#7543=CARTESIAN_POINT('Ctrl Pts',(84.3416591002889,99.8188188561265,14.7017271208776));
#7544=CARTESIAN_POINT('Ctrl Pts',(84.3554991330674,99.8188188561265,14.7017271208776));
#7545=CARTESIAN_POINT('Ctrl Pts',(84.3693385428562,99.8188182090717,14.7017348855361));
#7546=CARTESIAN_POINT('Ctrl Pts',(84.3831798661015,99.8188169014961,14.7017505764423));
#7547=CARTESIAN_POINT('Ctrl Pts',(84.3416591002889,99.6383112761509,14.867818080585));
#7548=CARTESIAN_POINT('Ctrl Pts',(84.3546805182606,99.6383112761509,14.867818080585));
#7549=CARTESIAN_POINT('Ctrl Pts',(84.3677012364812,99.638285030328,14.867823257024));
#7550=CARTESIAN_POINT('Ctrl Pts',(84.3807225948108,99.6382325349885,14.8678337176282));
#7551=CARTESIAN_POINT('Ctrl Pts',(84.3416591002889,99.4578036961753,15.0339090402925));
#7552=CARTESIAN_POINT('Ctrl Pts',(84.3538619034539,99.4578036961753,15.0339090402925));
#7553=CARTESIAN_POINT('Ctrl Pts',(84.3660639301062,99.4577518515844,15.033911628512));
#7554=CARTESIAN_POINT('Ctrl Pts',(84.37826532352,99.4576481684809,15.0339168588141));
#7555=CARTESIAN_POINT('Ctrl Pts',(84.3416591002889,99.2772961161997,15.2));
#7556=CARTESIAN_POINT('Ctrl Pts',(84.3530432886472,99.2772961161997,15.2));
#7557=CARTESIAN_POINT('Ctrl Pts',(84.3644266237312,99.2772186728408,15.2));
#7558=CARTESIAN_POINT('Ctrl Pts',(84.3758080522293,99.2770638019733,15.2));
#7559=CARTESIAN_POINT('Ctrl Pts',(84.3831798661015,99.8188169014961,14.7017505764423));
#7560=CARTESIAN_POINT('Ctrl Pts',(84.3693385428562,99.8188182090717,14.7017348855361));
#7561=CARTESIAN_POINT('Ctrl Pts',(84.3554991330674,99.8188188561265,14.7017271208776));
#7562=CARTESIAN_POINT('Ctrl Pts',(84.3416591002889,99.8188188561265,14.7017271208776));
#7563=CARTESIAN_POINT('Origin',(87.102057744987,35.92442355945,14.9508635604388));
#7564=CARTESIAN_POINT('',(87.3728191149504,1.00233730013481,14.7017271208776));
#7565=CARTESIAN_POINT('',(86.8312963750236,1.00233730013481,15.2));
#7566=CARTESIAN_POINT('',(87.3728191149504,96.787658841465,14.7017271208776));
#7567=CARTESIAN_POINT('',(87.3728191149504,35.92442355945,14.7017271208776));
#7568=CARTESIAN_POINT('',(87.3728191149504,96.787658841465,14.7017271208776));
#7569=CARTESIAN_POINT('Ctrl Pts',(87.37281716032,96.8291796072776,14.7017505764423));
#7570=CARTESIAN_POINT('Ctrl Pts',(87.3728184678956,96.8153382840323,14.7017348855361));
#7571=CARTESIAN_POINT('Ctrl Pts',(87.3728191149504,96.8014988742435,14.7017271208776));
#7572=CARTESIAN_POINT('Ctrl Pts',(87.3728191149504,96.787658841465,14.7017271208776));
#7573=CARTESIAN_POINT('Ctrl Pts',(87.1922327938124,96.8267223359869,14.8678337176282));
#7574=CARTESIAN_POINT('Ctrl Pts',(87.1922852891519,96.8137009776573,14.867823257024));
#7575=CARTESIAN_POINT('Ctrl Pts',(87.1923115349748,96.8006802594367,14.867818080585));
#7576=CARTESIAN_POINT('Ctrl Pts',(87.1923115349748,96.787658841465,14.867818080585));
#7577=CARTESIAN_POINT('Ctrl Pts',(87.0116484273048,96.8242650646961,15.0339168588141));
#7578=CARTESIAN_POINT('Ctrl Pts',(87.0117521104083,96.8120636712823,15.033911628512));
#7579=CARTESIAN_POINT('Ctrl Pts',(87.0118039549992,96.79986164463,15.0339090402925));
#7580=CARTESIAN_POINT('Ctrl Pts',(87.0118039549992,96.787658841465,15.0339090402925));
#7581=CARTESIAN_POINT('Ctrl Pts',(86.8310640607972,96.8218077934054,15.2));
#7582=CARTESIAN_POINT('Ctrl Pts',(86.8312189316647,96.8104263649073,15.2));
#7583=CARTESIAN_POINT('Ctrl Pts',(86.8312963750236,96.7990430298233,15.2));
#7584=CARTESIAN_POINT('Ctrl Pts',(86.8312963750236,96.787658841465,15.2));
#7585=CARTESIAN_POINT('Ctrl Pts',(87.3728191149504,96.787658841465,14.7017271208776));
#7586=CARTESIAN_POINT('Ctrl Pts',(87.3728191149504,96.8014988742435,14.7017271208776));
#7587=CARTESIAN_POINT('Ctrl Pts',(87.3728184678956,96.8153382840323,14.7017348855361));
#7588=CARTESIAN_POINT('Ctrl Pts',(87.37281716032,96.8291796072776,14.7017505764423));
#7589=CARTESIAN_POINT('Ctrl Pts',(87.37281716032,0.960816534322235,14.7017505764423));
#7590=CARTESIAN_POINT('Ctrl Pts',(87.372753867913,0.290790010680729,14.7025101373724));
#7591=CARTESIAN_POINT('Ctrl Pts',(86.829110132337,-1.28044838972216,14.7042282379375));
#7592=CARTESIAN_POINT('Ctrl Pts',(85.2765485642902,-2.02873637002029,14.702763324349));
#7593=CARTESIAN_POINT('Ctrl Pts',(84.3831798661015,-2.0288207598963,14.7017505764423));
#7594=CARTESIAN_POINT('Ctrl Pts',(87.1922327938124,0.963273805612983,14.8678337176282));
#7595=CARTESIAN_POINT('Ctrl Pts',(87.1896916184155,0.332939891737976,14.8683400915816));
#7596=CARTESIAN_POINT('Ctrl Pts',(86.6754378198387,-1.13994633547537,14.8694854919584));
#7597=CARTESIAN_POINT('Ctrl Pts',(85.2211678133108,-1.84484815952607,14.8685088828994));
#7598=CARTESIAN_POINT('Ctrl Pts',(84.3807225948107,-1.84823639338868,14.8678337176282));
#7599=CARTESIAN_POINT('Ctrl Pts',(87.0116484273048,0.965731076903732,15.0339168588141));
#7600=CARTESIAN_POINT('Ctrl Pts',(87.0066293689179,0.375089772795221,15.0341700457908));
#7601=CARTESIAN_POINT('Ctrl Pts',(86.5217655073404,-0.999444281228584,15.0347427459792));
#7602=CARTESIAN_POINT('Ctrl Pts',(85.1657870623313,-1.66095994903186,15.0342544414497));
#7603=CARTESIAN_POINT('Ctrl Pts',(84.37826532352,-1.66765202688106,15.0339168588141));
#7604=CARTESIAN_POINT('Ctrl Pts',(86.8310640607972,0.968188348194481,15.2));
#7605=CARTESIAN_POINT('Ctrl Pts',(86.8235671194203,0.417239653852467,15.2));
#7606=CARTESIAN_POINT('Ctrl Pts',(86.3680931948421,-0.858942226981797,15.2));
#7607=CARTESIAN_POINT('Ctrl Pts',(85.1104063113519,-1.47707173853765,15.2));
#7608=CARTESIAN_POINT('Ctrl Pts',(84.3758080522292,-1.48706766037344,15.2));
#7609=CARTESIAN_POINT('',(87.3728171601893,0.960816534324024,14.7017505780113));
#7610=CARTESIAN_POINT('',(87.3728171601893,0.960816534324024,14.7017505780113));
#7611=CARTESIAN_POINT('',(84.3831798660997,-2.02882075976555,14.7017505780113));
#7612=CARTESIAN_POINT('',(84.3758080522292,-1.48706766037344,15.2));
#7613=CARTESIAN_POINT('Ctrl Pts',(84.3831798661015,-2.0288207598963,14.7017505764423));
#7614=CARTESIAN_POINT('Ctrl Pts',(85.2765485642902,-2.02873637002029,14.702763324349));
#7615=CARTESIAN_POINT('Ctrl Pts',(86.829110132337,-1.28044838972216,14.7042282379375));
#7616=CARTESIAN_POINT('Ctrl Pts',(87.372753867913,0.290790010680729,14.7025101373724));
#7617=CARTESIAN_POINT('Ctrl Pts',(87.37281716032,0.960816534322235,14.7017505764423));
#7618=CARTESIAN_POINT('Ctrl Pts',(87.3728191149504,1.00233730013481,14.7017271208776));
#7619=CARTESIAN_POINT('Ctrl Pts',(87.3728191149504,0.988497267356386,14.7017271208776));
#7620=CARTESIAN_POINT('Ctrl Pts',(87.3728184678956,0.974657857567558,14.7017348855361));
#7621=CARTESIAN_POINT('Ctrl Pts',(87.37281716032,0.960816534322237,14.7017505764423));
#7622=CARTESIAN_POINT('Ctrl Pts',(87.1923115349748,1.00233730013481,14.867818080585));
#7623=CARTESIAN_POINT('Ctrl Pts',(87.1923115349748,0.989315882163109,14.867818080585));
#7624=CARTESIAN_POINT('Ctrl Pts',(87.1922852891519,0.976295163942558,14.867823257024));
#7625=CARTESIAN_POINT('Ctrl Pts',(87.1922327938124,0.963273805612985,14.8678337176282));
#7626=CARTESIAN_POINT('Ctrl Pts',(87.0118039549992,1.00233730013481,15.0339090402925));
#7627=CARTESIAN_POINT('Ctrl Pts',(87.0118039549992,0.990134496969832,15.0339090402925));
#7628=CARTESIAN_POINT('Ctrl Pts',(87.0117521104083,0.977932470317559,15.033911628512));
#7629=CARTESIAN_POINT('Ctrl Pts',(87.0116484273048,0.965731076903733,15.0339168588141));
#7630=CARTESIAN_POINT('Ctrl Pts',(86.8312963750235,1.00233730013481,15.2));
#7631=CARTESIAN_POINT('Ctrl Pts',(86.8312963750235,0.990953111776556,15.2));
#7632=CARTESIAN_POINT('Ctrl Pts',(86.8312189316647,0.979569776692559,15.2));
#7633=CARTESIAN_POINT('Ctrl Pts',(86.8310640607972,0.968188348194481,15.2));
#7634=CARTESIAN_POINT('Ctrl Pts',(87.37281716032,0.960816534322237,14.7017505764423));
#7635=CARTESIAN_POINT('Ctrl Pts',(87.3728184678956,0.974657857567558,14.7017348855361));
#7636=CARTESIAN_POINT('Ctrl Pts',(87.3728191149504,0.988497267356386,14.7017271208776));
#7637=CARTESIAN_POINT('Ctrl Pts',(87.3728191149504,1.00233730013481,14.7017271208776));
#7638=CARTESIAN_POINT('Origin',(31.2571736565113,-1.75806134456327,14.9508635604388));
#7639=CARTESIAN_POINT('',(1.00233730013851,-2.0288227145267,14.7017271208776));
#7640=CARTESIAN_POINT('',(1.00233730013851,-1.48729997459984,15.2));
#7641=CARTESIAN_POINT('',(84.3416591002889,-2.0288227145267,14.7017271208776));
#7642=CARTESIAN_POINT('',(31.2571736565113,-2.0288227145267,14.7017271208776));
#7643=CARTESIAN_POINT('',(84.3416591002889,-2.0288227145267,14.7017271208776));
#7644=CARTESIAN_POINT('Ctrl Pts',(84.3831798661015,-2.0288207598963,14.7017505764423));
#7645=CARTESIAN_POINT('Ctrl Pts',(84.3693385428562,-2.02882206747182,14.7017348855361));
#7646=CARTESIAN_POINT('Ctrl Pts',(84.3554991330674,-2.0288227145267,14.7017271208776));
#7647=CARTESIAN_POINT('Ctrl Pts',(84.3416591002889,-2.0288227145267,14.7017271208776));
#7648=CARTESIAN_POINT('Ctrl Pts',(84.3807225948107,-1.84823639338868,14.8678337176282));
#7649=CARTESIAN_POINT('Ctrl Pts',(84.3677012364812,-1.84828888872819,14.867823257024));
#7650=CARTESIAN_POINT('Ctrl Pts',(84.3546805182606,-1.84831513455107,14.867818080585));
#7651=CARTESIAN_POINT('Ctrl Pts',(84.3416591002889,-1.84831513455107,14.867818080585));
#7652=CARTESIAN_POINT('Ctrl Pts',(84.37826532352,-1.66765202688106,15.0339168588141));
#7653=CARTESIAN_POINT('Ctrl Pts',(84.3660639301062,-1.66775570998456,15.033911628512));
#7654=CARTESIAN_POINT('Ctrl Pts',(84.3538619034539,-1.66780755457545,15.0339090402925));
#7655=CARTESIAN_POINT('Ctrl Pts',(84.3416591002889,-1.66780755457545,15.0339090402925));
#7656=CARTESIAN_POINT('Ctrl Pts',(84.3758080522292,-1.48706766037344,15.2));
#7657=CARTESIAN_POINT('Ctrl Pts',(84.3644266237312,-1.48722253124092,15.2));
#7658=CARTESIAN_POINT('Ctrl Pts',(84.3530432886472,-1.48729997459982,15.2));
#7659=CARTESIAN_POINT('Ctrl Pts',(84.3416591002889,-1.48729997459982,15.2));
#7660=CARTESIAN_POINT('Ctrl Pts',(84.3416591002889,-2.0288227145267,14.7017271208776));
#7661=CARTESIAN_POINT('Ctrl Pts',(84.3554991330674,-2.0288227145267,14.7017271208776));
#7662=CARTESIAN_POINT('Ctrl Pts',(84.3693385428562,-2.02882206747182,14.7017348855361));
#7663=CARTESIAN_POINT('Ctrl Pts',(84.3831798661015,-2.0288207598963,14.7017505764423));
#7664=CARTESIAN_POINT('Ctrl Pts',(0.960816534325932,-2.02882075989631,14.7017505764423));
#7665=CARTESIAN_POINT('Ctrl Pts',(0.0674478361372577,-2.02873637002029,
14.702763324349));
#7666=CARTESIAN_POINT('Ctrl Pts',(-1.48651172851832,-1.28158655358165,14.7042389113814));
#7667=CARTESIAN_POINT('Ctrl Pts',(-2.0287574674856,0.290790010680722,14.7025101373724));
#7668=CARTESIAN_POINT('Ctrl Pts',(-2.02882075989261,0.960816534322228,14.7017505764423));
#7669=CARTESIAN_POINT('Ctrl Pts',(0.96327380561668,-1.84823639338869,14.8678337176282));
#7670=CARTESIAN_POINT('Ctrl Pts',(0.122828587116668,-1.84484815952608,14.8685088828994));
#7671=CARTESIAN_POINT('Ctrl Pts',(-1.3327144312957,-1.14099370702018,14.8694926075876));
#7672=CARTESIAN_POINT('Ctrl Pts',(-1.84569521798803,0.33293989173797,14.8683400915816));
#7673=CARTESIAN_POINT('Ctrl Pts',(-1.84823639338499,0.963273805612976,14.8678337176282));
#7674=CARTESIAN_POINT('Ctrl Pts',(0.965731076907428,-1.66765202688107,15.0339168588141));
#7675=CARTESIAN_POINT('Ctrl Pts',(0.178209338096081,-1.66095994903187,15.0342544414497));
#7676=CARTESIAN_POINT('Ctrl Pts',(-1.17891713407309,-1.0004008604587,15.0347463037938));
#7677=CARTESIAN_POINT('Ctrl Pts',(-1.66263296849047,0.375089772795215,15.0341700457908));
#7678=CARTESIAN_POINT('Ctrl Pts',(-1.66765202687737,0.965731076903726,15.0339168588141));
#7679=CARTESIAN_POINT('Ctrl Pts',(0.968188348198176,-1.48706766037345,15.2));
#7680=CARTESIAN_POINT('Ctrl Pts',(0.233590089075492,-1.47707173853766,15.2));
#7681=CARTESIAN_POINT('Ctrl Pts',(-1.02511983685047,-0.859808013897234,
15.2));
#7682=CARTESIAN_POINT('Ctrl Pts',(-1.4795707189929,0.417239653852462,15.2));
#7683=CARTESIAN_POINT('Ctrl Pts',(-1.48706766036975,0.968188348194474,15.2));
#7684=CARTESIAN_POINT('',(0.960816534327719,-2.02882075976556,14.7017505780113));
#7685=CARTESIAN_POINT('',(0.960816534327719,-2.02882075976556,14.7017505780113));
#7686=CARTESIAN_POINT('',(-2.02882075976186,0.960816534324018,14.7017505780113));
#7687=CARTESIAN_POINT('',(-1.48706766036975,0.968188348194473,15.2));
#7688=CARTESIAN_POINT('Ctrl Pts',(-2.02882075989261,0.960816534322228,14.7017505764423));
#7689=CARTESIAN_POINT('Ctrl Pts',(-2.0287574674856,0.290790010680722,14.7025101373724));
#7690=CARTESIAN_POINT('Ctrl Pts',(-1.48651172851832,-1.28158655358165,14.7042389113814));
#7691=CARTESIAN_POINT('Ctrl Pts',(0.0674478361372577,-2.02873637002029,
14.702763324349));
#7692=CARTESIAN_POINT('Ctrl Pts',(0.960816534325932,-2.02882075989631,14.7017505764423));
#7693=CARTESIAN_POINT('Ctrl Pts',(1.00233730013852,-2.0288227145267,14.7017271208776));
#7694=CARTESIAN_POINT('Ctrl Pts',(0.988497267360089,-2.0288227145267,14.7017271208776));
#7695=CARTESIAN_POINT('Ctrl Pts',(0.974657857571254,-2.02882206747183,14.7017348855361));
#7696=CARTESIAN_POINT('Ctrl Pts',(0.96081653432593,-2.02882075989631,14.7017505764423));
#7697=CARTESIAN_POINT('Ctrl Pts',(1.00233730013852,-1.84831513455108,14.867818080585));
#7698=CARTESIAN_POINT('Ctrl Pts',(0.989315882166811,-1.84831513455108,14.867818080585));
#7699=CARTESIAN_POINT('Ctrl Pts',(0.976295163946255,-1.8482888887282,14.867823257024));
#7700=CARTESIAN_POINT('Ctrl Pts',(0.963273805616679,-1.84823639338869,14.8678337176282));
#7701=CARTESIAN_POINT('Ctrl Pts',(1.00233730013851,-1.66780755457546,15.0339090402925));
#7702=CARTESIAN_POINT('Ctrl Pts',(0.990134496973534,-1.66780755457546,15.0339090402925));
#7703=CARTESIAN_POINT('Ctrl Pts',(0.977932470321256,-1.66775570998457,15.033911628512));
#7704=CARTESIAN_POINT('Ctrl Pts',(0.965731076907427,-1.66765202688107,15.0339168588141));
#7705=CARTESIAN_POINT('Ctrl Pts',(1.00233730013851,-1.48729997459983,15.2));
#7706=CARTESIAN_POINT('Ctrl Pts',(0.990953111780256,-1.48729997459983,15.2));
#7707=CARTESIAN_POINT('Ctrl Pts',(0.979569776696257,-1.48722253124093,15.2));
#7708=CARTESIAN_POINT('Ctrl Pts',(0.968188348198176,-1.48706766037344,15.2));
#7709=CARTESIAN_POINT('Ctrl Pts',(0.96081653432593,-2.02882075989631,14.7017505764423));
#7710=CARTESIAN_POINT('Ctrl Pts',(0.974657857571254,-2.02882206747183,14.7017348855361));
#7711=CARTESIAN_POINT('Ctrl Pts',(0.988497267360089,-2.0288227145267,14.7017271208776));
#7712=CARTESIAN_POINT('Ctrl Pts',(1.00233730013852,-2.0288227145267,14.7017271208776));
#7713=CARTESIAN_POINT('Ctrl Pts',(-2.02882075989261,0.960816534322229,14.7017505764423));
#7714=CARTESIAN_POINT('Ctrl Pts',(-2.02882206746813,0.974657857567552,14.7017348855361));
#7715=CARTESIAN_POINT('Ctrl Pts',(-2.028822714523,0.988497267356383,14.7017271208776));
#7716=CARTESIAN_POINT('Ctrl Pts',(-2.028822714523,1.00233730013481,14.7017271208776));
#7717=CARTESIAN_POINT('Ctrl Pts',(-1.84823639338499,0.963273805612976,14.8678337176282));
#7718=CARTESIAN_POINT('Ctrl Pts',(-1.8482888887245,0.976295163942553,14.867823257024));
#7719=CARTESIAN_POINT('Ctrl Pts',(-1.84831513454738,0.989315882163106,14.867818080585));
#7720=CARTESIAN_POINT('Ctrl Pts',(-1.84831513454738,1.00233730013481,14.867818080585));
#7721=CARTESIAN_POINT('Ctrl Pts',(-1.66765202687737,0.965731076903724,15.0339168588141));
#7722=CARTESIAN_POINT('Ctrl Pts',(-1.66775570998087,0.977932470317553,15.033911628512));
#7723=CARTESIAN_POINT('Ctrl Pts',(-1.66780755457175,0.990134496969829,15.0339090402925));
#7724=CARTESIAN_POINT('Ctrl Pts',(-1.66780755457175,1.00233730013481,15.0339090402925));
#7725=CARTESIAN_POINT('Ctrl Pts',(-1.48706766036975,0.968188348194472,15.2));
#7726=CARTESIAN_POINT('Ctrl Pts',(-1.48722253123724,0.979569776692554,15.2));
#7727=CARTESIAN_POINT('Ctrl Pts',(-1.48729997459613,0.990953111776553,15.2));
#7728=CARTESIAN_POINT('Ctrl Pts',(-1.48729997459613,1.00233730013481,15.2));
#7729=CARTESIAN_POINT('Ctrl Pts',(-2.028822714523,1.00233730013481,14.7017271208776));
#7730=CARTESIAN_POINT('Ctrl Pts',(-2.028822714523,0.988497267356383,14.7017271208776));
#7731=CARTESIAN_POINT('Ctrl Pts',(-2.02882206746813,0.974657857567552,14.7017348855361));
#7732=CARTESIAN_POINT('Ctrl Pts',(-2.02882075989261,0.960816534322229,14.7017505764423));
#7733=CARTESIAN_POINT('Origin',(1.248006096012,32.922100584201,15.2));
#7734=CARTESIAN_POINT('',(0.248006096011999,32.922100584201,8.170028244856));
#7735=CARTESIAN_POINT('',(0.248006096011999,32.922100584201,15.2));
#7736=CARTESIAN_POINT('',(1.248006096012,32.922100584201,8.170028244856));
#7737=CARTESIAN_POINT('',(-1.251993903988,32.922100584201,3.2));
#7738=CARTESIAN_POINT('Origin',(0.248006096011999,33.922100584201,15.2));
#7739=CARTESIAN_POINT('Origin',(0.248006096011999,33.922100584201,8.170028244856));
#7740=CARTESIAN_POINT('Origin',(0.248006096011998,44.862100584201,15.2));
#7741=CARTESIAN_POINT('',(0.248006096011998,45.862100584201,8.170028244856));
#7742=CARTESIAN_POINT('',(0.248006096011998,45.862100584201,15.2));
#7743=CARTESIAN_POINT('Origin',(0.248006096011998,44.862100584201,8.170028244856));
#7744=CARTESIAN_POINT('Origin',(-8.751993903988,45.862100584201,15.2));
#7745=CARTESIAN_POINT('',(-6.251993903988,45.862100584201,3.2));
#7746=CARTESIAN_POINT('',(-3.751993903988,45.862100584201,8.170028244856));
#7747=CARTESIAN_POINT('Origin',(65.5016472876187,100.2772961162,9.2));
#7748=CARTESIAN_POINT('',(85.3416412641142,100.777278280025,3.20021403409705));
#7749=CARTESIAN_POINT('',(84.5208583413641,99.9564953572749,13.0496091070973));
#7750=CARTESIAN_POINT('',(85.3312963750236,100.7772961162,3.2));
#7751=CARTESIAN_POINT('Origin',(85.3312963750236,97.7772961161996,39.200000000001));
#7752=CARTESIAN_POINT('',(0.0127000254038645,100.7772961162,3.2));
#7753=CARTESIAN_POINT('',(65.5016472876187,100.7772961162,3.2));
#7754=CARTESIAN_POINT('',(0.00235513631325374,100.777278280025,3.20021403409704));
#7755=CARTESIAN_POINT('Origin',(0.0127000254038645,97.7772961161997,39.2000000000009));
#7756=CARTESIAN_POINT('',(0.801826415670854,99.9778070006673,12.7938693863881));
#7757=CARTESIAN_POINT('Origin',(84.5208583413641,96.9668580825403,12.8004726675361));
#7758=CARTESIAN_POINT('',(88.3312785388488,97.7876410052903,3.20021403409695));
#7759=CARTESIAN_POINT('',(87.5104956160988,96.9668580825403,13.0496091070973));
#7760=CARTESIAN_POINT('Origin',(85.3312963750235,97.7772961161996,3.07521626362344));
#7761=CARTESIAN_POINT('Origin',(87.8312963750236,22.9538490481,9.2));
#7762=CARTESIAN_POINT('',(87.6229607158116,51.650012815941,11.700027910543));
#7763=CARTESIAN_POINT('',(88.0647434889026,51.650012815941,6.39863463345125));
#7764=CARTESIAN_POINT('',(87.6229607158116,62.650012584109,11.700027910543));
#7765=CARTESIAN_POINT('',(87.6229607158116,37.3019309320205,11.700027910543));
#7766=CARTESIAN_POINT('',(88.0647434889026,62.6500125841091,6.39863463345125));
#7767=CARTESIAN_POINT('',(87.6229607158116,68.159995035906,11.700027910543));
#7768=CARTESIAN_POINT('',(88.0647434889026,68.159995035906,6.39863463345125));
#7769=CARTESIAN_POINT('',(87.6229607158116,79.159994804074,11.700027910543));
#7770=CARTESIAN_POINT('',(87.6229607158116,45.556922042003,11.700027910543));
#7771=CARTESIAN_POINT('',(88.0647434889026,79.1599948040741,6.39863463345125));
#7772=CARTESIAN_POINT('',(87.6229607158116,84.670002655921,11.700027910543));
#7773=CARTESIAN_POINT('',(88.0647434889026,84.670002655921,6.39863463345125));
#7774=CARTESIAN_POINT('',(87.6229607158116,95.670002424089,11.700027910543));
#7775=CARTESIAN_POINT('',(87.6229607158116,53.8119258520105,11.700027910543));
#7776=CARTESIAN_POINT('',(88.0647434889026,95.6700024240891,6.39863463345125));
#7777=CARTESIAN_POINT('Origin',(85.3312963750236,97.7772961161996,39.2000000000001));
#7778=CARTESIAN_POINT('',(88.3312785388488,0.0023551363095449,3.20021403409692));
#7779=CARTESIAN_POINT('',(87.5318072594912,0.801826415667157,12.7938693863882));
#7780=CARTESIAN_POINT('Origin',(85.3312963750236,0.0127000254001642,39.2000000000001));
#7781=CARTESIAN_POINT('',(87.6229607158116,2.119989955895,11.700027910543));
#7782=CARTESIAN_POINT('',(88.0647434889026,2.119989955895,6.39863463345125));
#7783=CARTESIAN_POINT('',(87.6229607158116,13.119989724063,11.700027910543));
#7784=CARTESIAN_POINT('',(87.6229607158116,12.5369195019975,11.700027910543));
#7785=CARTESIAN_POINT('',(88.0647434889026,13.119989724063,6.39863463345125));
#7786=CARTESIAN_POINT('',(87.6229607158116,18.630022975962,11.700027910543));
#7787=CARTESIAN_POINT('',(88.0647434889026,18.630022975962,6.39863463345125));
#7788=CARTESIAN_POINT('',(87.6229607158116,29.63002274413,11.700027910543));
#7789=CARTESIAN_POINT('',(87.6229607158116,20.791936012031,11.700027910543));
#7790=CARTESIAN_POINT('',(88.0647434889026,29.63002274413,6.39863463345125));
#7791=CARTESIAN_POINT('',(87.6229607158116,35.140055996028,11.700027910543));
#7792=CARTESIAN_POINT('',(88.0647434889026,35.140055996028,6.39863463345125));
#7793=CARTESIAN_POINT('',(87.6229607158116,46.140055764196,11.700027910543));
#7794=CARTESIAN_POINT('',(87.6229607158116,29.046952522064,11.700027910543));
#7795=CARTESIAN_POINT('',(88.0647434889026,46.1400557641961,6.39863463345125));
#7796=CARTESIAN_POINT('Origin',(84.5421699847566,0.801826415667157,12.5447329468269));
#7797=CARTESIAN_POINT('',(85.3416412641142,-2.9872821384251,3.20021403409676));
#7798=CARTESIAN_POINT('',(84.5421699847566,-2.18781085906748,12.7938693863882));
#7799=CARTESIAN_POINT('Origin',(85.3312963750236,0.0127000254001643,3.07521626362313));
#7800=CARTESIAN_POINT('Origin',(19.8423491128088,-2.48729997459984,9.2));
#7801=CARTESIAN_POINT('',(0.00235513631324083,-2.98728213842511,3.20021403409682));
#7802=CARTESIAN_POINT('',(0.823138059063288,-2.16649921567506,13.0496091070974));
#7803=CARTESIAN_POINT('',(0.0127000254038689,-2.98729997459985,3.2));
#7804=CARTESIAN_POINT('Origin',(0.0127000254038678,0.0127000254001519,39.1999999999996));
#7805=CARTESIAN_POINT('',(85.3312963750236,-2.98729997459984,3.2));
#7806=CARTESIAN_POINT('',(19.8423491128088,-2.98729997459984,3.2));
#7807=CARTESIAN_POINT('Origin',(85.3312963750236,0.0127000254001642,39.1999999999996));
#7808=CARTESIAN_POINT('Origin',(0.823138059063288,0.823138059059585,12.8004726675362));
#7809=CARTESIAN_POINT('',(-2.98728213842139,0.0023551363095331,3.20021403409686));
#7810=CARTESIAN_POINT('',(-2.16649921567135,0.823138059059585,13.0496091070974));
#7811=CARTESIAN_POINT('Origin',(0.0127000254038678,0.0127000254001519,3.07521626362306));
#7812=CARTESIAN_POINT('Origin',(59.690119380239,92.709931419863,14.95));
#7813=CARTESIAN_POINT('',(62.940119380239,92.709931419863,14.7));
#7814=CARTESIAN_POINT('',(63.190119380239,92.709931419863,14.95));
#7815=CARTESIAN_POINT('',(56.440119380239,92.709931419863,14.7));
#7816=CARTESIAN_POINT('Origin',(59.690119380239,92.709931419863,14.7));
#7817=CARTESIAN_POINT('Origin',(59.690119380239,92.709931419863,14.7));
#7818=CARTESIAN_POINT('Origin',(59.690119380239,92.709931419863,13.7));
#7819=CARTESIAN_POINT('',(56.440119380239,92.709931419863,12.2));
#7820=CARTESIAN_POINT('',(56.440119380239,92.709931419863,13.7));
#7821=CARTESIAN_POINT('Origin',(59.690119380239,92.709931419863,12.2));
#7822=CARTESIAN_POINT('Origin',(7.62001524003,92.709931419863,14.95));
#7823=CARTESIAN_POINT('',(10.87001524003,92.709931419863,14.7));
#7824=CARTESIAN_POINT('',(11.12001524003,92.709931419863,14.95));
#7825=CARTESIAN_POINT('',(4.37001524003,92.709931419863,14.7));
#7826=CARTESIAN_POINT('Origin',(7.62001524003,92.709931419863,14.7));
#7827=CARTESIAN_POINT('Origin',(7.62001524003,92.709931419863,14.7));
#7828=CARTESIAN_POINT('Origin',(7.62001524003,92.709931419863,13.7));
#7829=CARTESIAN_POINT('',(4.37001524003,92.709931419863,12.2));
#7830=CARTESIAN_POINT('',(4.37001524003,92.709931419863,13.7));
#7831=CARTESIAN_POINT('Origin',(7.62001524003,92.709931419863,12.2));
#7832=CARTESIAN_POINT('Origin',(60.960121920244,5.08001016002,14.95));
#7833=CARTESIAN_POINT('',(64.210121920244,5.08001016002,14.7));
#7834=CARTESIAN_POINT('',(64.460121920244,5.08001016002,14.95));
#7835=CARTESIAN_POINT('',(57.710121920244,5.08001016002,14.7));
#7836=CARTESIAN_POINT('Origin',(60.960121920244,5.08001016002,14.7));
#7837=CARTESIAN_POINT('Origin',(60.960121920244,5.08001016002,14.7));
#7838=CARTESIAN_POINT('Origin',(60.960121920244,5.08001016002,13.7));
#7839=CARTESIAN_POINT('',(57.710121920244,5.08001016002,12.2));
#7840=CARTESIAN_POINT('',(57.710121920244,5.08001016002,13.7));
#7841=CARTESIAN_POINT('Origin',(60.960121920244,5.08001016002,12.2));
#7842=CARTESIAN_POINT('Origin',(7.62001524003,5.08001016002,14.95));
#7843=CARTESIAN_POINT('',(10.87001524003,5.08001016002,14.7));
#7844=CARTESIAN_POINT('',(11.12001524003,5.08001016002,14.95));
#7845=CARTESIAN_POINT('',(4.37001524003,5.08001016002,14.7));
#7846=CARTESIAN_POINT('Origin',(7.62001524003,5.08001016002,14.7));
#7847=CARTESIAN_POINT('Origin',(7.62001524003,5.08001016002,14.7));
#7848=CARTESIAN_POINT('Origin',(7.62001524003,5.08001016002,13.7));
#7849=CARTESIAN_POINT('',(4.37001524003,5.08001016002,12.2));
#7850=CARTESIAN_POINT('',(4.37001524003,5.08001016002,13.7));
#7851=CARTESIAN_POINT('Origin',(7.62001524003,5.08001016002,12.2));
#7852=CARTESIAN_POINT('Origin',(4.248006096012,29.922100584201,15.2));
#7853=CARTESIAN_POINT('',(2.748006096012,29.922100584201,8.170028244856));
#7854=CARTESIAN_POINT('Origin',(1.248006096012,39.392100584201,8.170028244856));
#7855=CARTESIAN_POINT('Origin',(-1.751993903988,48.862100584201,15.2));
#7856=CARTESIAN_POINT('',(-0.251993903988001,48.862100584201,8.170028244856));
#7857=CARTESIAN_POINT('Origin',(1.248006096012,39.392100584201,8.170028244856));
#7858=CARTESIAN_POINT('Origin',(-1.251993903988,34.922100584201,3.2));
#7859=CARTESIAN_POINT('',(-1.251993903988,34.922100584201,1.2));
#7860=CARTESIAN_POINT('Origin',(-3.751993903988,39.392100584201,1.2));
#7861=CARTESIAN_POINT('',(-6.251993903988,43.862100584201,1.2));
#7862=CARTESIAN_POINT('Origin',(-6.251993903988,43.862100584201,3.2));
#7863=CARTESIAN_POINT('Origin',(-2.48729997459613,74.8361470934998,9.2));
#7864=CARTESIAN_POINT('',(-2.98729997459613,0.0127000254001519,3.2));
#7865=CARTESIAN_POINT('',(-2.98729997459613,74.8361470934998,3.2));
#7866=CARTESIAN_POINT('Origin',(0.0127000254038678,0.0127000254001519,39.2));
#7867=CARTESIAN_POINT('Origin',(-2.48729997459613,74.8361470934998,9.2));
#7868=CARTESIAN_POINT('',(-2.98728213842139,97.7876410052903,3.20021403409687));
#7869=CARTESIAN_POINT('',(-2.18781085906379,96.9881697259327,12.7938693863882));
#7870=CARTESIAN_POINT('',(-2.98729997459613,97.7772961161997,3.2));
#7871=CARTESIAN_POINT('Origin',(0.0127000254038645,97.7772961161997,39.2));
#7872=CARTESIAN_POINT('',(-2.98729997459613,74.8361470934998,3.2));
#7873=CARTESIAN_POINT('Origin',(7.62001524003,5.08001016002,12.2));
#7874=CARTESIAN_POINT('',(5.92001524003,5.08001016002,12.2));
#7875=CARTESIAN_POINT('Origin',(7.62001524003,5.08001016002,12.2));
#7876=CARTESIAN_POINT('Origin',(7.62001524003,5.08001016002,7.94));
#7877=CARTESIAN_POINT('',(5.92001524003,5.08001016002,2.));
#7878=CARTESIAN_POINT('',(5.92001524003,5.08001016002,7.94));
#7879=CARTESIAN_POINT('Origin',(7.62001524003,5.08001016002,2.));
#7880=CARTESIAN_POINT('Origin',(59.690119380239,92.709931419863,12.2));
#7881=CARTESIAN_POINT('',(57.990119380239,92.709931419863,12.2));
#7882=CARTESIAN_POINT('Origin',(59.690119380239,92.709931419863,12.2));
#7883=CARTESIAN_POINT('Origin',(59.690119380239,92.709931419863,7.94));
#7884=CARTESIAN_POINT('',(57.990119380239,92.709931419863,2.));
#7885=CARTESIAN_POINT('',(57.990119380239,92.709931419863,7.94));
#7886=CARTESIAN_POINT('Origin',(59.690119380239,92.709931419863,2.));
#7887=CARTESIAN_POINT('Origin',(7.62001524003,92.709931419863,12.2));
#7888=CARTESIAN_POINT('',(5.92001524003,92.709931419863,12.2));
#7889=CARTESIAN_POINT('Origin',(7.62001524003,92.709931419863,12.2));
#7890=CARTESIAN_POINT('Origin',(7.62001524003,92.709931419863,7.94));
#7891=CARTESIAN_POINT('',(5.92001524003,92.709931419863,2.));
#7892=CARTESIAN_POINT('',(5.92001524003,92.709931419863,7.94));
#7893=CARTESIAN_POINT('Origin',(7.62001524003,92.709931419863,2.));
#7894=CARTESIAN_POINT('Origin',(60.960121920244,5.08001016002,12.2));
#7895=CARTESIAN_POINT('',(59.260121920244,5.08001016002,12.2));
#7896=CARTESIAN_POINT('Origin',(60.960121920244,5.08001016002,12.2));
#7897=CARTESIAN_POINT('Origin',(60.960121920244,5.08001016002,7.94));
#7898=CARTESIAN_POINT('',(59.260121920244,5.08001016002,2.));
#7899=CARTESIAN_POINT('',(59.260121920244,5.08001016002,7.94));
#7900=CARTESIAN_POINT('Origin',(60.960121920244,5.08001016002,2.));
#7901=CARTESIAN_POINT('Origin',(88.3312963750236,84.670002655921,3.600028081256));
#7902=CARTESIAN_POINT('',(88.3312963750236,84.670002655921,11.700027910543));
#7903=CARTESIAN_POINT('Origin',(88.3312963750236,95.670002424089,11.700027910543));
#7904=CARTESIAN_POINT('',(88.3312963750236,95.670002424089,11.700027910543));
#7905=CARTESIAN_POINT('Origin',(88.3312963750236,84.670002655921,11.700027910543));
#7906=CARTESIAN_POINT('Origin',(88.3312963750236,35.140055996028,3.600028081256));
#7907=CARTESIAN_POINT('',(88.3312963750236,35.140055996028,11.700027910543));
#7908=CARTESIAN_POINT('Origin',(88.3312963750236,46.140055764196,11.700027910543));
#7909=CARTESIAN_POINT('',(88.3312963750236,46.140055764196,11.700027910543));
#7910=CARTESIAN_POINT('Origin',(88.3312963750236,35.140055996028,11.700027910543));
#7911=CARTESIAN_POINT('Origin',(88.3312963750236,68.159995035906,3.600028081256));
#7912=CARTESIAN_POINT('',(88.3312963750236,68.159995035906,11.700027910543));
#7913=CARTESIAN_POINT('Origin',(88.3312963750236,79.159994804074,11.700027910543));
#7914=CARTESIAN_POINT('',(88.3312963750236,79.159994804074,11.700027910543));
#7915=CARTESIAN_POINT('Origin',(88.3312963750236,68.159995035906,11.700027910543));
#7916=CARTESIAN_POINT('Origin',(88.3312963750236,2.119989955895,3.600028081256));
#7917=CARTESIAN_POINT('',(88.3312963750236,2.119989955895,11.700027910543));
#7918=CARTESIAN_POINT('Origin',(88.3312963750236,13.119989724063,11.700027910543));
#7919=CARTESIAN_POINT('',(88.3312963750236,13.119989724063,11.700027910543));
#7920=CARTESIAN_POINT('Origin',(88.3312963750236,2.119989955895,11.700027910543));
#7921=CARTESIAN_POINT('Origin',(88.3312963750236,18.630022975962,3.600028081256));
#7922=CARTESIAN_POINT('',(88.3312963750236,18.630022975962,11.700027910543));
#7923=CARTESIAN_POINT('Origin',(88.3312963750236,29.63002274413,11.700027910543));
#7924=CARTESIAN_POINT('',(88.3312963750236,29.63002274413,11.700027910543));
#7925=CARTESIAN_POINT('Origin',(88.3312963750236,18.630022975962,11.700027910543));
#7926=CARTESIAN_POINT('Origin',(88.3312963750236,51.650012815941,3.600028081256));
#7927=CARTESIAN_POINT('',(88.3312963750236,51.650012815941,11.700027910543));
#7928=CARTESIAN_POINT('Origin',(88.3312963750236,62.650012584109,11.700027910543));
#7929=CARTESIAN_POINT('',(88.3312963750236,62.650012584109,11.700027910543));
#7930=CARTESIAN_POINT('Origin',(88.3312963750236,51.650012815941,11.700027910543));
#7931=CARTESIAN_POINT('Origin',(59.690119380239,93.2822610736225,2.));
#7932=CARTESIAN_POINT('',(63.690119380239,92.4872260310454,2.));
#7933=CARTESIAN_POINT('',(63.690119380239,97.0772961161997,2.));
#7934=CARTESIAN_POINT('',(63.690119380239,92.8847435523339,2.));
#7935=CARTESIAN_POINT('',(55.690119380239,92.4872260310453,2.));
#7936=CARTESIAN_POINT('Origin',(59.690119380239,92.4872260310454,2.));
#7937=CARTESIAN_POINT('',(55.690119380239,97.0772961161996,2.));
#7938=CARTESIAN_POINT('',(55.690119380239,95.6797785949111,2.));
#7939=CARTESIAN_POINT('',(54.690119380239,98.0772961161996,2.));
#7940=CARTESIAN_POINT('Origin',(54.690119380239,97.0772961161996,2.));
#7941=CARTESIAN_POINT('',(64.690119380239,98.0772961161996,2.));
#7942=CARTESIAN_POINT('',(0.712700025403867,98.0772961161996,2.));
#7943=CARTESIAN_POINT('Origin',(64.690119380239,97.0772961161997,2.));
#7944=CARTESIAN_POINT('Origin',(60.960121920244,4.4027051277619,2.));
#7945=CARTESIAN_POINT('',(64.960121920244,5.09271023012364,2.));
#7946=CARTESIAN_POINT('',(56.960121920244,5.09271023012364,2.));
#7947=CARTESIAN_POINT('Origin',(60.960121920244,5.09271023012364,2.));
#7948=CARTESIAN_POINT('',(64.960121920244,0.712700025400157,2.));
#7949=CARTESIAN_POINT('',(64.960121920244,2.05770257658103,2.));
#7950=CARTESIAN_POINT('',(65.960121920244,-0.287299974599843,2.));
#7951=CARTESIAN_POINT('Origin',(65.960121920244,0.712700025400157,2.));
#7952=CARTESIAN_POINT('',(55.960121920244,-0.287299974599842,2.));
#7953=CARTESIAN_POINT('',(0.712700025403859,-0.287299974599836,2.));
#7954=CARTESIAN_POINT('',(56.960121920244,0.712700025400158,2.));
#7955=CARTESIAN_POINT('Origin',(55.960121920244,0.712700025400158,2.));
#7956=CARTESIAN_POINT('',(56.960121920244,4.74770767894277,2.));
#7957=CARTESIAN_POINT('Origin',(7.62001524003001,93.2822610736225,2.));
#7958=CARTESIAN_POINT('',(11.62001524003,92.4872260310454,2.));
#7959=CARTESIAN_POINT('',(11.62001524003,97.0772961161997,2.));
#7960=CARTESIAN_POINT('',(11.62001524003,92.884743552334,2.));
#7961=CARTESIAN_POINT('',(3.62001524003,92.4872260310454,2.));
#7962=CARTESIAN_POINT('Origin',(7.62001524003,92.4872260310454,2.));
#7963=CARTESIAN_POINT('',(3.62001524003,97.0772961161996,2.));
#7964=CARTESIAN_POINT('',(3.62001524003,95.6797785949111,2.));
#7965=CARTESIAN_POINT('',(2.62001524003,98.0772961161996,2.));
#7966=CARTESIAN_POINT('Origin',(2.62001524003,97.0772961161996,2.));
#7967=CARTESIAN_POINT('',(12.62001524003,98.0772961161996,2.));
#7968=CARTESIAN_POINT('',(0.712700025403867,98.0772961161996,2.));
#7969=CARTESIAN_POINT('Origin',(12.62001524003,97.0772961161997,2.));
#7970=CARTESIAN_POINT('Origin',(7.62001524003001,4.4027051277619,2.));
#7971=CARTESIAN_POINT('',(11.62001524003,5.09271023012364,2.));
#7972=CARTESIAN_POINT('',(3.62001524003,5.09271023012364,2.));
#7973=CARTESIAN_POINT('Origin',(7.62001524003,5.09271023012364,2.));
#7974=CARTESIAN_POINT('',(11.62001524003,0.712700025400163,2.));
#7975=CARTESIAN_POINT('',(11.62001524003,2.05770257658103,2.));
#7976=CARTESIAN_POINT('',(12.62001524003,-0.287299974599837,2.));
#7977=CARTESIAN_POINT('Origin',(12.62001524003,0.712700025400163,2.));
#7978=CARTESIAN_POINT('',(2.62001524003001,-0.287299974599836,2.));
#7979=CARTESIAN_POINT('',(0.712700025403859,-0.287299974599836,2.));
#7980=CARTESIAN_POINT('',(3.62001524003,0.712700025400164,2.));
#7981=CARTESIAN_POINT('Origin',(2.62001524003,0.712700025400164,2.));
#7982=CARTESIAN_POINT('',(3.62001524003,4.74770767894277,2.));
#7983=CARTESIAN_POINT('Origin',(55.690119380239,98.0772961161996,0.));
#7984=CARTESIAN_POINT('',(55.690119380239,92.4872260310454,12.2));
#7985=CARTESIAN_POINT('',(55.690119380239,92.4872260310454,0.));
#7986=CARTESIAN_POINT('',(55.690119380239,97.0772961161996,12.2));
#7987=CARTESIAN_POINT('',(55.690119380239,73.4861470934998,12.2));
#7988=CARTESIAN_POINT('',(55.690119380239,97.0772961161996,0.));
#7989=CARTESIAN_POINT('Origin',(59.690119380239,92.4872260310454,0.));
#7990=CARTESIAN_POINT('',(63.690119380239,92.4872260310454,12.2));
#7991=CARTESIAN_POINT('',(63.690119380239,92.4872260310454,0.));
#7992=CARTESIAN_POINT('Origin',(59.690119380239,92.4872260310454,12.2));
#7993=CARTESIAN_POINT('Origin',(63.690119380239,92.4872260310454,0.));
#7994=CARTESIAN_POINT('',(63.690119380239,97.0772961161997,12.2));
#7995=CARTESIAN_POINT('',(63.690119380239,97.0772961161997,0.));
#7996=CARTESIAN_POINT('',(63.690119380239,70.6911120509226,12.2));
#7997=CARTESIAN_POINT('Origin',(64.690119380239,97.0772961161997,0.));
#7998=CARTESIAN_POINT('',(64.690119380239,98.0772961161996,12.2));
#7999=CARTESIAN_POINT('',(64.690119380239,98.0772961161996,0.));
#8000=CARTESIAN_POINT('Origin',(64.690119380239,97.0772961161997,12.2));
#8001=CARTESIAN_POINT('Origin',(65.960121920244,0.712700025400157,0.));
#8002=CARTESIAN_POINT('',(64.960121920244,0.712700025400159,12.2));
#8003=CARTESIAN_POINT('',(64.960121920244,0.712700025400157,0.));
#8004=CARTESIAN_POINT('',(65.960121920244,-0.287299974599843,12.2));
#8005=CARTESIAN_POINT('Origin',(65.960121920244,0.712700025400157,12.2));
#8006=CARTESIAN_POINT('',(65.960121920244,-0.287299974599843,0.));
#8007=CARTESIAN_POINT('Origin',(64.960121920244,-0.287299974599843,0.));
#8008=CARTESIAN_POINT('',(64.960121920244,5.09271023012364,12.2));
#8009=CARTESIAN_POINT('',(64.960121920244,5.09271023012364,0.));
#8010=CARTESIAN_POINT('',(64.960121920244,24.3038490481,12.2));
#8011=CARTESIAN_POINT('Origin',(60.960121920244,5.09271023012364,0.));
#8012=CARTESIAN_POINT('',(56.960121920244,5.09271023012364,12.2));
#8013=CARTESIAN_POINT('',(56.960121920244,5.09271023012364,0.));
#8014=CARTESIAN_POINT('Origin',(60.960121920244,5.09271023012364,12.2));
#8015=CARTESIAN_POINT('Origin',(3.62001524003,98.0772961161996,0.));
#8016=CARTESIAN_POINT('',(3.62001524003,92.4872260310454,12.2));
#8017=CARTESIAN_POINT('',(3.62001524003,92.4872260310454,0.));
#8018=CARTESIAN_POINT('',(3.62001524003,97.0772961161996,12.2));
#8019=CARTESIAN_POINT('',(3.62001524002999,73.4861470934998,12.2));
#8020=CARTESIAN_POINT('',(3.62001524003,97.0772961161996,0.));
#8021=CARTESIAN_POINT('Origin',(7.62001524003,92.4872260310454,0.));
#8022=CARTESIAN_POINT('',(11.62001524003,92.4872260310454,12.2));
#8023=CARTESIAN_POINT('',(11.62001524003,92.4872260310454,0.));
#8024=CARTESIAN_POINT('Origin',(7.62001524003,92.4872260310454,12.2));
#8025=CARTESIAN_POINT('Origin',(11.62001524003,92.4872260310454,0.));
#8026=CARTESIAN_POINT('',(11.62001524003,97.0772961161997,12.2));
#8027=CARTESIAN_POINT('',(11.62001524003,97.0772961161997,0.));
#8028=CARTESIAN_POINT('',(11.62001524003,70.6911120509227,12.2));
#8029=CARTESIAN_POINT('Origin',(12.62001524003,97.0772961161997,0.));
#8030=CARTESIAN_POINT('',(12.62001524003,98.0772961161996,12.2));
#8031=CARTESIAN_POINT('',(12.62001524003,98.0772961161996,0.));
#8032=CARTESIAN_POINT('Origin',(12.62001524003,97.0772961161997,12.2));
#8033=CARTESIAN_POINT('Origin',(12.62001524003,0.712700025400163,0.));
#8034=CARTESIAN_POINT('',(11.62001524003,0.712700025400164,12.2));
#8035=CARTESIAN_POINT('',(11.62001524003,0.712700025400163,0.));
#8036=CARTESIAN_POINT('',(12.62001524003,-0.287299974599837,12.2));
#8037=CARTESIAN_POINT('Origin',(12.62001524003,0.712700025400163,12.2));
#8038=CARTESIAN_POINT('',(12.62001524003,-0.287299974599837,0.));
#8039=CARTESIAN_POINT('Origin',(11.62001524003,-0.287299974599837,0.));
#8040=CARTESIAN_POINT('',(11.62001524003,5.09271023012364,12.2));
#8041=CARTESIAN_POINT('',(11.62001524003,5.09271023012364,0.));
#8042=CARTESIAN_POINT('',(11.62001524003,24.3038490481,12.2));
#8043=CARTESIAN_POINT('Origin',(7.62001524003,5.09271023012364,0.));
#8044=CARTESIAN_POINT('',(3.62001524003,5.09271023012364,12.2));
#8045=CARTESIAN_POINT('',(3.62001524003,5.09271023012364,0.));
#8046=CARTESIAN_POINT('Origin',(7.62001524003,5.09271023012364,12.2));
#8047=CARTESIAN_POINT('Origin',(0.712700025403867,0.712700025400164,12.2));
#8048=CARTESIAN_POINT('',(0.712700025403867,-0.287299974599836,12.2));
#8049=CARTESIAN_POINT('Origin',(0.712700025403867,0.712700025400166,12.2));
#8050=CARTESIAN_POINT('Origin',(0.712700025403867,0.712700025400164,12.2));
#8051=CARTESIAN_POINT('Origin',(0.712700025403867,0.712700025400164,0.));
#8052=CARTESIAN_POINT('',(0.712700025403867,-0.287299974599836,0.));
#8053=CARTESIAN_POINT('Origin',(0.712700025403867,97.0772961161997,12.2));
#8054=CARTESIAN_POINT('',(0.712700025403867,98.0772961161996,12.2));
#8055=CARTESIAN_POINT('Origin',(0.712700025403867,97.0772961161997,12.2));
#8056=CARTESIAN_POINT('Origin',(0.712700025403867,97.0772961161997,12.2));
#8057=CARTESIAN_POINT('Origin',(0.712700025403867,97.0772961161997,0.));
#8058=CARTESIAN_POINT('',(0.712700025403867,98.0772961161996,0.));
#8059=CARTESIAN_POINT('Origin',(2.62001524003,0.712700025400164,12.2));
#8060=CARTESIAN_POINT('',(3.62001524003,0.712700025400164,12.2));
#8061=CARTESIAN_POINT('Origin',(2.62001524003,0.712700025400164,12.2));
#8062=CARTESIAN_POINT('',(2.62001524003,-0.287299974599836,12.2));
#8063=CARTESIAN_POINT('Origin',(2.62001524003,0.712700025400164,12.2));
#8064=CARTESIAN_POINT('Origin',(2.62001524003,0.712700025400166,12.2));
#8065=CARTESIAN_POINT('Origin',(2.62001524003,0.712700025400164,0.));
#8066=CARTESIAN_POINT('',(2.62001524003,-0.287299974599836,0.));
#8067=CARTESIAN_POINT('',(3.62001524003,0.712700025400164,0.));
#8068=CARTESIAN_POINT('Origin',(23.1460067201219,0.712700025400164,12.2));
#8069=CARTESIAN_POINT('',(23.1460067201219,-0.287299974599838,12.2));
#8070=CARTESIAN_POINT('Origin',(2.62001524003,97.0772961161996,12.2));
#8071=CARTESIAN_POINT('',(2.62001524003,98.0772961161996,12.2));
#8072=CARTESIAN_POINT('Origin',(2.62001524003,97.0772961161997,12.2));
#8073=CARTESIAN_POINT('Origin',(2.62001524003,97.0772961161996,12.2));
#8074=CARTESIAN_POINT('Origin',(2.62001524003,97.0772961161997,12.2));
#8075=CARTESIAN_POINT('Origin',(2.62001524003,97.0772961161996,0.));
#8076=CARTESIAN_POINT('',(2.62001524003,98.0772961161996,0.));
#8077=CARTESIAN_POINT('Origin',(12.62001524003,0.712700025400163,12.2));
#8078=CARTESIAN_POINT('Origin',(12.62001524003,0.712700025400163,12.2));
#8079=CARTESIAN_POINT('Origin',(12.62001524003,0.712700025400164,12.2));
#8080=CARTESIAN_POINT('Origin',(12.62001524003,24.3038490481,12.2));
#8081=CARTESIAN_POINT('Origin',(12.62001524003,5.09271023012364,12.2));
#8082=CARTESIAN_POINT('Origin',(7.62001524003,5.09271023012364,12.2));
#8083=CARTESIAN_POINT('Origin',(2.62001524003,5.09271023012364,12.2));
#8084=CARTESIAN_POINT('Origin',(2.62001524002999,26.9938541504618,12.2));
#8085=CARTESIAN_POINT('',(3.62001524003,26.9938541504618,12.2));
#8086=CARTESIAN_POINT('Origin',(12.62001524003,97.0772961161997,12.2));
#8087=CARTESIAN_POINT('Origin',(12.62001524003,97.0772961161997,12.2));
#8088=CARTESIAN_POINT('Origin',(12.62001524003,97.0772961161997,12.2));
#8089=CARTESIAN_POINT('Origin',(55.960121920244,0.712700025400158,12.2));
#8090=CARTESIAN_POINT('',(56.960121920244,0.712700025400158,12.2));
#8091=CARTESIAN_POINT('Origin',(55.960121920244,0.712700025400159,12.2));
#8092=CARTESIAN_POINT('',(55.960121920244,-0.287299974599842,12.2));
#8093=CARTESIAN_POINT('Origin',(55.960121920244,0.712700025400158,12.2));
#8094=CARTESIAN_POINT('Origin',(55.960121920244,0.712700025400159,12.2));
#8095=CARTESIAN_POINT('Origin',(55.960121920244,0.712700025400158,0.));
#8096=CARTESIAN_POINT('',(55.960121920244,-0.287299974599842,0.));
#8097=CARTESIAN_POINT('',(56.960121920244,0.712700025400158,0.));
#8098=CARTESIAN_POINT('Origin',(49.8160600602289,0.712700025400159,12.2));
#8099=CARTESIAN_POINT('',(49.8160600602289,-0.287299974599841,12.2));
#8100=CARTESIAN_POINT('Origin',(54.690119380239,97.0772961161996,12.2));
#8101=CARTESIAN_POINT('',(54.690119380239,98.0772961161996,12.2));
#8102=CARTESIAN_POINT('Origin',(54.690119380239,97.0772961161997,12.2));
#8103=CARTESIAN_POINT('Origin',(54.690119380239,97.0772961161996,12.2));
#8104=CARTESIAN_POINT('Origin',(54.690119380239,97.0772961161997,12.2));
#8105=CARTESIAN_POINT('Origin',(54.690119380239,97.0772961161996,0.));
#8106=CARTESIAN_POINT('',(54.690119380239,98.0772961161996,0.));
#8107=CARTESIAN_POINT('Origin',(65.960121920244,0.712700025400157,12.2));
#8108=CARTESIAN_POINT('Origin',(65.960121920244,0.712700025400155,12.2));
#8109=CARTESIAN_POINT('Origin',(65.960121920244,0.712700025400155,12.2));
#8110=CARTESIAN_POINT('Origin',(65.960121920244,24.3038490481,12.2));
#8111=CARTESIAN_POINT('Origin',(65.960121920244,5.09271023012364,12.2));
#8112=CARTESIAN_POINT('Origin',(60.960121920244,5.09271023012364,12.2));
#8113=CARTESIAN_POINT('Origin',(55.960121920244,5.09271023012364,12.2));
#8114=CARTESIAN_POINT('Origin',(55.960121920244,26.9938541504618,12.2));
#8115=CARTESIAN_POINT('',(56.960121920244,26.9938541504618,12.2));
#8116=CARTESIAN_POINT('Origin',(64.690119380239,97.0772961161997,12.2));
#8117=CARTESIAN_POINT('Origin',(64.690119380239,97.0772961161997,12.2));
#8118=CARTESIAN_POINT('Origin',(64.690119380239,97.0772961161997,12.2));
#8119=CARTESIAN_POINT('Origin',(84.6312963750236,0.712700025400155,12.2));
#8120=CARTESIAN_POINT('',(84.6312963750236,-0.287299974599845,12.2));
#8121=CARTESIAN_POINT('Origin',(84.6312963750236,0.712700025400155,12.2));
#8122=CARTESIAN_POINT('Origin',(84.6312963750236,0.712700025400153,12.2));
#8123=CARTESIAN_POINT('Origin',(84.6312963750236,0.712700025400155,0.));
#8124=CARTESIAN_POINT('',(84.6312963750236,-0.287299974599845,0.));
#8125=CARTESIAN_POINT('Origin',(64.1516472876186,0.712700025400155,12.2));
#8126=CARTESIAN_POINT('',(64.1516472876186,-0.287299974599843,12.2));
#8127=CARTESIAN_POINT('Origin',(84.6312963750236,97.0772961161996,12.2));
#8128=CARTESIAN_POINT('',(84.6312963750236,98.0772961161996,12.2));
#8129=CARTESIAN_POINT('Origin',(84.6312963750236,97.0772961161997,12.2));
#8130=CARTESIAN_POINT('Origin',(84.6312963750236,97.0772961161996,12.2));
#8131=CARTESIAN_POINT('Origin',(84.6312963750236,97.0772961161996,0.));
#8132=CARTESIAN_POINT('',(84.6312963750236,98.0772961161996,0.));
#8133=CARTESIAN_POINT('Origin',(53.1810587902264,97.0772961161997,12.2));
#8134=CARTESIAN_POINT('',(53.1810587902264,98.0772961161996,12.2));
#8135=CARTESIAN_POINT('Origin',(54.690119380239,73.4861470934998,12.2));
#8136=CARTESIAN_POINT('Origin',(54.690119380239,92.4872260310454,12.2));
#8137=CARTESIAN_POINT('Origin',(59.690119380239,92.4872260310454,12.2));
#8138=CARTESIAN_POINT('Origin',(64.690119380239,92.4872260310454,12.2));
#8139=CARTESIAN_POINT('Origin',(64.690119380239,70.6911120509226,12.2));
#8140=CARTESIAN_POINT('Origin',(27.1460067201219,97.0772961161997,12.2));
#8141=CARTESIAN_POINT('',(27.1460067201219,98.0772961161996,12.2));
#8142=CARTESIAN_POINT('Origin',(2.62001524002999,73.4861470934998,12.2));
#8143=CARTESIAN_POINT('Origin',(2.62001524003,92.4872260310454,12.2));
#8144=CARTESIAN_POINT('Origin',(7.62001524003,92.4872260310454,12.2));
#8145=CARTESIAN_POINT('Origin',(12.62001524003,92.4872260310454,12.2));
#8146=CARTESIAN_POINT('Origin',(12.62001524003,70.6911120509227,12.2));
#8147=CARTESIAN_POINT('Origin',(21.1923491128088,97.0772961161997,12.2));
#8148=CARTESIAN_POINT('',(21.1923491128088,98.0772961161996,12.2));
#8149=CARTESIAN_POINT('Origin',(3.62001524003,5.09271023012364,0.));
#8150=CARTESIAN_POINT('Origin',(56.960121920244,5.09271023012364,0.));
#8151=CARTESIAN_POINT('Origin',(85.6312963750236,-0.287299974599845,0.));
#8152=CARTESIAN_POINT('Origin',(85.3312963750236,97.7772961161996,0.));
#8153=CARTESIAN_POINT('',(85.3312963750236,100.7772961162,0.));
#8154=CARTESIAN_POINT('Origin',(88.3312963750236,100.7772961162,0.));
#8155=CARTESIAN_POINT('',(0.0127000254038657,100.7772961162,0.));
#8156=CARTESIAN_POINT('Origin',(0.0127000254038645,97.7772961161997,0.));
#8157=CARTESIAN_POINT('',(-2.98729997459613,97.7772961161997,0.));
#8158=CARTESIAN_POINT('Origin',(0.0127000254038645,97.7772961161997,3.07521626362328));
#8159=CARTESIAN_POINT('Origin',(0.801826415670853,96.9881697259327,12.5447329468269));
#8160=CARTESIAN_POINT('Origin',(-2.98729997459613,100.7772961162,0.));
#8161=CARTESIAN_POINT('',(-2.98729997459613,0.0127000254001519,0.));
#8162=CARTESIAN_POINT('Origin',(0.0127000254038678,0.0127000254001519,0.));
#8163=CARTESIAN_POINT('',(0.0127000254038684,-2.98729997459985,0.));
#8164=CARTESIAN_POINT('Origin',(-2.98729997459613,-2.98729997459985,0.));
#8165=CARTESIAN_POINT('',(85.3312963750236,-2.98729997459984,0.));
#8166=CARTESIAN_POINT('Origin',(85.3312963750236,0.0127000254001642,0.));
#8167=CARTESIAN_POINT('Origin',(-0.287299974596133,98.0772961161996,0.));
#8168=UNCERTAINTY_MEASURE_WITH_UNIT(LENGTH_MEASURE(0.01),#8172,
'DISTANCE_ACCURACY_VALUE',
'Maximum model space distance between geometric entities at asserted c
onnectivities');
#8169=UNCERTAINTY_MEASURE_WITH_UNIT(LENGTH_MEASURE(0.01),#8172,
'DISTANCE_ACCURACY_VALUE',
'Maximum model space distance between geometric entities at asserted c
onnectivities');
#8170=(
GEOMETRIC_REPRESENTATION_CONTEXT(3)
GLOBAL_UNCERTAINTY_ASSIGNED_CONTEXT((#8168))
GLOBAL_UNIT_ASSIGNED_CONTEXT((#8172,#8174,#8175))
REPRESENTATION_CONTEXT('','3D')
);
#8171=(
GEOMETRIC_REPRESENTATION_CONTEXT(3)
GLOBAL_UNCERTAINTY_ASSIGNED_CONTEXT((#8169))
GLOBAL_UNIT_ASSIGNED_CONTEXT((#8172,#8174,#8175))
REPRESENTATION_CONTEXT('','3D')
);
#8172=(
LENGTH_UNIT()
NAMED_UNIT(*)
SI_UNIT(.MILLI.,.METRE.)
);
#8173=(
LENGTH_UNIT()
NAMED_UNIT(*)
SI_UNIT($,.METRE.)
);
#8174=(
NAMED_UNIT(*)
PLANE_ANGLE_UNIT()
SI_UNIT($,.RADIAN.)
);
#8175=(
NAMED_UNIT(*)
SI_UNIT($,.STERADIAN.)
SOLID_ANGLE_UNIT()
);
#8176=SHAPE_DEFINITION_REPRESENTATION(#8177,#8178);
#8177=PRODUCT_DEFINITION_SHAPE('',$,#8180);
#8178=SHAPE_REPRESENTATION('',(#4596),#8170);
#8179=PRODUCT_DEFINITION_CONTEXT('part definition',#8184,'design');
#8180=PRODUCT_DEFINITION('Lid','Lid',#8181,#8179);
#8181=PRODUCT_DEFINITION_FORMATION('',$,#8186);
#8182=PRODUCT_RELATED_PRODUCT_CATEGORY('Lid','Lid',(#8186));
#8183=APPLICATION_PROTOCOL_DEFINITION('international standard',
'automotive_design',2009,#8184);
#8184=APPLICATION_CONTEXT(
'Core Data for Automotive Mechanical Design Process');
#8185=PRODUCT_CONTEXT('part definition',#8184,'mechanical');
#8186=PRODUCT('Lid','Lid',$,(#8185));
#8187=PRESENTATION_STYLE_ASSIGNMENT((#8189));
#8188=PRESENTATION_STYLE_ASSIGNMENT((#8190));
#8189=SURFACE_STYLE_USAGE(.BOTH.,#8191);
#8190=SURFACE_STYLE_USAGE(.BOTH.,#8192);
#8191=SURFACE_SIDE_STYLE('',(#8193));
#8192=SURFACE_SIDE_STYLE('',(#8194));
#8193=SURFACE_STYLE_FILL_AREA(#8195);
#8194=SURFACE_STYLE_FILL_AREA(#8196);
#8195=FILL_AREA_STYLE('Steel - Satin',(#8197));
#8196=FILL_AREA_STYLE(
'PEKK - Polyetherketoneketone Reinforced With Carbon Fibers - HT-23 (w
ith EOS P 810 3D Printer)',(#8198));
#8197=FILL_AREA_STYLE_COLOUR('Steel - Satin',#8199);
#8198=FILL_AREA_STYLE_COLOUR(
'PEKK - Polyetherketoneketone Reinforced With Carbon Fibers - HT-23 (w
ith EOS P 810 3D Printer)',#8200);
#8199=COLOUR_RGB('Steel - Satin',0.627450980392157,0.627450980392157,0.627450980392157);
#8200=COLOUR_RGB(
'PEKK - Polyetherketoneketone Reinforced With Carbon Fibers - HT-23 (w
ith EOS P 810 3D Printer)',0.352941176470588,0.352941176470588,0.352941176470588);
ENDSEC;
END-ISO-10303-21;
